ID,Local_ID,Language_ID,Parameter_ID,Value,Form,Segments,Comment,Source,Cognacy,Loan,Graphemes,Profile
Alotepec-1_one-1,,Alotepec,1_one,tuʔuk,tuʔuk,t u ʔ u k,,Kondic2019,,false,^ t uʔu k $,default
Alotepec-2_two-1,,Alotepec,2_two,mahtsk,mahtsk,m a h ts k,,Kondic2019,,false,^ m a h ts k $,default
Alotepec-3_three-1,,Alotepec,3_three,təgəʔək,təgəʔək,t ə g ə ʔ ə k,,Kondic2019,,false,^ t ə g əʔə k $,default
Alotepec-4_four-1,,Alotepec,4_four,mahtaʔaʃk,mahtaʔaʃk,m a h t a ʔ a ʃ k,,Kondic2019,,false,^ m a h t aʔa ʃ k $,default
Alotepec-5_year-1,,Alotepec,5_year,həməht,həməht,h ə m ə h t,,Kondic2019,,false,^ h ə m ə h t $,default
Alotepec-6_right-1,,Alotepec,6_right,agɒʔɒɲ,agɒʔɒɲ,a g ɒ ʔ ɒ ɲ,,Kondic2019,,false,^ a g ɒ ʔ ɒ ɲ $,default
Alotepec-7_left-1,,Alotepec,7_left,anɒh,anɒh,a n ɒ h,,Kondic2019,,false,^ a n ɒ h $,default
Alotepec-8_i-1,,Alotepec,8_i,əhts,əhts,ə h ts,,Kondic2019,,false,^ ə h ts $,default
Alotepec-10_weallincl-1,,Alotepec,10_weallincl,əʔətsəmə,əʔətsəmə,ə ʔ ə ts ə m ə,,Kondic2019,,false,^ əʔə ts ə m ə $,default
Alotepec-11_yousg-1,,Alotepec,11_yousg,mihts,mihts,m i h ts,,Kondic2019,,false,^ m i h ts $,default
Alotepec-12_heshe-1,,Alotepec,12_heshe,jəʔə,jəʔə,j ə ʔ ə,,Kondic2019,,false,^ j əʔə $,default
Alotepec-13_theyall-1,,Alotepec,13_theyall,jəʔəhətʲ,jəʔəhətʲ,j ə ʔ ə h ə tʲ,,Kondic2019,,false,^ j əʔə h ə tʲ $,default
Alotepec-14_nonot-1,,Alotepec,14_nonot,kʲah,kʲah,kʲ a h,,Kondic2019,,false,^ kʲ a h $,default
Alotepec-15_what-1,,Alotepec,15_what,tiʔi,tiʔi,t i ʔ i,,Kondic2019,,false,^ t iʔi $,default
Alotepec-16_who-1,,Alotepec,16_who,pən,pən,p ə n,,Kondic2019,,false,^ p ə n $,default
Alotepec-17_where-1,,Alotepec,17_where,moʔo,moʔo,m o ʔ o,,Kondic2019,,false,^ m oʔo $,default
Alotepec-18_when-1,,Alotepec,18_when,wənaʔa,wənaʔa,w ə n a ʔ a,,Kondic2019,,false,^ w ə n aʔa $,default
Alotepec-19_how-1,,Alotepec,19_how,wiʔiʃ,wiʔiʃ,w i ʔ i ʃ,,Kondic2019,,false,^ w iʔi ʃ $,default
Alotepec-20_this-1,,Alotepec,20_this,ʃiʔiwə,ʃiʔiwə,ʃ i ʔ i w ə,,Kondic2019,,false,^ ʃ iʔi w ə $,default
Alotepec-21_that-1,,Alotepec,21_that,jəʔəʃiʔiwə,jəʔəʃiʔiwə,j ə ʔ ə ʃ i ʔ i w ə,,Kondic2019,,false,^ j əʔə ʃ iʔi w ə $,default
Alotepec-23_above-1,,Alotepec,23_above,nikəhʃp,nikəhʃp,n i k ə h ʃ p,,Kondic2019,,false,^ n i k ə h ʃ p $,default
Alotepec-24_below-1,,Alotepec,24_below,awatkeʔepʲ,awatkeʔepʲ,a w a t k e ʔ e pʲ,,Kondic2019,,false,^ a w a t k eʔe pʲ $,default
Alotepec-25_ininside-1,,Alotepec,25_ininside,hodoʔotʲ,hodoʔotʲ,h o d o ʔ o tʲ,,Kondic2019,,false,^ h o d oʔo tʲ $,default
Alotepec-26_at-1,,Alotepec,26_at,moʔohə,moʔohə,m o ʔ o h ə,,Kondic2019,,false,^ m oʔo h ə $,default
Alotepec-27_head-1,,Alotepec,27_head,kowahk,kowahk,k o w a h k,,Kondic2019,,false,^ k o w a h k $,default
Alotepec-28_hair-1,,Alotepec,28_hair,kowaʔaj,kowaʔaj,k o w a ʔ a j,,Kondic2019,,false,^ k o w aʔa j $,default
Alotepec-29_eye-1,,Alotepec,29_eye,wiʔin,wiʔin,w i ʔ i n,,Kondic2019,,false,^ w iʔi n $,default
Alotepec-30_nose-1,,Alotepec,30_nose,həhp,həhp,h ə h p,,Kondic2019,,false,^ h ə h p $,default
Alotepec-31_ear-1,,Alotepec,31_ear,taʔatsk,taʔatsk,t a ʔ a ts k,,Kondic2019,,false,^ t aʔa ts k $,default
Alotepec-32_mouth-1,,Alotepec,32_mouth,aʔaw,aʔaw,a ʔ a w,,Kondic2019,,false,^ aʔa w $,default
Alotepec-33_tongue-1,,Alotepec,33_tongue,toʔots,toʔots,t o ʔ o ts,,Kondic2019,,false,^ t oʔo ts $,default
Alotepec-34_tooth-1,,Alotepec,34_tooth,təʔəts,təʔəts,t ə ʔ ə ts,,Kondic2019,,false,^ t əʔə ts $,default
Alotepec-35_hand-1,,Alotepec,35_hand,kəʔəh,kəʔəh,k ə ʔ ə h,,Kondic2019,,false,^ k əʔə h $,default
Alotepec-36_shoulder-1,,Alotepec,36_shoulder,kehkʲ,kehkʲ,k e h kʲ,,Kondic2019,,false,^ k e h kʲ $,default
Alotepec-37_neck-1,,Alotepec,37_neck,joʔokn,joʔokn,j o ʔ o k n,,Kondic2019,,false,^ j oʔo k n $,default
Alotepec-38_back-1,,Alotepec,38_back,həʔəʃk,həʔəʃk,h ə ʔ ə ʃ k,,Kondic2019,,false,^ h əʔə ʃ k $,default
Alotepec-39_leg-1,,Alotepec,39_leg,puʔuj,puʔuj,p u ʔ u j,,Kondic2019,,false,^ p uʔu j $,default
Alotepec-40_blood-1,,Alotepec,40_blood,nepʲ,nepʲ,n e pʲ,,Kondic2019,,false,^ n e pʲ $,default
Alotepec-41_bone-1,,Alotepec,41_bone,pəhk,pəhk,p ə h k,,Kondic2019,,false,^ p ə h k $,default
Alotepec-42_skin-1,,Alotepec,42_skin,ak,ak,a k,,Kondic2019,,false,^ a k $,default
Alotepec-43_belly-1,,Alotepec,43_belly,hoʔot,hoʔot,h o ʔ o t,,Kondic2019,,false,^ h oʔo t $,default
Alotepec-44_intestines-1,,Alotepec,44_intestines,tiʔints,tiʔints,t i ʔ i n ts,,Kondic2019,,false,^ t iʔi n ts $,default
Alotepec-45_breast-1,,Alotepec,45_breast,tsitsk,tsitsk,ts i ts k,,Kondic2019,,false,^ ts i ts k $,default
Alotepec-46_liver-1,,Alotepec,46_liver,hoʔot,hoʔot,h o ʔ o t,,Kondic2019,,false,^ h oʔo t $,default
Alotepec-47_dog-1,,Alotepec,47_dog,uk,uk,u k,,Kondic2019,,false,^ u k $,default
Alotepec-48_bird-1,,Alotepec,48_bird,hoʔon,hoʔon,h o ʔ o n,,Kondic2019,,false,^ h oʔo n $,default
Alotepec-49_fish-1,,Alotepec,49_fish,ahkʃ,ahkʃ,a h k ʃ,,Kondic2019,,false,^ a h k ʃ $,default
Alotepec-50_snake-1,,Alotepec,50_snake,tsaʔaɲ,tsaʔaɲ,ts a ʔ a ɲ,,Kondic2019,,false,^ ts aʔa ɲ $,default
Alotepec-51_worm-1,,Alotepec,51_worm,tənək,tənək,t ə n ə k,,Kondic2019,,false,^ t ə n ə k $,default
Alotepec-52_louse-1,,Alotepec,52_louse,at,at,a t,,Kondic2019,,false,^ a t $,default
Alotepec-53_rat-1,,Alotepec,53_rat,aʔakts,aʔakts,a ʔ a k ts,,Kondic2019,,false,^ aʔa k ts $,default
Alotepec-54_spider-1,,Alotepec,54_spider,poʔosp,poʔosp,p o ʔ o s p,,Kondic2019,,false,^ p oʔo s p $,default
Alotepec-55_mosquito-1,,Alotepec,55_mosquito,uʔuʃ,uʔuʃ,u ʔ u ʃ,,Kondic2019,,false,^ uʔu ʃ $,default
Alotepec-56_egg-1,,Alotepec,56_egg,tutuʔutʲ,tutuʔutʲ,t u t u ʔ u tʲ,,Kondic2019,,false,^ t u t uʔu tʲ $,default
Alotepec-57_tail-1,,Alotepec,57_tail,piʔis,piʔis,p i ʔ i s,,Kondic2019,,false,^ p iʔi s $,default
Alotepec-58_wing-1,,Alotepec,58_wing,kʲaʔakn,kʲaʔakn,kʲ a ʔ a k n,<j-kaʔakn 3POSS-wing 'its wing',Kondic2019,,false,^ kʲ aʔa k n $,default
Alotepec-59_feather-1,,Alotepec,59_feather,həʔəmk,həʔəmk,h ə ʔ ə m k,,Kondic2019,,false,^ h əʔə m k $,default
Alotepec-60_person-1,,Alotepec,60_person,hɒʔɒj,hɒʔɒj,h ɒ ʔ ɒ j,,Kondic2019,,false,^ h ɒ ʔ ɒ j $,default
Alotepec-61_man-1,,Alotepec,61_man,jajtʲəhk,jajtʲəhk,j a j tʲ ə h k,,Kondic2019,,false,^ j a j tʲ ə h k $,default
Alotepec-62_woman-1,,Alotepec,62_woman,toʃtʲəhk,toʃtʲəhk,t o ʃ tʲ ə h k,,Kondic2019,,false,^ t o ʃ tʲ ə h k $,default
Alotepec-63_child-1,,Alotepec,63_child,nawpiʔik,nawpiʔik,n a w p i ʔ i k,,Kondic2019,,false,^ n a w p iʔi k $,default
Alotepec-64_name-1,,Alotepec,64_name,ʃəʔəw,ʃəʔəw,ʃ ə ʔ ə w,,Kondic2019,,false,^ ʃ əʔə w $,default
Alotepec-65_mother-1,,Alotepec,65_mother,taʔak,taʔak,t a ʔ a k,,Kondic2019,,false,^ t aʔa k $,default
Alotepec-66_father-1,,Alotepec,66_father,teʔetʲ,teʔetʲ,t e ʔ e tʲ,,Kondic2019,,false,^ t eʔe tʲ $,default
Alotepec-67_husband-1,,Alotepec,67_husband,məʔəmhaʔaj,məʔəmhaʔaj,m ə ʔ ə m h a ʔ a j,,Kondic2019,,false,^ m əʔə m h aʔa j $,default
Alotepec-68_wife-1,,Alotepec,68_wife,koʔodəhk,koʔodəhk,k o ʔ o d ə h k,,Kondic2019,,false,^ k oʔo d ə h k $,default
Alotepec-69_day-1,,Alotepec,69_day,ʃəʔəɲ,ʃəʔəɲ,ʃ ə ʔ ə ɲ,,Kondic2019,,false,^ ʃ əʔə ɲ $,default
Alotepec-70_night-1,,Alotepec,70_night,tsuʔuhəp,tsuʔuhəp,ts u ʔ u h ə p,,Kondic2019,,false,^ ts uʔu h ə p $,default
Alotepec-71_moon-1,,Alotepec,71_moon,poʔo,poʔo,p o ʔ o,,Kondic2019,,false,^ p oʔo $,default
Alotepec-72_star-1,,Alotepec,72_star,maʔatsaʔa,maʔatsaʔa,m a ʔ a ts a ʔ a,,Kondic2019,,false,^ m aʔa ts aʔa $,default
Alotepec-73_sky-1,,Alotepec,73_sky,tsahp,tsahp,ts a h p,,Kondic2019,,false,^ ts a h p $,default
Alotepec-74_water-1,,Alotepec,74_water,nəʔə,nəʔə,n ə ʔ ə,,Kondic2019,,false,^ n əʔə $,default
Alotepec-75_lake-1,,Alotepec,75_lake,nəʔəʔagəjə,nəʔəʔagəjə,n ə ʔ ə ʔ a g ə j ə,,Kondic2019,,false,^ n əʔə ʔ a g ə j ə $,default
Alotepec-76_sea-1,,Alotepec,76_sea,meh,meh,m e h,,Kondic2019,,false,^ m e h $,default
Alotepec-77_fire-1,,Alotepec,77_fire,həʔən,həʔən,h ə ʔ ə n,,Kondic2019,,false,^ h əʔə n $,default
Alotepec-78_smoke-1,,Alotepec,78_smoke,həʔənhok,həʔənhok,h ə ʔ ə n h o k,,Kondic2019,,false,^ h əʔə n h o k $,default
Alotepec-79_ash-1,,Alotepec,79_ash,kuhʲaʔam,kuhʲaʔam,k u hʲ a ʔ a m,,Kondic2019,,false,^ k u hʲ aʔa m $,default
Alotepec-80_stone-1,,Alotepec,80_stone,tsaʔa,tsaʔa,ts a ʔ a,,Kondic2019,,false,^ ts aʔa $,default
Alotepec-81_earthsoil-1,,Alotepec,81_earthsoil,naʔaʃ,naʔaʃ,n a ʔ a ʃ,,Kondic2019,,false,^ n aʔa ʃ $,default
Alotepec-82_dust-1,,Alotepec,82_dust,puʔʃ,puʔʃ,p u ʔ ʃ,,Kondic2019,,false,^ p u ʔ ʃ $,default
Alotepec-83_sand-1,,Alotepec,83_sand,puʔuh,puʔuh,p u ʔ u h,,Kondic2019,,false,^ p uʔu h $,default
Alotepec-84_rain-1,,Alotepec,84_rain,tuʔu,tuʔu,t u ʔ u,,Kondic2019,,false,^ t uʔu $,default
Alotepec-85_cloud-1,,Alotepec,85_cloud,joʔots,joʔots,j o ʔ o ts,,Kondic2019,,false,^ j oʔo ts $,default
Alotepec-87_fog-1,,Alotepec,87_fog,joʔots,joʔots,j o ʔ o ts,,Kondic2019,,false,^ j oʔo ts $,default
Alotepec-88_thunder-1,,Alotepec,88_thunder,anaw,anaw,a n a w,,Kondic2019,,false,^ a n a w $,default
Alotepec-89_lightning-1,,Alotepec,89_lightning,wətsuk,wətsuk,w ə ts u k,,Kondic2019,,false,^ w ə ts u k $,default
Alotepec-90_meatflesh-1,,Alotepec,90_meatflesh,tsuʔuts,tsuʔuts,ts u ʔ u ts,,Kondic2019,,false,^ ts uʔu ts $,default
Alotepec-91_salt-1,,Alotepec,91_salt,kaʔan,kaʔan,k a ʔ a n,,Kondic2019,,false,^ k aʔa n $,default
Alotepec-92_fatgrease-1,,Alotepec,92_fatgrease,on,on,o n,,Kondic2019,,false,^ o n $,default
Alotepec-93_fruit-1,,Alotepec,93_fruit,uhtsʔaʔam,uhtsʔaʔam,u h ts ʔ a ʔ a m,,Kondic2019,,false,^ u h ts ʔ aʔa m $,default
Alotepec-95_root-1,,Alotepec,95_root,jaʔoʔots,jaʔoʔots,j a ʔ o ʔ o ts,,Kondic2019,,false,^ j a ʔ oʔo ts $,default
Alotepec-96_branch-1,,Alotepec,96_branch,sengʲaʔaj,sengʲaʔaj,s e n gʲ a ʔ a j,,Kondic2019,,false,^ s e n gʲ aʔa j $,default
Alotepec-97_leaf-1,,Alotepec,97_leaf,ujtsʔaʔaj,ujtsʔaʔaj,u j ts ʔ a ʔ a j,,Kondic2019,,false,^ u j ts ʔ aʔa j $,default
Alotepec-98_wood-1,,Alotepec,98_wood,kepʲ,kepʲ,k e pʲ,,Kondic2019,,false,^ k e pʲ $,default
Alotepec-99_grass-1,,Alotepec,99_grass,uhts,uhts,u h ts,,Kondic2019,,false,^ u h ts $,default
Alotepec-100_flower-1,,Alotepec,100_flower,pəhʲ,pəhʲ,p ə hʲ,,Kondic2019,,false,^ p ə hʲ $,default
Alotepec-101_thatchroof-1,,Alotepec,101_thatchroof,məʔəj,məʔəj,m ə ʔ ə j,,Kondic2019,,false,^ m əʔə j $,default
Alotepec-102_house-1,,Alotepec,102_house,təhk,təhk,t ə h k,,Kondic2019,,false,^ t ə h k $,default
Alotepec-103_rope-1,,Alotepec,103_rope,tehps,tehps,t e h p s,,Kondic2019,,false,^ t e h p s $,default
Alotepec-104_needle-1,,Alotepec,104_needle,ʃuʔuɲ,ʃuʔuɲ,ʃ u ʔ u ɲ,,Kondic2019,,false,^ ʃ uʔu ɲ $,default
Alotepec-105_roadpath-1,,Alotepec,105_roadpath,tuʔuh,tuʔuh,t u ʔ u h,,Kondic2019,,false,^ t uʔu h $,default
Alotepec-106_black-1,,Alotepec,106_black,jək,jək,j ə k,,Kondic2019,,false,^ j ə k $,default
Alotepec-107_white-1,,Alotepec,107_white,poʔop,poʔop,p o ʔ o p,,Kondic2019,,false,^ p oʔo p $,default
Alotepec-108_red-1,,Alotepec,108_red,tsapts,tsapts,ts a p ts,,Kondic2019,,false,^ ts a p ts $,default
Alotepec-109_green-1,,Alotepec,109_green,tsuʃk,tsuʃk,ts u ʃ k,,Kondic2019,,false,^ ts u ʃ k $,default
Alotepec-110_yellow-1,,Alotepec,110_yellow,puʔuts,puʔuts,p u ʔ u ts,,Kondic2019,,false,^ p uʔu ts $,default
Alotepec-111_big-1,,Alotepec,111_big,məh,məh,m ə h,,Kondic2019,,false,^ m ə h $,default
Alotepec-112_small-1,,Alotepec,112_small,muʔutsk,muʔutsk,m u ʔ u ts k,,Kondic2019,,false,^ m uʔu ts k $,default
Alotepec-113_long-1,,Alotepec,113_long,jeɲ,jeɲ,j e ɲ,,Kondic2019,,false,^ j e ɲ $,default
Alotepec-114_short-1,,Alotepec,114_short,kon,kon,k o n,,Kondic2019,,false,^ k o n $,default
Alotepec-115_thick-1,,Alotepec,115_thick,mahps,mahps,m a h p s,,Kondic2019,,false,^ m a h p s $,default
Alotepec-116_thin-1,,Alotepec,116_thin,peh,peh,p e h,,Kondic2019,,false,^ p e h $,default
Alotepec-117_narrow-1,,Alotepec,117_narrow,muʔutsk,muʔutsk,m u ʔ u ts k,,Kondic2019,,false,^ m uʔu ts k $,default
Alotepec-118_wide-1,,Alotepec,118_wide,məhwiʔin,məhwiʔin,m ə h w i ʔ i n,,Kondic2019,,false,^ m ə h w iʔi n $,default
Alotepec-119_sharp-1,,Alotepec,119_sharp,həhpʃuʔuɲ,həhpʃuʔuɲ,h ə h p ʃ u ʔ u ɲ,,Kondic2019,,false,^ h ə h p ʃ uʔu ɲ $,default
Alotepec-120_bluntdull-1,,Alotepec,120_bluntdull,həhptuk,həhptuk,h ə h p t u k,,Kondic2019,,false,^ h ə h p t u k $,default
Alotepec-121_shyashamed-1,,Alotepec,121_shyashamed,tsotʲuʔump,tsotʲuʔump,ts o tʲ u ʔ u m p,,Kondic2019,,false,^ ts o tʲ uʔu m p $,default
Alotepec-122_old-1,,Alotepec,122_old,məhɒʔɒjɲ,məhɒʔɒjɲ,m ə h ɒ ʔ ɒ j ɲ,,Kondic2019,,false,^ m ə h ɒ ʔ ɒ j ɲ $,default
Alotepec-123_painfulsick-1,,Alotepec,123_painfulsick,pəhkp,pəhkp,p ə h k p,,Kondic2019,,false,^ p ə h k p $,default
Alotepec-124_good-1,,Alotepec,124_good,ojh,ojh,o j h,,Kondic2019,,false,^ o j h $,default
Alotepec-125_bad-1,,Alotepec,125_bad,kʲahjoʔjə,kʲahjoʔjə,kʲ a h j o ʔ j ə,,Kondic2019,,false,^ kʲ a h j o ʔ j ə $,default
Alotepec-126_correcttrue-1,,Alotepec,126_correcttrue,ojəʔə,ojəʔə,o j ə ʔ ə,,Kondic2019,,false,^ o j əʔə $,default
Alotepec-127_dirty-1,,Alotepec,127_dirty,aʃəʔək,aʃəʔək,a ʃ ə ʔ ə k,,Kondic2019,,false,^ a ʃ əʔə k $,default
Alotepec-128_rotten-1,,Alotepec,128_rotten,puʔuts,puʔuts,p u ʔ u ts,,Kondic2019,,false,^ p uʔu ts $,default
Alotepec-129_all-1,,Alotepec,129_all,niʔihtʲ,niʔihtʲ,n i ʔ i h tʲ,,Kondic2019,,false,^ n iʔi h tʲ $,default
Alotepec-130_heavy-1,,Alotepec,130_heavy,heʔents,heʔents,h e ʔ e n ts,,Kondic2019,,false,^ h eʔe n ts $,default
Alotepec-131_far-1,,Alotepec,131_far,həgam,həgam,h ə g a m,,Kondic2019,,false,^ h ə g a m $,default
Alotepec-132_near-1,,Alotepec,132_near,wingon,wingon,w i n g o n,,Kondic2019,,false,^ w i n g o n $,default
Alotepec-133_warm-1,,Alotepec,133_warm,an,an,a n,,Kondic2019,,false,^ a n $,default
Alotepec-134_cold-1,,Alotepec,134_cold,pakʲ,pakʲ,p a kʲ,,Kondic2019,,false,^ p a kʲ $,default
Alotepec-135_dry-1,,Alotepec,135_dry,təʔəts,təʔəts,t ə ʔ ə ts,,Kondic2019,,false,^ t əʔə ts $,default
Alotepec-136_wet-1,,Alotepec,136_wet,ʃoʔok,ʃoʔok,ʃ o ʔ o k,,Kondic2019,,false,^ ʃ oʔo k $,default
Alotepec-137_new-1,,Alotepec,137_new,hembʲ,hembʲ,h e m bʲ,,Kondic2019,,false,^ h e m bʲ $,default
Alotepec-138_other-1,,Alotepec,138_other,wiʔingpə,wiʔingpə,w i ʔ i n g p ə,,Kondic2019,,false,^ w iʔi n g p ə $,default
Alotepec-139_come-1,,Alotepec,139_come,hat,hat,h a t,<hat IMP 'come!',Kondic2019,,false,^ h a t $,default
Alotepec-140_walk-1,,Alotepec,140_walk,jeʔepʲ,jeʔepʲ,j e ʔ e pʲ,<jeʔep-j walk-GR 'walks',Kondic2019,,false,^ j eʔe pʲ $,default
Alotepec-141_grow-1,,Alotepec,141_grow,jeʔekʲ,jeʔekʲ,j e ʔ e kʲ,<tə-jeʔek-j already-grow-GR '(s/he) already grew up',Kondic2019,,false,^ j eʔe kʲ $,default
Alotepec-142_stand-1,,Alotepec,142_stand,tanə,tanə,t a n ə,<tan-ə stand-IMP?  'stand!',Kondic2019,,false,^ t a n ə $,default
Alotepec-143_sit-1,,Alotepec,143_sit,uʔuɲ,uʔuɲ,u ʔ u ɲ,<uʔuɲ IMP 'sit!',Kondic2019,,false,^ uʔu ɲ $,default
Alotepec-144_fall-1,,Alotepec,144_fall,kədaw,kədaw,k ə d a w,<kət-aw fall-PAST '(s/he) fell',Kondic2019,,false,^ k ə d a w $,default
Alotepec-145_liedown-1,,Alotepec,145_liedown,koʔoknə,koʔoknə,k o ʔ o k n ə,<koʔokn-ə lie.down-IMP? 'lie down!',Kondic2019,,false,^ k oʔo k n ə $,default
Alotepec-146_turn-1,,Alotepec,146_turn,ihʃəmbit,ihʃəmbit,i h ʃ ə m b i t,<?,Kondic2019,,false,^ i h ʃ ə m b i t $,default
Alotepec-147_climb-1,,Alotepec,147_climb,pat,pat,p a t,<pat IMP 'climb!',Kondic2019,,false,^ p a t $,default
Alotepec-148_swim-1,,Alotepec,148_swim,juɲ,juɲ,j u ɲ,<juɲ IMP 'swim!',Kondic2019,,false,^ j u ɲ $,default
Alotepec-149_flyverb-1,,Alotepec,149_flyverb,kadəʔək,kadəʔək,k a d ə ʔ ə k,<?,Kondic2019,,false,^ k a d əʔə k $,default
Alotepec-150_throw-1,,Alotepec,150_throw,əʃkup,əʃkup,ə ʃ k u p,<əʃkup IMP 'throw (it)!',Kondic2019,,false,^ ə ʃ k u p $,default
Alotepec-151_hide-1,,Alotepec,151_hide,najuʔutsijə,najuʔutsijə,n a j u ʔ u ts i j ə,<na-juʔutsi-jə ?-hide-IMP? 'hide (yourself)!',Kondic2019,,false,^ n a j uʔu ts i j ə $,default
Alotepec-152_chew-1,,Alotepec,152_chew,puʔuj,puʔuj,p u ʔ u j,<puʔuj IMP 'chew!',Kondic2019,,false,^ p uʔu j $,default
Alotepec-153_eat-1,,Alotepec,153_eat,kaj,kaj,k a j,<kaj IMP 'eat!',Kondic2019,,false,^ k a j $,default
Alotepec-154_drink-1,,Alotepec,154_drink,uʔuk,uʔuk,u ʔ u k,<uʔuk IMP 'drink!',Kondic2019,,false,^ uʔu k $,default
Alotepec-155_bite-1,,Alotepec,155_bite,tsuʔuts,tsuʔuts,ts u ʔ u ts,<tsuʔuts IMP 'bite!',Kondic2019,,false,^ ts uʔu ts $,default
Alotepec-156_suck-1,,Alotepec,156_suck,jahktsiʔits,jahktsiʔits,j a h k ts i ʔ i ts,<jahk-tsiʔits CAUS-suck  IMP 'make suck!',Kondic2019,,false,^ j a h k ts iʔi ts $,default
Alotepec-158_spit-1,,Alotepec,158_spit,nahtsuhə,nahtsuhə,n a h ts u h ə,<nah-tsuh-ə ?-spit-IMP 'spit!',Kondic2019,,false,^ n a h ts u h ə $,default
Alotepec-159_dream-1,,Alotepec,159_dream,komaʔuhk,komaʔuhk,k o m a ʔ u h k,<ko-maʔaw-uhk ?-sleep-?  'dream!',Kondic2019,,false,^ k o m a ʔ u h k $,default
Alotepec-160_sleep-1,,Alotepec,160_sleep,mɒʔɒj,mɒʔɒj,m ɒ ʔ ɒ j,<mɒʔɒj IMP 'sleep!',Kondic2019,,false,^ m ɒ ʔ ɒ j $,default
Alotepec-161_live-1,,Alotepec,161_live,higʲahtpən,higʲahtpən,h i gʲ a h t p ə n,<hig-jaht-pən ?-live-?,Kondic2019,,false,^ h i gʲ a h t p ə n $,default
Alotepec-162_die-1,,Alotepec,162_die,tijoʔknə,tijoʔknə,t i j o ʔ k n ə,<ti-j-oʔk-nə already-3SG-die-?  'he already died',Kondic2019,,false,^ t i j o ʔ k n ə $,default
Alotepec-163_kill-1,,Alotepec,163_kill,jahkʔæʔæk,jahkʔæʔæk,j a h k ʔ æ ʔ æ k,<jahk-ʔæʔæk CAUS-die IMP 'kill!',Kondic2019,,false,^ j a h k ʔ æ ʔ æ k $,default
Alotepec-164_see-1,,Alotepec,164_see,iʃ,iʃ,i ʃ,<iʃ IMP 'see!',Kondic2019,,false,^ i ʃ $,default
Alotepec-165_hear-1,,Alotepec,165_hear,mədow,mədow,m ə d o w,<mədow IMP 'hear!',Kondic2019,,false,^ m ə d o w $,default
Alotepec-166_sniffsmell-1,,Alotepec,166_sniffsmell,tsukəp,tsukəp,ts u k ə p,<tsuk-əp smell-GR 'smells',Kondic2019,,false,^ ts u k ə p $,default
Alotepec-168_think-1,,Alotepec,168_think,winmaj,winmaj,w i n m a j,<winmaj IMP 'think!',Kondic2019,,false,^ w i n m a j $,default
Alotepec-169_laugh-1,,Alotepec,169_laugh,ʃiʔikp,ʃiʔikp,ʃ i ʔ i k p,<ʃiʔik-p laugh-GR 'laughs',Kondic2019,,false,^ ʃ iʔi k p $,default
Alotepec-170_cry-1,,Alotepec,170_cry,jaʔaʃp,jaʔaʃp,j a ʔ a ʃ p,<jaʔaʃ-p cry-GR 'cries',Kondic2019,,false,^ j aʔa ʃ p $,default
Alotepec-171_blow-1,,Alotepec,171_blow,poh,poh,p o h,,Kondic2019,,false,^ p o h $,default
Alotepec-172_burn-1,,Alotepec,172_burn,jahtoj,jahtoj,j a h t o j,<jah-toj CAUS-burn 'burn (it)!',Kondic2019,,false,^ j a h t o j $,default
Alotepec-173_flow-1,,Alotepec,173_flow,jeepʲ,jeepʲ,j e e pʲ,<jeep-j run-GR 'flows',Kondic2019,,false,^ j e e pʲ $,default
Alotepec-175_pound-1,,Alotepec,175_pound,maʔaw,maʔaw,m a ʔ a w,<maʔaw IMP 'pound!',Kondic2019,,false,^ m aʔa w $,default
Alotepec-176_hit-1,,Alotepec,176_hit,wop,wop,w o p,<wop IMP 'hit!',Kondic2019,,false,^ w o p $,default
Alotepec-177_cut-1,,Alotepec,177_cut,puhʃ,puhʃ,p u h ʃ,<puhʃ  IMP 'cut!',Kondic2019,,false,^ p u h ʃ $,default
Alotepec-178_split-1,,Alotepec,178_split,pəhwakʃ,pəhwakʃ,p ə h w a k ʃ,<pəhwakʃ IMP 'split!',Kondic2019,,false,^ p ə h w a k ʃ $,default
Alotepec-179_dig-1,,Alotepec,179_dig,tah,tah,t a h,<tah IMP 'dig!',Kondic2019,,false,^ t a h $,default
Alotepec-180_hunt-1,,Alotepec,180_hunt,tum,tum,t u m,<tum IMP 'hunt!',Kondic2019,,false,^ t u m $,default
Alotepec-181_hold-1,,Alotepec,181_hold,midahtʲ,midahtʲ,m i d a h tʲ,<midah-tʲ have-GR '(s/he) has it',Kondic2019,,false,^ m i d a h tʲ $,default
Alotepec-182_fear-1,,Alotepec,182_fear,tsəʔəkəw,tsəʔəkəw,ts ə ʔ ə k ə w,,Kondic2019,,false,^ ts əʔə k ə w $,default
Alotepec-183_count-1,,Alotepec,183_count,majdzow,majdzow,m a j dz o w,<majtsow IMP 'count!',Kondic2019,,false,^ m a j dz o w $,default
Alotepec-184_breathe-1,,Alotepec,184_breathe,ʃahəp,ʃahəp,ʃ a h ə p,<ʃah-əp breathe-GR 'breathes',Kondic2019,,false,^ ʃ a h ə p $,default
Alotepec-185_vomit-1,,Alotepec,185_vomit,əʔətsp,əʔətsp,ə ʔ ə ts p,<əʔəts-p vomit-GR 'vomits',Kondic2019,,false,^ əʔə ts p $,default
Alotepec-186_tieup-1,,Alotepec,186_tieup,ʃots,ʃots,ʃ o ts,,Kondic2019,,false,^ ʃ o ts $,default
Alotepec-187_squeeze-1,,Alotepec,187_squeeze,paʔanmuk,paʔanmuk,p a ʔ a n m u k,<paʔanmuk IMP 'squeeze (it)!',Kondic2019,,false,^ p aʔa n m u k $,default
Alotepec-188_swell-1,,Alotepec,188_swell,tʲuktik,tʲuktik,tʲ u k t i k,<?,Kondic2019,,false,^ tʲ u k t i k $,default
Alotepec-189_say-1,,Alotepec,189_say,duʔunwjaʔaɲ,duʔunwjaʔaɲ,d u ʔ u n w j a ʔ a ɲ,<duʔun-j-waʔan-j so-3SG-say-GR  'he says so',Kondic2019,,false,^ d uʔu n w j aʔa ɲ $,default
Alotepec-190_scratch-1,,Alotepec,190_scratch,akʃp,akʃp,a k ʃ p,<akʃ-p scratch-GR 'scratches',Kondic2019,,false,^ a k ʃ p $,default
Alotepec-191_stab-1,,Alotepec,191_stab,kum,kum,k u m,<kum IMP 'stab!',Kondic2019,,false,^ k u m $,default
Alotepec-192_buy-1,,Alotepec,192_buy,huj,huj,h u j,<huj IMP 'buy!',Kondic2019,,false,^ h u j $,default
Alotepec-193_steal-1,,Alotepec,193_steal,maʔats,maʔats,m a ʔ a ts,<maʔats IMP 'steel!',Kondic2019,,false,^ m aʔa ts $,default
Alotepec-195_plant-1,,Alotepec,195_plant,niʔip,niʔip,n i ʔ i p,<niʔip IMP 'planta!',Kondic2019,,false,^ n iʔi p $,default
Alotepec-196_cook-1,,Alotepec,196_cook,tokʃpəʔəmbəh,tokʃpəʔəmbəh,t o k ʃ p ə ʔ ə m b ə h,<tokʃ-pəmp-əh  food-put.on.fire-IMP  'put the food on fire!',Kondic2019,,false,^ t o k ʃ p əʔə m b ə h $,default
Alotepec-197_shoot-1,,Alotepec,197_shoot,tuhp,tuhp,t u h p,<tuh-p shoot-GR 'shoots',Kondic2019,,false,^ t u h p $,default
Alotepec-198_work-1,,Alotepec,198_work,tuʔuŋ,tuʔuŋ,t u ʔ u ŋ,<tuʔuŋ IMP 'work!',Kondic2019,,false,^ t uʔu ŋ $,default
Alotepec-199_open-1,,Alotepec,199_open,jahkʔawɒʔɒts,jahkʔawɒʔɒts,j a h k ʔ a w ɒ ʔ ɒ ts,<jahk-ʔawɒʔɒts CAUS-open 'open (it)!',Kondic2019,,false,^ j a h k ʔ a w ɒ ʔ ɒ ts $,default
Ayutla-1_one-1,,Ayutla,1_one,►,►,,,Kondic2019,,false,,
Ayutla-2_two-1,,Ayutla,2_two,►,►,,,Kondic2019,,false,,
Ayutla-3_three-1,,Ayutla,3_three,►,►,,,Kondic2019,,false,,
Ayutla-4_four-1,,Ayutla,4_four,►,►,,,Kondic2019,,false,,
Ayutla-5_year-1,,Ayutla,5_year,►,►,,,Kondic2019,,false,,
Ayutla-8_i-1,,Ayutla,8_i,►,►,,,Kondic2019,,false,,
Ayutla-10_weallincl-1,,Ayutla,10_weallincl,►,►,,,Kondic2019,,false,,
Ayutla-11_yousg-1,,Ayutla,11_yousg,►,►,,,Kondic2019,,false,,
Ayutla-12_heshe-1,,Ayutla,12_heshe,►,►,,,Kondic2019,,false,,
Ayutla-13_theyall-1,,Ayutla,13_theyall,►,►,,,Kondic2019,,false,,
Ayutla-14_nonot-1,,Ayutla,14_nonot,►,►,,,Kondic2019,,false,,
Ayutla-15_what-1,,Ayutla,15_what,►,►,,,Kondic2019,,false,,
Ayutla-16_who-1,,Ayutla,16_who,►,►,,,Kondic2019,,false,,
Ayutla-17_where-1,,Ayutla,17_where,►,►,,,Kondic2019,,false,,
Ayutla-18_when-1,,Ayutla,18_when,►,►,,,Kondic2019,,false,,
Ayutla-19_how-1,,Ayutla,19_how,►,►,,,Kondic2019,,false,,
Ayutla-20_this-1,,Ayutla,20_this,►,►,,,Kondic2019,,false,,
Ayutla-21_that-1,,Ayutla,21_that,►,►,,,Kondic2019,,false,,
Ayutla-24_below-1,,Ayutla,24_below,►,►,,,Kondic2019,,false,,
Ayutla-27_head-1,,Ayutla,27_head,►,►,,,Kondic2019,,false,,
Ayutla-28_hair-1,,Ayutla,28_hair,►,►,,,Kondic2019,,false,,
Ayutla-29_eye-1,,Ayutla,29_eye,►,►,,,Kondic2019,,false,,
Ayutla-30_nose-1,,Ayutla,30_nose,►,►,,,Kondic2019,,false,,
Ayutla-31_ear-1,,Ayutla,31_ear,►,►,,,Kondic2019,,false,,
Ayutla-32_mouth-1,,Ayutla,32_mouth,►,►,,,Kondic2019,,false,,
Ayutla-33_tongue-1,,Ayutla,33_tongue,►,►,,,Kondic2019,,false,,
Ayutla-34_tooth-1,,Ayutla,34_tooth,►,►,,,Kondic2019,,false,,
Ayutla-35_hand-1,,Ayutla,35_hand,►,►,,,Kondic2019,,false,,
Ayutla-37_neck-1,,Ayutla,37_neck,►,►,,,Kondic2019,,false,,
Ayutla-40_blood-1,,Ayutla,40_blood,►,►,,,Kondic2019,,false,,
Ayutla-41_bone-1,,Ayutla,41_bone,►,►,,,Kondic2019,,false,,
Ayutla-43_belly-1,,Ayutla,43_belly,►,►,,,Kondic2019,,false,,
Ayutla-45_breast-1,,Ayutla,45_breast,►,►,,,Kondic2019,,false,,
Ayutla-47_dog-1,,Ayutla,47_dog,►,►,,,Kondic2019,,false,,
Ayutla-48_bird-1,,Ayutla,48_bird,►,►,,,Kondic2019,,false,,
Ayutla-49_fish-1,,Ayutla,49_fish,►,►,,,Kondic2019,,false,,
Ayutla-50_snake-1,,Ayutla,50_snake,►,►,,,Kondic2019,,false,,
Ayutla-53_rat-1,,Ayutla,53_rat,►,►,,,Kondic2019,,false,,
Ayutla-56_egg-1,,Ayutla,56_egg,►,►,,,Kondic2019,,false,,
Ayutla-57_tail-1,,Ayutla,57_tail,►,►,,,Kondic2019,,false,,
Ayutla-60_person-1,,Ayutla,60_person,►,►,,,Kondic2019,,false,,
Ayutla-61_man-1,,Ayutla,61_man,►,►,,,Kondic2019,,false,,
Ayutla-62_woman-1,,Ayutla,62_woman,►,►,,,Kondic2019,,false,,
Ayutla-63_child-1,,Ayutla,63_child,►,►,,,Kondic2019,,false,,
Ayutla-64_name-1,,Ayutla,64_name,►,►,,,Kondic2019,,false,,
Ayutla-65_mother-1,,Ayutla,65_mother,►,►,,,Kondic2019,,false,,
Ayutla-66_father-1,,Ayutla,66_father,►,►,,,Kondic2019,,false,,
Ayutla-67_husband-1,,Ayutla,67_husband,►,►,,,Kondic2019,,false,,
Ayutla-68_wife-1,,Ayutla,68_wife,►,►,,,Kondic2019,,false,,
Ayutla-69_day-1,,Ayutla,69_day,►,►,,,Kondic2019,,false,,
Ayutla-70_night-1,,Ayutla,70_night,►,►,,,Kondic2019,,false,,
Ayutla-71_moon-1,,Ayutla,71_moon,►,►,,,Kondic2019,,false,,
Ayutla-72_star-1,,Ayutla,72_star,►,►,,,Kondic2019,,false,,
Ayutla-74_water-1,,Ayutla,74_water,►,►,,,Kondic2019,,false,,
Ayutla-77_fire-1,,Ayutla,77_fire,►,►,,,Kondic2019,,false,,
Ayutla-78_smoke-1,,Ayutla,78_smoke,►,►,,,Kondic2019,,false,,
Ayutla-80_stone-1,,Ayutla,80_stone,►,►,,,Kondic2019,,false,,
Ayutla-81_earthsoil-1,,Ayutla,81_earthsoil,►,►,,,Kondic2019,,false,,
Ayutla-83_sand-1,,Ayutla,83_sand,►,►,,,Kondic2019,,false,,
Ayutla-84_rain-1,,Ayutla,84_rain,►,►,,,Kondic2019,,false,,
Ayutla-86_wind-1,,Ayutla,86_wind,►,►,,,Kondic2019,,false,,
Ayutla-88_thunder-1,,Ayutla,88_thunder,►,►,,,Kondic2019,,false,,
Ayutla-89_lightning-1,,Ayutla,89_lightning,►,►,,,Kondic2019,,false,,
Ayutla-90_meatflesh-1,,Ayutla,90_meatflesh,►,►,,,Kondic2019,,false,,
Ayutla-91_salt-1,,Ayutla,91_salt,►,►,,,Kondic2019,,false,,
Ayutla-92_fatgrease-1,,Ayutla,92_fatgrease,►,►,,,Kondic2019,,false,,
Ayutla-93_fruit-1,,Ayutla,93_fruit,►,►,,,Kondic2019,,false,,
Ayutla-94_woodsforest-1,,Ayutla,94_woodsforest,►,►,,,Kondic2019,,false,,
Ayutla-98_wood-1,,Ayutla,98_wood,►,►,,,Kondic2019,,false,,
Ayutla-99_grass-1,,Ayutla,99_grass,►,►,,,Kondic2019,,false,,
Ayutla-100_flower-1,,Ayutla,100_flower,►,►,,,Kondic2019,,false,,
Ayutla-102_house-1,,Ayutla,102_house,►,►,,,Kondic2019,,false,,
Ayutla-103_rope-1,,Ayutla,103_rope,►,►,,,Kondic2019,,false,,
Ayutla-104_needle-1,,Ayutla,104_needle,►,►,,,Kondic2019,,false,,
Ayutla-105_roadpath-1,,Ayutla,105_roadpath,►,►,,,Kondic2019,,false,,
Ayutla-106_black-1,,Ayutla,106_black,►,►,,,Kondic2019,,false,,
Ayutla-107_white-1,,Ayutla,107_white,►,►,,,Kondic2019,,false,,
Ayutla-109_green-1,,Ayutla,109_green,►,►,,,Kondic2019,,false,,
Ayutla-111_big-1,,Ayutla,111_big,►,►,,,Kondic2019,,false,,
Ayutla-112_small-1,,Ayutla,112_small,►,►,,,Kondic2019,,false,,
Ayutla-114_short-1,,Ayutla,114_short,►,►,,,Kondic2019,,false,,
Ayutla-115_thick-1,,Ayutla,115_thick,►,►,,,Kondic2019,,false,,
Ayutla-116_thin-1,,Ayutla,116_thin,►,►,,,Kondic2019,,false,,
Ayutla-117_narrow-1,,Ayutla,117_narrow,►,►,,,Kondic2019,,false,,
Ayutla-121_shyashamed-1,,Ayutla,121_shyashamed,►,►,,,Kondic2019,,false,,
Ayutla-122_old-1,,Ayutla,122_old,►,►,,,Kondic2019,,false,,
Ayutla-123_painfulsick-1,,Ayutla,123_painfulsick,►,►,,,Kondic2019,,false,,
Ayutla-124_good-1,,Ayutla,124_good,►,►,,,Kondic2019,,false,,
Ayutla-125_bad-1,,Ayutla,125_bad,►,►,,,Kondic2019,,false,,
Ayutla-126_correcttrue-1,,Ayutla,126_correcttrue,►,►,,,Kondic2019,,false,,
Ayutla-127_dirty-1,,Ayutla,127_dirty,►,►,,,Kondic2019,,false,,
Ayutla-129_all-1,,Ayutla,129_all,►,►,,,Kondic2019,,false,,
Ayutla-130_heavy-1,,Ayutla,130_heavy,►,►,,,Kondic2019,,false,,
Ayutla-131_far-1,,Ayutla,131_far,►,►,,,Kondic2019,,false,,
Ayutla-132_near-1,,Ayutla,132_near,►,►,,,Kondic2019,,false,,
Ayutla-133_warm-1,,Ayutla,133_warm,►,►,,,Kondic2019,,false,,
Ayutla-134_cold-1,,Ayutla,134_cold,►,►,,,Kondic2019,,false,,
Ayutla-135_dry-1,,Ayutla,135_dry,►,►,,,Kondic2019,,false,,
Ayutla-136_wet-1,,Ayutla,136_wet,►,►,,,Kondic2019,,false,,
Ayutla-137_new-1,,Ayutla,137_new,►,►,,,Kondic2019,,false,,
Ayutla-138_other-1,,Ayutla,138_other,►,►,,,Kondic2019,,false,,
Ayutla-139_come-1,,Ayutla,139_come,►,►,,,Kondic2019,,false,,
Ayutla-140_walk-1,,Ayutla,140_walk,►,►,,,Kondic2019,,false,,
Ayutla-142_stand-1,,Ayutla,142_stand,►,►,,,Kondic2019,,false,,
Ayutla-143_sit-1,,Ayutla,143_sit,►,►,,,Kondic2019,,false,,
Ayutla-144_fall-1,,Ayutla,144_fall,►,►,,,Kondic2019,,false,,
Ayutla-145_liedown-1,,Ayutla,145_liedown,►,►,,,Kondic2019,,false,,
Ayutla-146_turn-1,,Ayutla,146_turn,►,►,,,Kondic2019,,false,,
Ayutla-147_climb-1,,Ayutla,147_climb,►,►,,,Kondic2019,,false,,
Ayutla-148_swim-1,,Ayutla,148_swim,►,►,,,Kondic2019,,false,,
Ayutla-149_flyverb-1,,Ayutla,149_flyverb,►,►,,,Kondic2019,,false,,
Ayutla-150_throw-1,,Ayutla,150_throw,►,►,,,Kondic2019,,false,,
Ayutla-151_hide-1,,Ayutla,151_hide,►,►,,,Kondic2019,,false,,
Ayutla-153_eat-1,,Ayutla,153_eat,►,►,,,Kondic2019,,false,,
Ayutla-154_drink-1,,Ayutla,154_drink,►,►,,,Kondic2019,,false,,
Ayutla-156_suck-1,,Ayutla,156_suck,►,►,,,Kondic2019,,false,,
Ayutla-158_spit-1,,Ayutla,158_spit,►,►,,,Kondic2019,,false,,
Ayutla-159_dream-1,,Ayutla,159_dream,►,►,,,Kondic2019,,false,,
Ayutla-160_sleep-1,,Ayutla,160_sleep,►,►,,,Kondic2019,,false,,
Ayutla-161_live-1,,Ayutla,161_live,►,►,,,Kondic2019,,false,,
Ayutla-162_die-1,,Ayutla,162_die,►,►,,,Kondic2019,,false,,
Ayutla-163_kill-1,,Ayutla,163_kill,►,►,,,Kondic2019,,false,,
Ayutla-164_see-1,,Ayutla,164_see,►,►,,,Kondic2019,,false,,
Ayutla-165_hear-1,,Ayutla,165_hear,►,►,,,Kondic2019,,false,,
Ayutla-166_sniffsmell-1,,Ayutla,166_sniffsmell,►,►,,,Kondic2019,,false,,
Ayutla-167_know-1,,Ayutla,167_know,►,►,,,Kondic2019,,false,,
Ayutla-168_think-1,,Ayutla,168_think,►,►,,,Kondic2019,,false,,
Ayutla-169_laugh-1,,Ayutla,169_laugh,►,►,,,Kondic2019,,false,,
Ayutla-170_cry-1,,Ayutla,170_cry,►,►,,,Kondic2019,,false,,
Ayutla-171_blow-1,,Ayutla,171_blow,►,►,,,Kondic2019,,false,,
Ayutla-174_sew-1,,Ayutla,174_sew,►,►,,,Kondic2019,,false,,
Ayutla-176_hit-1,,Ayutla,176_hit,►,►,,,Kondic2019,,false,,
Ayutla-177_cut-1,,Ayutla,177_cut,►,►,,,Kondic2019,,false,,
Ayutla-178_split-1,,Ayutla,178_split,►,►,,,Kondic2019,,false,,
Ayutla-180_hunt-1,,Ayutla,180_hunt,►,►,,,Kondic2019,,false,,
Ayutla-182_fear-1,,Ayutla,182_fear,►,►,,,Kondic2019,,false,,
Ayutla-183_count-1,,Ayutla,183_count,►,►,,,Kondic2019,,false,,
Ayutla-185_vomit-1,,Ayutla,185_vomit,►,►,,,Kondic2019,,false,,
Ayutla-186_tieup-1,,Ayutla,186_tieup,►,►,,,Kondic2019,,false,,
Ayutla-188_swell-1,,Ayutla,188_swell,►,►,,,Kondic2019,,false,,
Ayutla-189_say-1,,Ayutla,189_say,►,►,,,Kondic2019,,false,,
Ayutla-190_scratch-1,,Ayutla,190_scratch,►,►,,,Kondic2019,,false,,
Ayutla-192_buy-1,,Ayutla,192_buy,►,►,,,Kondic2019,,false,,
Ayutla-193_steal-1,,Ayutla,193_steal,►,►,,,Kondic2019,,false,,
Ayutla-198_work-1,,Ayutla,198_work,►,►,,,Kondic2019,,false,,
Ayutla-199_open-1,,Ayutla,199_open,►,►,,,Kondic2019,,false,,
Cacalotepec-1_one-1,,Cacalotepec,1_one,tuʔuk,tuʔuk,t u ʔ u k,,Kondic2019,,false,^ t uʔu k $,default
Cacalotepec-2_two-1,,Cacalotepec,2_two,mæhtsk,mæhtsk,m æ h ts k,,Kondic2019,,false,^ m æ h ts k $,default
Cacalotepec-3_three-1,,Cacalotepec,3_three,təgəʔək,təgəʔək,t ə g ə ʔ ə k,,Kondic2019,,false,^ t ə g əʔə k $,default
Cacalotepec-4_four-1,,Cacalotepec,4_four,taʔaʃk,taʔaʃk,t a ʔ a ʃ k,,Kondic2019,,false,^ t aʔa ʃ k $,default
Cacalotepec-5_year-1,,Cacalotepec,5_year,həməht,həməht,h ə m ə h t,,Kondic2019,,false,^ h ə m ə h t $,default
Cacalotepec-6_right-1,,Cacalotepec,6_right,kəʔəgaʔaɲ,kəʔəgaʔaɲ,k ə ʔ ə g a ʔ a ɲ,,Kondic2019,,false,^ k əʔə g aʔa ɲ $,default
Cacalotepec-7_left-1,,Cacalotepec,7_left,kəʔənah,kəʔənah,k ə ʔ ə n a h,,Kondic2019,,false,^ k əʔə n a h $,default
Cacalotepec-8_i-1,,Cacalotepec,8_i,əhts,əhts,ə h ts,,Kondic2019,,false,^ ə h ts $,default
Cacalotepec-10_weallincl-1,,Cacalotepec,10_weallincl,əʔətsənda,əʔətsənda,ə ʔ ə ts ə n d a,,Kondic2019,,false,^ əʔə ts ə n d a $,default
Cacalotepec-11_yousg-1,,Cacalotepec,11_yousg,mihts,mihts,m i h ts,,Kondic2019,,false,^ m i h ts $,default
Cacalotepec-12_heshe-1,,Cacalotepec,12_heshe,jəʔə,jəʔə,j ə ʔ ə,,Kondic2019,,false,^ j əʔə $,default
Cacalotepec-13_theyall-1,,Cacalotepec,13_theyall,jəʔəhətʲ,jəʔəhətʲ,j ə ʔ ə h ə tʲ,,Kondic2019,,false,^ j əʔə h ə tʲ $,default
Cacalotepec-14_nonot-1,,Cacalotepec,14_nonot,kʲah,kʲah,kʲ a h,,Kondic2019,,false,^ kʲ a h $,default
Cacalotepec-15_what-1,,Cacalotepec,15_what,tiʔi,tiʔi,t i ʔ i,,Kondic2019,,false,^ t iʔi $,default
Cacalotepec-16_who-1,,Cacalotepec,16_who,pən,pən,p ə n,,Kondic2019,,false,^ p ə n $,default
Cacalotepec-17_where-1,,Cacalotepec,17_where,maʔa,maʔa,m a ʔ a,,Kondic2019,,false,^ m aʔa $,default
Cacalotepec-18_when-1,,Cacalotepec,18_when,hanaʔa,hanaʔa,h a n a ʔ a,,Kondic2019,,false,^ h a n aʔa $,default
Cacalotepec-19_how-1,,Cacalotepec,19_how,soʔo,soʔo,s o ʔ o,,Kondic2019,,false,^ s oʔo $,default
Cacalotepec-20_this-1,,Cacalotepec,20_this,ʃiʔidə,ʃiʔidə,ʃ i ʔ i d ə,,Kondic2019,,false,^ ʃ iʔi d ə $,default
Cacalotepec-21_that-1,,Cacalotepec,21_that,jəʔə,jəʔə,j ə ʔ ə,,Kondic2019,,false,^ j əʔə $,default
Cacalotepec-23_above-1,,Cacalotepec,23_above,inikəhp,inikəhp,i n i k ə h p,,Kondic2019,,false,^ i n i k ə h p $,default
Cacalotepec-24_below-1,,Cacalotepec,24_below,naʔaʃʲpʲ,naʔaʃʲpʲ,n a ʔ a ʃʲ pʲ,,Kondic2019,,false,^ n aʔa ʃʲ pʲ $,default
Cacalotepec-25_ininside-1,,Cacalotepec,25_ininside,təgoʔotʲ,təgoʔotʲ,t ə g o ʔ o tʲ,,Kondic2019,,false,^ t ə g oʔo tʲ $,default
Cacalotepec-26_at-1,,Cacalotepec,26_at,haʔam,haʔam,h a ʔ a m,,Kondic2019,,false,^ h aʔa m $,default
Cacalotepec-27_head-1,,Cacalotepec,27_head,kəbahk,kəbahk,k ə b a h k,,Kondic2019,,false,^ k ə b a h k $,default
Cacalotepec-28_hair-1,,Cacalotepec,28_hair,waʔaj,waʔaj,w a ʔ a j,,Kondic2019,,false,^ w aʔa j $,default
Cacalotepec-29_eye-1,,Cacalotepec,29_eye,wiʔin,wiʔin,w i ʔ i n,,Kondic2019,,false,^ w iʔi n $,default
Cacalotepec-30_nose-1,,Cacalotepec,30_nose,həʔəhp,həʔəhp,h ə ʔ ə h p,,Kondic2019,,false,^ h əʔə h p $,default
Cacalotepec-31_ear-1,,Cacalotepec,31_ear,taʔatsk,taʔatsk,t a ʔ a ts k,,Kondic2019,,false,^ t aʔa ts k $,default
Cacalotepec-32_mouth-1,,Cacalotepec,32_mouth,aʔaw,aʔaw,a ʔ a w,,Kondic2019,,false,^ aʔa w $,default
Cacalotepec-33_tongue-1,,Cacalotepec,33_tongue,toʔots,toʔots,t o ʔ o ts,,Kondic2019,,false,^ t oʔo ts $,default
Cacalotepec-34_tooth-1,,Cacalotepec,34_tooth,təʔəts,təʔəts,t ə ʔ ə ts,,Kondic2019,,false,^ t əʔə ts $,default
Cacalotepec-35_hand-1,,Cacalotepec,35_hand,kəʔə,kəʔə,k ə ʔ ə,,Kondic2019,,false,^ k əʔə $,default
Cacalotepec-36_shoulder-1,,Cacalotepec,36_shoulder,kʲehk,kʲehk,kʲ e h k,,Kondic2019,,false,^ kʲ e h k $,default
Cacalotepec-37_neck-1,,Cacalotepec,37_neck,joʔkpajk,joʔkpajk,j o ʔ k p a j k,,Kondic2019,,false,^ j o ʔ k p a j k $,default
Cacalotepec-38_back-1,,Cacalotepec,38_back,hʃk,hʃk,h ʃ k,,Kondic2019,,false,^ h ʃ k $,default
Cacalotepec-39_leg-1,,Cacalotepec,39_leg,puʔuj,puʔuj,p u ʔ u j,,Kondic2019,,false,^ p uʔu j $,default
Cacalotepec-40_blood-1,,Cacalotepec,40_blood,nəʔəpʲ,nəʔəpʲ,n ə ʔ ə pʲ,,Kondic2019,,false,^ n əʔə pʲ $,default
Cacalotepec-41_bone-1,,Cacalotepec,41_bone,pahk,pahk,p a h k,,Kondic2019,,false,^ p a h k $,default
Cacalotepec-42_skin-1,,Cacalotepec,42_skin,niʔak,niʔak,n i ʔ a k,,Kondic2019,,false,^ n i ʔ a k $,default
Cacalotepec-43_belly-1,,Cacalotepec,43_belly,hoʔot,hoʔot,h o ʔ o t,,Kondic2019,,false,^ h oʔo t $,default
Cacalotepec-44_intestines-1,,Cacalotepec,44_intestines,tiʔintʲ,tiʔintʲ,t i ʔ i n tʲ,,Kondic2019,,false,^ t iʔi n tʲ $,default
Cacalotepec-45_breast-1,,Cacalotepec,45_breast,tsitsk,tsitsk,ts i ts k,,Kondic2019,,false,^ ts i ts k $,default
Cacalotepec-46_liver-1,,Cacalotepec,46_liver,toʔotʲk,toʔotʲk,t o ʔ o tʲ k,,Kondic2019,,false,^ t oʔo tʲ k $,default
Cacalotepec-47_dog-1,,Cacalotepec,47_dog,uk,uk,u k,,Kondic2019,,false,^ u k $,default
Cacalotepec-48_bird-1,,Cacalotepec,48_bird,hoʔon,hoʔon,h o ʔ o n,,Kondic2019,,false,^ h oʔo n $,default
Cacalotepec-49_fish-1,,Cacalotepec,49_fish,ahkʃʲ,ahkʃʲ,a h k ʃʲ,,Kondic2019,,false,^ a h k ʃʲ $,default
Cacalotepec-50_snake-1,,Cacalotepec,50_snake,tsaʔaɲ,tsaʔaɲ,ts a ʔ a ɲ,,Kondic2019,,false,^ ts aʔa ɲ $,default
Cacalotepec-51_worm-1,,Cacalotepec,51_worm,tənəʔək,tənəʔək,t ə n ə ʔ ə k,,Kondic2019,,false,^ t ə n əʔə k $,default
Cacalotepec-52_louse-1,,Cacalotepec,52_louse,at,at,a t,,Kondic2019,,false,^ a t $,default
Cacalotepec-53_rat-1,,Cacalotepec,53_rat,tsuk,tsuk,ts u k,,Kondic2019,,false,^ ts u k $,default
Cacalotepec-54_spider-1,,Cacalotepec,54_spider,poʃʲ,poʃʲ,p o ʃʲ,,Kondic2019,,false,^ p o ʃʲ $,default
Cacalotepec-55_mosquito-1,,Cacalotepec,55_mosquito,uʔuʃ,uʔuʃ,u ʔ u ʃ,,Kondic2019,,false,^ uʔu ʃ $,default
Cacalotepec-56_egg-1,,Cacalotepec,56_egg,tutsaʔa,tutsaʔa,t u ts a ʔ a,,Kondic2019,,false,^ t u ts aʔa $,default
Cacalotepec-57_tail-1,,Cacalotepec,57_tail,piʔiʃʲ,piʔiʃʲ,p i ʔ i ʃʲ,,Kondic2019,,false,^ p iʔi ʃʲ $,default
Cacalotepec-58_wing-1,,Cacalotepec,58_wing,kʲaʔak,kʲaʔak,kʲ a ʔ a k,,Kondic2019,,false,^ kʲ aʔa k $,default
Cacalotepec-59_feather-1,,Cacalotepec,59_feather,jəmk,jəmk,j ə m k,,Kondic2019,,false,^ j ə m k $,default
Cacalotepec-60_person-1,,Cacalotepec,60_person,haʔaj,haʔaj,h a ʔ a j,,Kondic2019,,false,^ h aʔa j $,default
Cacalotepec-61_man-1,,Cacalotepec,61_man,jiʔitʲəhk,jiʔitʲəhk,j i ʔ i tʲ ə h k,,Kondic2019,,false,^ j iʔi tʲ ə h k $,default
Cacalotepec-62_woman-1,,Cacalotepec,62_woman,toʃtʲəhk,toʃtʲəhk,t o ʃ tʲ ə h k,,Kondic2019,,false,^ t o ʃ tʲ ə h k $,default
Cacalotepec-63_child-1,,Cacalotepec,63_child,ninmiʃʲ,ninmiʃʲ,n i n m i ʃʲ,,Kondic2019,,false,^ n i n m i ʃʲ $,default
Cacalotepec-64_name-1,,Cacalotepec,64_name,ʃəʔəw,ʃəʔəw,ʃ ə ʔ ə w,,Kondic2019,,false,^ ʃ əʔə w $,default
Cacalotepec-65_mother-1,,Cacalotepec,65_mother,taʔak,taʔak,t a ʔ a k,,Kondic2019,,false,^ t aʔa k $,default
Cacalotepec-66_father-1,,Cacalotepec,66_father,teʔetʲ,teʔetʲ,t e ʔ e tʲ,,Kondic2019,,false,^ t eʔe tʲ $,default
Cacalotepec-67_husband-1,,Cacalotepec,67_husband,məməhaʔaj,məməhaʔaj,m ə m ə h a ʔ a j,,Kondic2019,,false,^ m ə m ə h aʔa j $,default
Cacalotepec-68_wife-1,,Cacalotepec,68_wife,həʔəhtsp,həʔəhtsp,h ə ʔ ə h ts p,,Kondic2019,,false,^ h əʔə h ts p $,default
Cacalotepec-69_day-1,,Cacalotepec,69_day,ʃəʔəɲ,ʃəʔəɲ,ʃ ə ʔ ə ɲ,,Kondic2019,,false,^ ʃ əʔə ɲ $,default
Cacalotepec-70_night-1,,Cacalotepec,70_night,koʔots,koʔots,k o ʔ o ts,,Kondic2019,,false,^ k oʔo ts $,default
Cacalotepec-71_moon-1,,Cacalotepec,71_moon,poʔo,poʔo,p o ʔ o,,Kondic2019,,false,^ p oʔo $,default
Cacalotepec-72_star-1,,Cacalotepec,72_star,mətsaʔa,mətsaʔa,m ə ts a ʔ a,,Kondic2019,,false,^ m ə ts aʔa $,default
Cacalotepec-73_sky-1,,Cacalotepec,73_sky,tsahp,tsahp,ts a h p,,Kondic2019,,false,^ ts a h p $,default
Cacalotepec-74_water-1,,Cacalotepec,74_water,nəʔə,nəʔə,n ə ʔ ə,,Kondic2019,,false,^ n əʔə $,default
Cacalotepec-76_sea-1,,Cacalotepec,76_sea,məh,məh,m ə h,,Kondic2019,,false,^ m ə h $,default
Cacalotepec-77_fire-1,,Cacalotepec,77_fire,həʔən,həʔən,h ə ʔ ə n,,Kondic2019,,false,^ h əʔə n $,default
Cacalotepec-78_smoke-1,,Cacalotepec,78_smoke,hok,hok,h o k,,Kondic2019,,false,^ h o k $,default
Cacalotepec-79_ash-1,,Cacalotepec,79_ash,jaʔam,jaʔam,j a ʔ a m,,Kondic2019,,false,^ j aʔa m $,default
Cacalotepec-80_stone-1,,Cacalotepec,80_stone,tsaʔa,tsaʔa,ts a ʔ a,,Kondic2019,,false,^ ts aʔa $,default
Cacalotepec-81_earthsoil-1,,Cacalotepec,81_earthsoil,naʔaʃ,naʔaʃ,n a ʔ a ʃ,,Kondic2019,,false,^ n aʔa ʃ $,default
Cacalotepec-82_dust-1,,Cacalotepec,82_dust,puʔuʃp,puʔuʃp,p u ʔ u ʃ p,,Kondic2019,,false,^ p uʔu ʃ p $,default
Cacalotepec-83_sand-1,,Cacalotepec,83_sand,puʔu,puʔu,p u ʔ u,,Kondic2019,,false,^ p uʔu $,default
Cacalotepec-84_rain-1,,Cacalotepec,84_rain,tuʔu,tuʔu,t u ʔ u,,Kondic2019,,false,^ t uʔu $,default
Cacalotepec-85_cloud-1,,Cacalotepec,85_cloud,joʔots,joʔots,j o ʔ o ts,,Kondic2019,,false,^ j oʔo ts $,default
Cacalotepec-86_wind-1,,Cacalotepec,86_wind,poh,poh,p o h,,Kondic2019,,false,^ p o h $,default
Cacalotepec-87_fog-1,,Cacalotepec,87_fog,nəmaʔa,nəmaʔa,n ə m a ʔ a,,Kondic2019,,false,^ n ə m aʔa $,default
Cacalotepec-88_thunder-1,,Cacalotepec,88_thunder,ənaʔa,ənaʔa,ə n a ʔ a,,Kondic2019,,false,^ ə n aʔa $,default
Cacalotepec-89_lightning-1,,Cacalotepec,89_lightning,utsuk,utsuk,u ts u k,,Kondic2019,,false,^ u ts u k $,default
Cacalotepec-90_meatflesh-1,,Cacalotepec,90_meatflesh,tsuʔutʲ,tsuʔutʲ,ts u ʔ u tʲ,,Kondic2019,,false,^ ts uʔu tʲ $,default
Cacalotepec-91_salt-1,,Cacalotepec,91_salt,kaʔan,kaʔan,k a ʔ a n,,Kondic2019,,false,^ k aʔa n $,default
Cacalotepec-92_fatgrease-1,,Cacalotepec,92_fatgrease,on,on,o n,,Kondic2019,,false,^ o n $,default
Cacalotepec-93_fruit-1,,Cacalotepec,93_fruit,uhtstəʔəm,uhtstəʔəm,u h ts t ə ʔ ə m,,Kondic2019,,false,^ u h ts t əʔə m $,default
Cacalotepec-94_woodsforest-1,,Cacalotepec,94_woodsforest,pehʲ,pehʲ,p e hʲ,,Kondic2019,,false,^ p e hʲ $,default
Cacalotepec-95_root-1,,Cacalotepec,95_root,aʔats,aʔats,a ʔ a ts,,Kondic2019,,false,^ aʔa ts $,default
Cacalotepec-96_branch-1,,Cacalotepec,96_branch,ʃəʔəntʲ,ʃəʔəntʲ,ʃ ə ʔ ə n tʲ,,Kondic2019,,false,^ ʃ əʔə n tʲ $,default
Cacalotepec-97_leaf-1,,Cacalotepec,97_leaf,ujtsʔaʔaj,ujtsʔaʔaj,u j ts ʔ a ʔ a j,,Kondic2019,,false,^ u j ts ʔ aʔa j $,default
Cacalotepec-98_wood-1,,Cacalotepec,98_wood,keʔepʲ,keʔepʲ,k e ʔ e pʲ,,Kondic2019,,false,^ k eʔe pʲ $,default
Cacalotepec-99_grass-1,,Cacalotepec,99_grass,uhts,uhts,u h ts,,Kondic2019,,false,^ u h ts $,default
Cacalotepec-100_flower-1,,Cacalotepec,100_flower,pəhʲ,pəhʲ,p ə hʲ,,Kondic2019,,false,^ p ə hʲ $,default
Cacalotepec-101_thatchroof-1,,Cacalotepec,101_thatchroof,məjtʲəhk,məjtʲəhk,m ə j tʲ ə h k,,Kondic2019,,false,^ m ə j tʲ ə h k $,default
Cacalotepec-102_house-1,,Cacalotepec,102_house,təhk,təhk,t ə h k,,Kondic2019,,false,^ t ə h k $,default
Cacalotepec-103_rope-1,,Cacalotepec,103_rope,təʔəpʃʲ,təʔəpʃʲ,t ə ʔ ə p ʃʲ,,Kondic2019,,false,^ t əʔə p ʃʲ $,default
Cacalotepec-104_needle-1,,Cacalotepec,104_needle,ʃuʔuɲ,ʃuʔuɲ,ʃ u ʔ u ɲ,,Kondic2019,,false,^ ʃ uʔu ɲ $,default
Cacalotepec-105_roadpath-1,,Cacalotepec,105_roadpath,tuʔu,tuʔu,t u ʔ u,,Kondic2019,,false,^ t uʔu $,default
Cacalotepec-106_black-1,,Cacalotepec,106_black,jək,jək,j ə k,,Kondic2019,,false,^ j ə k $,default
Cacalotepec-107_white-1,,Cacalotepec,107_white,poʔop,poʔop,p o ʔ o p,,Kondic2019,,false,^ p oʔo p $,default
Cacalotepec-108_red-1,,Cacalotepec,108_red,tsapts,tsapts,ts a p ts,,Kondic2019,,false,^ ts a p ts $,default
Cacalotepec-109_green-1,,Cacalotepec,109_green,tsuʃk,tsuʃk,ts u ʃ k,,Kondic2019,,false,^ ts u ʃ k $,default
Cacalotepec-110_yellow-1,,Cacalotepec,110_yellow,puʔts,puʔts,p u ʔ ts,,Kondic2019,,false,^ p u ʔ ts $,default
Cacalotepec-111_big-1,,Cacalotepec,111_big,məh,məh,m ə h,,Kondic2019,,false,^ m ə h $,default
Cacalotepec-112_small-1,,Cacalotepec,112_small,mutsk,mutsk,m u ts k,,Kondic2019,,false,^ m u ts k $,default
Cacalotepec-113_long-1,,Cacalotepec,113_long,joɲ,joɲ,j o ɲ,,Kondic2019,,false,^ j o ɲ $,default
Cacalotepec-114_short-1,,Cacalotepec,114_short,maʃaʃʲpʲ,maʃaʃʲpʲ,m a ʃ a ʃʲ pʲ,,Kondic2019,,false,^ m a ʃ a ʃʲ pʲ $,default
Cacalotepec-115_thick-1,,Cacalotepec,115_thick,mapʃʲ,mapʃʲ,m a p ʃʲ,,Kondic2019,,false,^ m a p ʃʲ $,default
Cacalotepec-116_thin-1,,Cacalotepec,116_thin,pehʲ,pehʲ,p e hʲ,,Kondic2019,,false,^ p e hʲ $,default
Cacalotepec-117_narrow-1,,Cacalotepec,117_narrow,ʃuʔuts,ʃuʔuts,ʃ u ʔ u ts,,Kondic2019,,false,^ ʃ uʔu ts $,default
Cacalotepec-118_wide-1,,Cacalotepec,118_wide,woʔoɲ,woʔoɲ,w o ʔ o ɲ,,Kondic2019,,false,^ w oʔo ɲ $,default
Cacalotepec-119_sharp-1,,Cacalotepec,119_sharp,həʔəhp,həʔəhp,h ə ʔ ə h p,,Kondic2019,,false,^ h əʔə h p $,default
Cacalotepec-120_bluntdull-1,,Cacalotepec,120_bluntdull,kjahtijʲəʔəjp,kjahtijʲəʔəjp,k j a h t i jʲ ə ʔ ə j p,,Kondic2019,,false,^ k j a h t i jʲ əʔə j p $,default
Cacalotepec-121_shyashamed-1,,Cacalotepec,121_shyashamed,tsətʲuʔump,tsətʲuʔump,ts ə tʲ u ʔ u m p,,Kondic2019,,false,^ ts ə tʲ uʔu m p $,default
Cacalotepec-122_old-1,,Cacalotepec,122_old,əməh,əməh,ə m ə h,,Kondic2019,,false,^ ə m ə h $,default
Cacalotepec-123_painfulsick-1,,Cacalotepec,123_painfulsick,pəhkp,pəhkp,p ə h k p,,Kondic2019,,false,^ p ə h k p $,default
Cacalotepec-124_good-1,,Cacalotepec,124_good,oj,oj,o j,,Kondic2019,,false,^ o j $,default
Cacalotepec-125_bad-1,,Cacalotepec,125_bad,ʃəʔək,ʃəʔək,ʃ ə ʔ ə k,,Kondic2019,,false,^ ʃ əʔə k $,default
Cacalotepec-126_correcttrue-1,,Cacalotepec,126_correcttrue,mədəh,mədəh,m ə d ə h,,Kondic2019,,false,^ m ə d ə h $,default
Cacalotepec-127_dirty-1,,Cacalotepec,127_dirty,ʃəʔək,ʃəʔək,ʃ ə ʔ ə k,,Kondic2019,,false,^ ʃ əʔə k $,default
Cacalotepec-128_rotten-1,,Cacalotepec,128_rotten,puʔuts,puʔuts,p u ʔ u ts,,Kondic2019,,false,^ p uʔu ts $,default
Cacalotepec-129_all-1,,Cacalotepec,129_all,nimukəjəʔəhətʲ,nimukəjəʔəhətʲ,n i m u k ə j ə ʔ ə h ə tʲ,,Kondic2019,,false,^ n i m u k ə j əʔə h ə tʲ $,default
Cacalotepec-130_heavy-1,,Cacalotepec,130_heavy,hemtʲ,hemtʲ,h e m tʲ,,Kondic2019,,false,^ h e m tʲ $,default
Cacalotepec-131_far-1,,Cacalotepec,131_far,həgʲaʔam,həgʲaʔam,h ə gʲ a ʔ a m,,Kondic2019,,false,^ h ə gʲ aʔa m $,default
Cacalotepec-132_near-1,,Cacalotepec,132_near,hingon,hingon,h i n g o n,,Kondic2019,,false,^ h i n g o n $,default
Cacalotepec-133_warm-1,,Cacalotepec,133_warm,jæɲ,jæɲ,j æ ɲ,,Kondic2019,,false,^ j æ ɲ $,default
Cacalotepec-134_cold-1,,Cacalotepec,134_cold,ʃʲuʃʲ,ʃʲuʃʲ,ʃʲ u ʃʲ,,Kondic2019,,false,^ ʃʲ u ʃʲ $,default
Cacalotepec-135_dry-1,,Cacalotepec,135_dry,təʔəts,təʔəts,t ə ʔ ə ts,,Kondic2019,,false,^ t əʔə ts $,default
Cacalotepec-136_wet-1,,Cacalotepec,136_wet,ʃoʔok,ʃoʔok,ʃ o ʔ o k,,Kondic2019,,false,^ ʃ oʔo k $,default
Cacalotepec-137_new-1,,Cacalotepec,137_new,heʔem,heʔem,h e ʔ e m,,Kondic2019,,false,^ h eʔe m $,default
Cacalotepec-138_other-1,,Cacalotepec,138_other,wingpə,wingpə,w i n g p ə,,Kondic2019,,false,^ w i n g p ə $,default
Cacalotepec-139_come-1,,Cacalotepec,139_come,nʔahtəmətʲ,nʔahtəmətʲ,n ʔ a h t ə m ə tʲ,,Kondic2019,,false,^ n ʔ a h t ə m ə tʲ $,default
Cacalotepec-140_walk-1,,Cacalotepec,140_walk,njoʔjəmətʲ,njoʔjəmətʲ,n j o ʔ j ə m ə tʲ,,Kondic2019,,false,^ n j o ʔ j ə m ə tʲ $,default
Cacalotepec-141_grow-1,,Cacalotepec,141_grow,nʔijakəmətʲ,nʔijakəmətʲ,n ʔ i j a k ə m ə tʲ,,Kondic2019,,false,^ n ʔ i j a k ə m ə tʲ $,default
Cacalotepec-142_stand-1,,Cacalotepec,142_stand,dənaʔajəmətʲ,dənaʔajəmətʲ,d ə n a ʔ a j ə m ə tʲ,,Kondic2019,,false,^ d ə n aʔa j ə m ə tʲ $,default
Cacalotepec-143_sit-1,,Cacalotepec,143_sit,nəɲaʔajəmətʲ,nəɲaʔajəmətʲ,n ə ɲ a ʔ a j ə m ə tʲ,,Kondic2019,,false,^ n ə ɲ aʔa j ə m ə tʲ $,default
Cacalotepec-144_fall-1,,Cacalotepec,144_fall,gədaʔahəmətʲ,gədaʔahəmətʲ,g ə d a ʔ a h ə m ə tʲ,,Kondic2019,,false,^ g ə d aʔa h ə m ə tʲ $,default
Cacalotepec-145_liedown-1,,Cacalotepec,145_liedown,nejkʲoʔkəmətʲ,nejkʲoʔkəmətʲ,n e j kʲ o ʔ k ə m ə tʲ,,Kondic2019,,false,^ n e j kʲ o ʔ k ə m ə tʲ $,default
Cacalotepec-146_turn-1,,Cacalotepec,146_turn,koʔimbihtəmətʲ,koʔimbihtəmətʲ,k o ʔ i m b i h t ə m ə tʲ,,Kondic2019,,false,^ k o ʔ i m b i h t ə m ə tʲ $,default
Cacalotepec-147_climb-1,,Cacalotepec,147_climb,himbæt,himbæt,h i m b æ t,,Kondic2019,,false,^ h i m b æ t $,default
Cacalotepec-148_swim-1,,Cacalotepec,148_swim,nəʔəjuʔuntəmətʲ,nəʔəjuʔuntəmətʲ,n ə ʔ ə j u ʔ u n t ə m ə tʲ,,Kondic2019,,false,^ n əʔə j uʔu n t ə m ə tʲ $,default
Cacalotepec-149_flyverb-1,,Cacalotepec,149_flyverb,gʲahkdihdəmətʲ,gʲahkdihdəmətʲ,gʲ a h k d i h d ə m ə tʲ,,Kondic2019,,false,^ gʲ a h k d i h d ə m ə tʲ $,default
Cacalotepec-150_throw-1,,Cacalotepec,150_throw,nʔixpəhkəmətʲ,nʔixpəhkəmətʲ,n ʔ i x p ə h k ə m ə tʲ,,Kondic2019,,false,^ n ʔ i x p ə h k ə m ə tʲ $,default
Cacalotepec-151_hide-1,,Cacalotepec,151_hide,njuʔutsja,njuʔutsja,n j u ʔ u ts j a,,Kondic2019,,false,^ n j uʔu ts j a $,default
Cacalotepec-152_chew-1,,Cacalotepec,152_chew,buʔujəmətʲ,buʔujəmətʲ,b u ʔ u j ə m ə tʲ,,Kondic2019,,false,^ b uʔu j ə m ə tʲ $,default
Cacalotepec-153_eat-1,,Cacalotepec,153_eat,gaʔajəmətʲ,gaʔajəmətʲ,g a ʔ a j ə m ə tʲ,,Kondic2019,,false,^ g aʔa j ə m ə tʲ $,default
Cacalotepec-154_drink-1,,Cacalotepec,154_drink,nʔuʔukəmətʲ,nʔuʔukəmətʲ,n ʔ u ʔ u k ə m ə tʲ,,Kondic2019,,false,^ n ʔ uʔu k ə m ə tʲ $,default
Cacalotepec-155_bite-1,,Cacalotepec,155_bite,ʣuʔutsəmətʲ,ʣuʔutsəmətʲ,<<ʣ>> u ʔ u ts ə m ə tʲ,,Kondic2019,,false,^ <ʣ> uʔu ts ə m ə tʲ $,default
Cacalotepec-156_suck-1,,Cacalotepec,156_suck,njahktsiʔitsəmətʲ,njahktsiʔitsəmətʲ,n j a h k ts i ʔ i ts ə m ə tʲ,,Kondic2019,,false,^ n j a h k ts iʔi ts ə m ə tʲ $,default
Cacalotepec-157_yawn-1,,Cacalotepec,157_yawn,maʔaʔigaʔahəmətʲ,maʔaʔigaʔahəmətʲ,m a ʔ a ʔ i g a ʔ a h ə m ə tʲ,,Kondic2019,,false,^ m aʔa ʔ i g aʔa h ə m ə tʲ $,default
Cacalotepec-158_spit-1,,Cacalotepec,158_spit,ʣuʔuhəmətʲ,ʣuʔuhəmətʲ,<<ʣ>> u ʔ u h ə m ə tʲ,,Kondic2019,,false,^ <ʣ> uʔu h ə m ə tʲ $,default
Cacalotepec-159_dream-1,,Cacalotepec,159_dream,gamaʔahəmətʲ,gamaʔahəmətʲ,g a m a ʔ a h ə m ə tʲ,,Kondic2019,,false,^ g a m aʔa h ə m ə tʲ $,default
Cacalotepec-160_sleep-1,,Cacalotepec,160_sleep,maʔamətʲ,maʔamətʲ,m a ʔ a m ə tʲ,,Kondic2019,,false,^ m aʔa m ə tʲ $,default
Cacalotepec-161_live-1,,Cacalotepec,161_live,gʲaʔahtəmətʲ,gʲaʔahtəmətʲ,gʲ a ʔ a h t ə m ə tʲ,,Kondic2019,,false,^ gʲ aʔa h t ə m ə tʲ $,default
Cacalotepec-162_die-1,,Cacalotepec,162_die,nʔoʔokəmətʲ,nʔoʔokəmətʲ,n ʔ o ʔ o k ə m ə tʲ,,Kondic2019,,false,^ n ʔ oʔo k ə m ə tʲ $,default
Cacalotepec-163_kill-1,,Cacalotepec,163_kill,njakʔoʔokəmətʲ,njakʔoʔokəmətʲ,n j a k ʔ o ʔ o k ə m ə tʲ,,Kondic2019,,false,^ n j a k ʔ oʔo k ə m ə tʲ $,default
Cacalotepec-164_see-1,,Cacalotepec,164_see,niʔihʃəmətʲ,niʔihʃəmətʲ,n i ʔ i h ʃ ə m ə tʲ,,Kondic2019,,false,^ n iʔi h ʃ ə m ə tʲ $,default
Cacalotepec-165_hear-1,,Cacalotepec,165_hear,mədoʔommətʲ,mədoʔommətʲ,m ə d o ʔ o m m ə tʲ,,Kondic2019,,false,^ m ə d oʔo m m ə tʲ $,default
Cacalotepec-166_sniffsmell-1,,Cacalotepec,166_sniffsmell,d͡ʒuʔukəmətʲ,d͡ʒuʔukəmətʲ,d <<͡>> <<ʒ>> u ʔ u k ə m ə tʲ,,Kondic2019,,false,^ d <͡> <ʒ> uʔu k ə m ə tʲ $,default
Cacalotepec-167_know-1,,Cacalotepec,167_know,nahawamətʲ,nahawamətʲ,n a h a w a m ə tʲ,,Kondic2019,,false,^ n a h a w a m ə tʲ $,default
Cacalotepec-168_think-1,,Cacalotepec,168_think,məmonməduhkəmətʲ,məmonməduhkəmətʲ,m ə m o n m ə d u h k ə m ə tʲ,,Kondic2019,,false,^ m ə m o n m ə d u h k ə m ə tʲ $,default
Cacalotepec-169_laugh-1,,Cacalotepec,169_laugh,d͡ʒiʔikəmətʲ►,d͡ʒiʔikəmətʲ►,d <<͡>> <<ʒ>> i ʔ i k ə m ə tʲ,,Kondic2019,,false,^ d <͡> <ʒ> iʔi k ə m ə tʲ ► $,default
Cacalotepec-170_cry-1,,Cacalotepec,170_cry,njaʔaʃəmətʲ,njaʔaʃəmətʲ,n j a ʔ a ʃ ə m ə tʲ,,Kondic2019,,false,^ n j aʔa ʃ ə m ə tʲ $,default
Cacalotepec-171_blow-1,,Cacalotepec,171_blow,pʲohʲ,pʲohʲ,pʲ o hʲ,,Kondic2019,,false,^ pʲ o hʲ $,default
Cacalotepec-172_burn-1,,Cacalotepec,172_burn,tʲoj,tʲoj,tʲ o j,,Kondic2019,,false,^ tʲ o j $,default
Cacalotepec-173_flow-1,,Cacalotepec,173_flow,nəʔəjoʔoj,nəʔəjoʔoj,n ə ʔ ə j o ʔ o j,,Kondic2019,,false,^ n əʔə j oʔo j $,default
Cacalotepec-174_sew-1,,Cacalotepec,174_sew,ʐuʔujəmətʲ,ʐuʔujəmətʲ,<<ʐ>> u ʔ u j ə m ə tʲ,,Kondic2019,,false,^ <ʐ> uʔu j ə m ə tʲ $,default
Cacalotepec-175_pound-1,,Cacalotepec,175_pound,mæʔæmətʲ,mæʔæmətʲ,m æ ʔ æ m ə tʲ,,Kondic2019,,false,^ m æ ʔ æ m ə tʲ $,default
Cacalotepec-176_hit-1,,Cacalotepec,176_hit,wohpəmətʲ,wohpəmətʲ,w o h p ə m ə tʲ,,Kondic2019,,false,^ w o h p ə m ə tʲ $,default
Cacalotepec-177_cut-1,,Cacalotepec,177_cut,boʔotəmətʲ,boʔotəmətʲ,b o ʔ o t ə m ə tʲ,,Kondic2019,,false,^ b oʔo t ə m ə tʲ $,default
Cacalotepec-178_split-1,,Cacalotepec,178_split,njahwakʃəmətʲ,njahwakʃəmətʲ,n j a h w a k ʃ ə m ə tʲ,,Kondic2019,,false,^ n j a h w a k ʃ ə m ə tʲ $,default
Cacalotepec-179_dig-1,,Cacalotepec,179_dig,daʔahəmətʲ,daʔahəmətʲ,d a ʔ a h ə m ə tʲ,,Kondic2019,,false,^ d aʔa h ə m ə tʲ $,default
Cacalotepec-180_hunt-1,,Cacalotepec,180_hunt,mbaʔabojəmətʲ,mbaʔabojəmətʲ,m b a ʔ a b o j ə m ə tʲ,,Kondic2019,,false,^ m b aʔa b o j ə m ə tʲ $,default
Cacalotepec-181_hold-1,,Cacalotepec,181_hold,ʐaʔahmətʲ,ʐaʔahmətʲ,<<ʐ>> a ʔ a h m ə tʲ,,Kondic2019,,false,^ <ʐ> aʔa h m ə tʲ $,default
Cacalotepec-182_fear-1,,Cacalotepec,182_fear,dsəʔəkəmətʲ,dsəʔəkəmətʲ,d s ə ʔ ə k ə m ə tʲ,,Kondic2019,,false,^ d s əʔə k ə m ə tʲ $,default
Cacalotepec-183_count-1,,Cacalotepec,183_count,ndʲoʔohmətʲ,ndʲoʔohmətʲ,n dʲ o ʔ o h m ə tʲ,,Kondic2019,,false,^ n dʲ oʔo h m ə tʲ $,default
Cacalotepec-184_breathe-1,,Cacalotepec,184_breathe,d͡ʒaʔahəmətʲ,d͡ʒaʔahəmətʲ,d <<͡>> <<ʒ>> a ʔ a h ə m ə tʲ,,Kondic2019,,false,^ d <͡> <ʒ> aʔa h ə m ə tʲ $,default
Cacalotepec-185_vomit-1,,Cacalotepec,185_vomit,nʔəʔətsəmətʲ,nʔəʔətsəmətʲ,n ʔ ə ʔ ə ts ə m ə tʲ,,Kondic2019,,false,^ n ʔ əʔə ts ə m ə tʲ $,default
Cacalotepec-186_tieup-1,,Cacalotepec,186_tieup,ngodəʔəjəmətʲ,ngodəʔəjəmətʲ,n g o d ə ʔ ə j ə m ə tʲ,,Kondic2019,,false,^ n g o d əʔə j ə m ə tʲ $,default
Cacalotepec-187_squeeze-1,,Cacalotepec,187_squeeze,mætsəmətʲ,mætsəmətʲ,m æ ts ə m ə tʲ,,Kondic2019,,false,^ m æ ts ə m ə tʲ $,default
Cacalotepec-188_swell-1,,Cacalotepec,188_swell,giʔixəmətʲ,giʔixəmətʲ,g i ʔ i x ə m ə tʲ,,Kondic2019,,false,^ g iʔi x ə m ə tʲ $,default
Cacalotepec-189_say-1,,Cacalotepec,189_say,nənaʔanəmətʲ,nənaʔanəmətʲ,n ə n a ʔ a n ə m ə tʲ,,Kondic2019,,false,^ n ə n aʔa n ə m ə tʲ $,default
Cacalotepec-190_scratch-1,,Cacalotepec,190_scratch,nʔæʔækʃəmətʲ,nʔæʔækʃəmətʲ,n ʔ æ ʔ æ k ʃ ə m ə tʲ,,Kondic2019,,false,^ n ʔ æ ʔ æ k ʃ ə m ə tʲ $,default
Cacalotepec-191_stab-1,,Cacalotepec,191_stab,guʔuməmətʲ,guʔuməmətʲ,g u ʔ u m ə m ə tʲ,,Kondic2019,,false,^ g uʔu m ə m ə tʲ $,default
Cacalotepec-192_buy-1,,Cacalotepec,192_buy,nhujəmətʲ,nhujəmətʲ,n h u j ə m ə tʲ,,Kondic2019,,false,^ n h u j ə m ə tʲ $,default
Cacalotepec-193_steal-1,,Cacalotepec,193_steal,mætsəmətʲ,mætsəmətʲ,m æ ts ə m ə tʲ,,Kondic2019,,false,^ m æ ts ə m ə tʲ $,default
Cacalotepec-194_choose-1,,Cacalotepec,194_choose,nʔiʔihʃəmətʲ,nʔiʔihʃəmətʲ,n ʔ i ʔ i h ʃ ə m ə tʲ,,Kondic2019,,false,^ n ʔ iʔi h ʃ ə m ə tʲ $,default
Cacalotepec-195_plant-1,,Cacalotepec,195_plant,goʔohəmətʲ,goʔohəmətʲ,g o ʔ o h ə m ə tʲ,,Kondic2019,,false,^ g oʔo h ə m ə tʲ $,default
Cacalotepec-196_cook-1,,Cacalotepec,196_cook,nahkwaʔatəmətʲ,nahkwaʔatəmətʲ,n a h k w a ʔ a t ə m ə tʲ,,Kondic2019,,false,^ n a h k w aʔa t ə m ə tʲ $,default
Cacalotepec-197_shoot-1,,Cacalotepec,197_shoot,diʔipʃəmətʲ,diʔipʃəmətʲ,d i ʔ i p ʃ ə m ə tʲ,,Kondic2019,,false,^ d iʔi p ʃ ə m ə tʲ $,default
Cacalotepec-198_work-1,,Cacalotepec,198_work,duʔunəmətʲ,duʔunəmətʲ,d u ʔ u n ə m ə tʲ,,Kondic2019,,false,^ d uʔu n ə m ə tʲ $,default
Cacalotepec-199_open-1,,Cacalotepec,199_open,njahkwaʔatsəmətʲ,njahkwaʔatsəmətʲ,n j a h k w a ʔ a ts ə m ə tʲ,,Kondic2019,,false,^ n j a h k w aʔa ts ə m ə tʲ $,default
Chapultenangospkr1-1_one-1,,Chapultenangospkr1,1_one,►,►,,,Kondic2019,,false,,
Chapultenangospkr1-2_two-1,,Chapultenangospkr1,2_two,►,►,,,Kondic2019,,false,,
Chapultenangospkr1-3_three-1,,Chapultenangospkr1,3_three,►,►,,,Kondic2019,,false,,
Chapultenangospkr1-4_four-1,,Chapultenangospkr1,4_four,►,►,,,Kondic2019,,false,,
Chapultenangospkr1-5_year-1,,Chapultenangospkr1,5_year,►,►,,,Kondic2019,,false,,
Chapultenangospkr1-6_right-1,,Chapultenangospkr1,6_right,►,►,,,Kondic2019,,false,,
Chapultenangospkr1-7_left-1,,Chapultenangospkr1,7_left,►,►,,,Kondic2019,,false,,
Chapultenangospkr1-8_i-1,,Chapultenangospkr1,8_i,►,►,,,Kondic2019,,false,,
Chapultenangospkr1-9_weallexcl-1,,Chapultenangospkr1,9_weallexcl,►,►,,,Kondic2019,,false,,
Chapultenangospkr1-10_weallincl-1,,Chapultenangospkr1,10_weallincl,►,►,,,Kondic2019,,false,,
Chapultenangospkr1-11_yousg-1,,Chapultenangospkr1,11_yousg,►,►,,,Kondic2019,,false,,
Chapultenangospkr1-12_heshe-1,,Chapultenangospkr1,12_heshe,►,►,,,Kondic2019,,false,,
Chapultenangospkr1-13_theyall-1,,Chapultenangospkr1,13_theyall,►,►,,,Kondic2019,,false,,
Chapultenangospkr1-14_nonot-1,,Chapultenangospkr1,14_nonot,►,►,,,Kondic2019,,false,,
Chapultenangospkr1-15_what-1,,Chapultenangospkr1,15_what,►,►,,,Kondic2019,,false,,
Chapultenangospkr1-16_who-1,,Chapultenangospkr1,16_who,►,►,,,Kondic2019,,false,,
Chapultenangospkr1-17_where-1,,Chapultenangospkr1,17_where,►,►,,,Kondic2019,,false,,
Chapultenangospkr1-18_when-1,,Chapultenangospkr1,18_when,►,►,,,Kondic2019,,false,,
Chapultenangospkr1-19_how-1,,Chapultenangospkr1,19_how,►,►,,,Kondic2019,,false,,
Chapultenangospkr1-20_this-1,,Chapultenangospkr1,20_this,►,►,,,Kondic2019,,false,,
Chapultenangospkr1-21_that-1,,Chapultenangospkr1,21_that,►,►,,,Kondic2019,,false,,
Chapultenangospkr1-23_above-1,,Chapultenangospkr1,23_above,►,►,,,Kondic2019,,false,,
Chapultenangospkr1-24_below-1,,Chapultenangospkr1,24_below,►,►,,,Kondic2019,,false,,
Chapultenangospkr1-25_ininside-1,,Chapultenangospkr1,25_ininside,►,►,,,Kondic2019,,false,,
Chapultenangospkr1-26_at-1,,Chapultenangospkr1,26_at,►,►,,,Kondic2019,,false,,
Chapultenangospkr1-27_head-1,,Chapultenangospkr1,27_head,►,►,,,Kondic2019,,false,,
Chapultenangospkr1-28_hair-1,,Chapultenangospkr1,28_hair,►,►,,,Kondic2019,,false,,
Chapultenangospkr1-29_eye-1,,Chapultenangospkr1,29_eye,►,►,,,Kondic2019,,false,,
Chapultenangospkr1-30_nose-1,,Chapultenangospkr1,30_nose,►,►,,,Kondic2019,,false,,
Chapultenangospkr1-31_ear-1,,Chapultenangospkr1,31_ear,►,►,,,Kondic2019,,false,,
Chapultenangospkr1-32_mouth-1,,Chapultenangospkr1,32_mouth,►,►,,,Kondic2019,,false,,
Chapultenangospkr1-33_tongue-1,,Chapultenangospkr1,33_tongue,►,►,,,Kondic2019,,false,,
Chapultenangospkr1-34_tooth-1,,Chapultenangospkr1,34_tooth,►,►,,,Kondic2019,,false,,
Chapultenangospkr1-36_shoulder-1,,Chapultenangospkr1,36_shoulder,►,►,,,Kondic2019,,false,,
Chapultenangospkr1-37_neck-1,,Chapultenangospkr1,37_neck,►,►,,,Kondic2019,,false,,
Chapultenangospkr1-38_back-1,,Chapultenangospkr1,38_back,►,►,,,Kondic2019,,false,,
Chapultenangospkr1-39_leg-1,,Chapultenangospkr1,39_leg,►,►,,,Kondic2019,,false,,
Chapultenangospkr1-40_blood-1,,Chapultenangospkr1,40_blood,►,►,,,Kondic2019,,false,,
Chapultenangospkr1-41_bone-1,,Chapultenangospkr1,41_bone,►,►,,,Kondic2019,,false,,
Chapultenangospkr1-42_skin-1,,Chapultenangospkr1,42_skin,►,►,,,Kondic2019,,false,,
Chapultenangospkr1-43_belly-1,,Chapultenangospkr1,43_belly,►,►,,,Kondic2019,,false,,
Chapultenangospkr1-44_intestines-1,,Chapultenangospkr1,44_intestines,►,►,,,Kondic2019,,false,,
Chapultenangospkr1-45_breast-1,,Chapultenangospkr1,45_breast,►,►,,,Kondic2019,,false,,
Chapultenangospkr1-46_liver-1,,Chapultenangospkr1,46_liver,►,►,,,Kondic2019,,false,,
Chapultenangospkr1-47_dog-1,,Chapultenangospkr1,47_dog,►,►,,,Kondic2019,,false,,
Chapultenangospkr1-48_bird-1,,Chapultenangospkr1,48_bird,►,►,,,Kondic2019,,false,,
Chapultenangospkr1-49_fish-1,,Chapultenangospkr1,49_fish,►,►,,,Kondic2019,,false,,
Chapultenangospkr1-50_snake-1,,Chapultenangospkr1,50_snake,►,►,,,Kondic2019,,false,,
Chapultenangospkr1-51_worm-1,,Chapultenangospkr1,51_worm,►,►,,,Kondic2019,,false,,
Chapultenangospkr1-52_louse-1,,Chapultenangospkr1,52_louse,►,►,,,Kondic2019,,false,,
Chapultenangospkr1-53_rat-1,,Chapultenangospkr1,53_rat,►,►,,,Kondic2019,,false,,
Chapultenangospkr1-54_spider-1,,Chapultenangospkr1,54_spider,►,►,,,Kondic2019,,false,,
Chapultenangospkr1-55_mosquito-1,,Chapultenangospkr1,55_mosquito,►,►,,,Kondic2019,,false,,
Chapultenangospkr1-56_egg-1,,Chapultenangospkr1,56_egg,►,►,,,Kondic2019,,false,,
Chapultenangospkr1-57_tail-1,,Chapultenangospkr1,57_tail,►,►,,,Kondic2019,,false,,
Chapultenangospkr1-58_wing-1,,Chapultenangospkr1,58_wing,►,►,,,Kondic2019,,false,,
Chapultenangospkr1-59_feather-1,,Chapultenangospkr1,59_feather,►,►,,,Kondic2019,,false,,
Chapultenangospkr1-60_person-1,,Chapultenangospkr1,60_person,►,►,,,Kondic2019,,false,,
Chapultenangospkr1-61_man-1,,Chapultenangospkr1,61_man,►,►,,,Kondic2019,,false,,
Chapultenangospkr1-62_woman-1,,Chapultenangospkr1,62_woman,►,►,,,Kondic2019,,false,,
Chapultenangospkr1-63_child-1,,Chapultenangospkr1,63_child,►,►,,,Kondic2019,,false,,
Chapultenangospkr1-64_name-1,,Chapultenangospkr1,64_name,►,►,,,Kondic2019,,false,,
Chapultenangospkr1-65_mother-1,,Chapultenangospkr1,65_mother,►,►,,,Kondic2019,,false,,
Chapultenangospkr1-66_father-1,,Chapultenangospkr1,66_father,►,►,,,Kondic2019,,false,,
Chapultenangospkr1-67_husband-1,,Chapultenangospkr1,67_husband,►,►,,,Kondic2019,,false,,
Chapultenangospkr1-68_wife-1,,Chapultenangospkr1,68_wife,►,►,,,Kondic2019,,false,,
Chapultenangospkr1-69_day-1,,Chapultenangospkr1,69_day,►,►,,,Kondic2019,,false,,
Chapultenangospkr1-70_night-1,,Chapultenangospkr1,70_night,►,►,,,Kondic2019,,false,,
Chapultenangospkr1-71_moon-1,,Chapultenangospkr1,71_moon,►,►,,,Kondic2019,,false,,
Chapultenangospkr1-72_star-1,,Chapultenangospkr1,72_star,►,►,,,Kondic2019,,false,,
Chapultenangospkr1-73_sky-1,,Chapultenangospkr1,73_sky,►,►,,,Kondic2019,,false,,
Chapultenangospkr1-74_water-1,,Chapultenangospkr1,74_water,►,►,,,Kondic2019,,false,,
Chapultenangospkr1-75_lake-1,,Chapultenangospkr1,75_lake,►,►,,,Kondic2019,,false,,
Chapultenangospkr1-76_sea-1,,Chapultenangospkr1,76_sea,►,►,,,Kondic2019,,false,,
Chapultenangospkr1-77_fire-1,,Chapultenangospkr1,77_fire,►,►,,,Kondic2019,,false,,
Chapultenangospkr1-78_smoke-1,,Chapultenangospkr1,78_smoke,►,►,,,Kondic2019,,false,,
Chapultenangospkr1-79_ash-1,,Chapultenangospkr1,79_ash,►,►,,,Kondic2019,,false,,
Chapultenangospkr1-80_stone-1,,Chapultenangospkr1,80_stone,►,►,,,Kondic2019,,false,,
Chapultenangospkr1-81_earthsoil-1,,Chapultenangospkr1,81_earthsoil,►,►,,,Kondic2019,,false,,
Chapultenangospkr1-82_dust-1,,Chapultenangospkr1,82_dust,►,►,,,Kondic2019,,false,,
Chapultenangospkr1-83_sand-1,,Chapultenangospkr1,83_sand,►,►,,,Kondic2019,,false,,
Chapultenangospkr1-84_rain-1,,Chapultenangospkr1,84_rain,►,►,,,Kondic2019,,false,,
Chapultenangospkr1-85_cloud-1,,Chapultenangospkr1,85_cloud,►,►,,,Kondic2019,,false,,
Chapultenangospkr1-86_wind-1,,Chapultenangospkr1,86_wind,►,►,,,Kondic2019,,false,,
Chapultenangospkr1-87_fog-1,,Chapultenangospkr1,87_fog,►,►,,,Kondic2019,,false,,
Chapultenangospkr1-88_thunder-1,,Chapultenangospkr1,88_thunder,►,►,,,Kondic2019,,false,,
Chapultenangospkr1-89_lightning-1,,Chapultenangospkr1,89_lightning,►,►,,,Kondic2019,,false,,
Chapultenangospkr1-90_meatflesh-1,,Chapultenangospkr1,90_meatflesh,►,►,,,Kondic2019,,false,,
Chapultenangospkr1-91_salt-1,,Chapultenangospkr1,91_salt,►,►,,,Kondic2019,,false,,
Chapultenangospkr1-92_fatgrease-1,,Chapultenangospkr1,92_fatgrease,►,►,,,Kondic2019,,false,,
Chapultenangospkr1-93_fruit-1,,Chapultenangospkr1,93_fruit,►,►,,,Kondic2019,,false,,
Chapultenangospkr1-94_woodsforest-1,,Chapultenangospkr1,94_woodsforest,►,►,,,Kondic2019,,false,,
Chapultenangospkr1-95_root-1,,Chapultenangospkr1,95_root,►,►,,,Kondic2019,,false,,
Chapultenangospkr1-96_branch-1,,Chapultenangospkr1,96_branch,►,►,,,Kondic2019,,false,,
Chapultenangospkr1-97_leaf-1,,Chapultenangospkr1,97_leaf,►,►,,,Kondic2019,,false,,
Chapultenangospkr1-98_wood-1,,Chapultenangospkr1,98_wood,►,►,,,Kondic2019,,false,,
Chapultenangospkr1-99_grass-1,,Chapultenangospkr1,99_grass,►,►,,,Kondic2019,,false,,
Chapultenangospkr1-100_flower-1,,Chapultenangospkr1,100_flower,►,►,,,Kondic2019,,false,,
Chapultenangospkr1-101_thatchroof-1,,Chapultenangospkr1,101_thatchroof,►,►,,,Kondic2019,,false,,
Chapultenangospkr1-102_house-1,,Chapultenangospkr1,102_house,►,►,,,Kondic2019,,false,,
Chapultenangospkr1-103_rope-1,,Chapultenangospkr1,103_rope,►,►,,,Kondic2019,,false,,
Chapultenangospkr1-104_needle-1,,Chapultenangospkr1,104_needle,►,►,,,Kondic2019,,false,,
Chapultenangospkr1-105_roadpath-1,,Chapultenangospkr1,105_roadpath,►,►,,,Kondic2019,,false,,
Chapultenangospkr1-106_black-1,,Chapultenangospkr1,106_black,►,►,,,Kondic2019,,false,,
Chapultenangospkr1-107_white-1,,Chapultenangospkr1,107_white,►,►,,,Kondic2019,,false,,
Chapultenangospkr1-108_red-1,,Chapultenangospkr1,108_red,►,►,,,Kondic2019,,false,,
Chapultenangospkr1-109_green-1,,Chapultenangospkr1,109_green,►,►,,,Kondic2019,,false,,
Chapultenangospkr1-110_yellow-1,,Chapultenangospkr1,110_yellow,►,►,,,Kondic2019,,false,,
Chapultenangospkr1-111_big-1,,Chapultenangospkr1,111_big,►,►,,,Kondic2019,,false,,
Chapultenangospkr1-112_small-1,,Chapultenangospkr1,112_small,►,►,,,Kondic2019,,false,,
Chapultenangospkr1-113_long-1,,Chapultenangospkr1,113_long,►,►,,,Kondic2019,,false,,
Chapultenangospkr1-114_short-1,,Chapultenangospkr1,114_short,►,►,,,Kondic2019,,false,,
Chapultenangospkr1-115_thick-1,,Chapultenangospkr1,115_thick,►,►,,,Kondic2019,,false,,
Chapultenangospkr1-116_thin-1,,Chapultenangospkr1,116_thin,►,►,,,Kondic2019,,false,,
Chapultenangospkr1-117_narrow-1,,Chapultenangospkr1,117_narrow,►,►,,,Kondic2019,,false,,
Chapultenangospkr1-118_wide-1,,Chapultenangospkr1,118_wide,►,►,,,Kondic2019,,false,,
Chapultenangospkr1-119_sharp-1,,Chapultenangospkr1,119_sharp,►,►,,,Kondic2019,,false,,
Chapultenangospkr1-120_bluntdull-1,,Chapultenangospkr1,120_bluntdull,►,►,,,Kondic2019,,false,,
Chapultenangospkr1-121_shyashamed-1,,Chapultenangospkr1,121_shyashamed,►,►,,,Kondic2019,,false,,
Chapultenangospkr1-122_old-1,,Chapultenangospkr1,122_old,►,►,,,Kondic2019,,false,,
Chapultenangospkr1-123_painfulsick-1,,Chapultenangospkr1,123_painfulsick,►,►,,,Kondic2019,,false,,
Chapultenangospkr1-124_good-1,,Chapultenangospkr1,124_good,►,►,,,Kondic2019,,false,,
Chapultenangospkr1-125_bad-1,,Chapultenangospkr1,125_bad,►,►,,,Kondic2019,,false,,
Chapultenangospkr1-126_correcttrue-1,,Chapultenangospkr1,126_correcttrue,►,►,,,Kondic2019,,false,,
Chapultenangospkr1-127_dirty-1,,Chapultenangospkr1,127_dirty,►,►,,,Kondic2019,,false,,
Chapultenangospkr1-128_rotten-1,,Chapultenangospkr1,128_rotten,►,►,,,Kondic2019,,false,,
Chapultenangospkr1-129_all-1,,Chapultenangospkr1,129_all,►,►,,,Kondic2019,,false,,
Chapultenangospkr1-130_heavy-1,,Chapultenangospkr1,130_heavy,►,►,,,Kondic2019,,false,,
Chapultenangospkr1-131_far-1,,Chapultenangospkr1,131_far,►,►,,,Kondic2019,,false,,
Chapultenangospkr1-132_near-1,,Chapultenangospkr1,132_near,►,►,,,Kondic2019,,false,,
Chapultenangospkr1-133_warm-1,,Chapultenangospkr1,133_warm,►,►,,,Kondic2019,,false,,
Chapultenangospkr1-134_cold-1,,Chapultenangospkr1,134_cold,►,►,,,Kondic2019,,false,,
Chapultenangospkr1-135_dry-1,,Chapultenangospkr1,135_dry,►,►,,,Kondic2019,,false,,
Chapultenangospkr1-136_wet-1,,Chapultenangospkr1,136_wet,►,►,,,Kondic2019,,false,,
Chapultenangospkr1-137_new-1,,Chapultenangospkr1,137_new,►,►,,,Kondic2019,,false,,
Chapultenangospkr1-138_other-1,,Chapultenangospkr1,138_other,►,►,,,Kondic2019,,false,,
Chapultenangospkr1-139_come-1,,Chapultenangospkr1,139_come,►,►,,,Kondic2019,,false,,
Chapultenangospkr1-140_walk-1,,Chapultenangospkr1,140_walk,►,►,,,Kondic2019,,false,,
Chapultenangospkr1-141_grow-1,,Chapultenangospkr1,141_grow,►,►,,,Kondic2019,,false,,
Chapultenangospkr1-142_stand-1,,Chapultenangospkr1,142_stand,►,►,,,Kondic2019,,false,,
Chapultenangospkr1-143_sit-1,,Chapultenangospkr1,143_sit,►,►,,,Kondic2019,,false,,
Chapultenangospkr1-144_fall-1,,Chapultenangospkr1,144_fall,►,►,,,Kondic2019,,false,,
Chapultenangospkr1-145_liedown-1,,Chapultenangospkr1,145_liedown,►,►,,,Kondic2019,,false,,
Chapultenangospkr1-146_turn-1,,Chapultenangospkr1,146_turn,►,►,,,Kondic2019,,false,,
Chapultenangospkr1-147_climb-1,,Chapultenangospkr1,147_climb,►,►,,,Kondic2019,,false,,
Chapultenangospkr1-148_swim-1,,Chapultenangospkr1,148_swim,►,►,,,Kondic2019,,false,,
Chapultenangospkr1-149_flyverb-1,,Chapultenangospkr1,149_flyverb,►,►,,,Kondic2019,,false,,
Chapultenangospkr1-150_throw-1,,Chapultenangospkr1,150_throw,►,►,,,Kondic2019,,false,,
Chapultenangospkr1-151_hide-1,,Chapultenangospkr1,151_hide,►,►,,,Kondic2019,,false,,
Chapultenangospkr1-152_chew-1,,Chapultenangospkr1,152_chew,►,►,,,Kondic2019,,false,,
Chapultenangospkr1-153_eat-1,,Chapultenangospkr1,153_eat,►,►,,,Kondic2019,,false,,
Chapultenangospkr1-154_drink-1,,Chapultenangospkr1,154_drink,►,►,,,Kondic2019,,false,,
Chapultenangospkr1-155_bite-1,,Chapultenangospkr1,155_bite,►,►,,,Kondic2019,,false,,
Chapultenangospkr1-156_suck-1,,Chapultenangospkr1,156_suck,►,►,,,Kondic2019,,false,,
Chapultenangospkr1-157_yawn-1,,Chapultenangospkr1,157_yawn,►,►,,,Kondic2019,,false,,
Chapultenangospkr1-158_spit-1,,Chapultenangospkr1,158_spit,►,►,,,Kondic2019,,false,,
Chapultenangospkr1-159_dream-1,,Chapultenangospkr1,159_dream,►,►,,,Kondic2019,,false,,
Chapultenangospkr1-160_sleep-1,,Chapultenangospkr1,160_sleep,►,►,,,Kondic2019,,false,,
Chapultenangospkr1-161_live-1,,Chapultenangospkr1,161_live,►,►,,,Kondic2019,,false,,
Chapultenangospkr1-162_die-1,,Chapultenangospkr1,162_die,►,►,,,Kondic2019,,false,,
Chapultenangospkr1-163_kill-1,,Chapultenangospkr1,163_kill,►,►,,,Kondic2019,,false,,
Chapultenangospkr1-164_see-1,,Chapultenangospkr1,164_see,►,►,,,Kondic2019,,false,,
Chapultenangospkr1-165_hear-1,,Chapultenangospkr1,165_hear,►,►,,,Kondic2019,,false,,
Chapultenangospkr1-166_sniffsmell-1,,Chapultenangospkr1,166_sniffsmell,►,►,,,Kondic2019,,false,,
Chapultenangospkr1-167_know-1,,Chapultenangospkr1,167_know,►,►,,,Kondic2019,,false,,
Chapultenangospkr1-168_think-1,,Chapultenangospkr1,168_think,►,►,,,Kondic2019,,false,,
Chapultenangospkr1-169_laugh-1,,Chapultenangospkr1,169_laugh,►,►,,,Kondic2019,,false,,
Chapultenangospkr1-170_cry-1,,Chapultenangospkr1,170_cry,►,►,,,Kondic2019,,false,,
Chapultenangospkr1-171_blow-1,,Chapultenangospkr1,171_blow,►,►,,,Kondic2019,,false,,
Chapultenangospkr1-172_burn-1,,Chapultenangospkr1,172_burn,►,►,,,Kondic2019,,false,,
Chapultenangospkr1-173_flow-1,,Chapultenangospkr1,173_flow,►,►,,,Kondic2019,,false,,
Chapultenangospkr1-174_sew-1,,Chapultenangospkr1,174_sew,►,►,,,Kondic2019,,false,,
Chapultenangospkr1-175_pound-1,,Chapultenangospkr1,175_pound,►,►,,,Kondic2019,,false,,
Chapultenangospkr1-176_hit-1,,Chapultenangospkr1,176_hit,►,►,,,Kondic2019,,false,,
Chapultenangospkr1-177_cut-1,,Chapultenangospkr1,177_cut,►,►,,,Kondic2019,,false,,
Chapultenangospkr1-178_split-1,,Chapultenangospkr1,178_split,►,►,,,Kondic2019,,false,,
Chapultenangospkr1-179_dig-1,,Chapultenangospkr1,179_dig,►,►,,,Kondic2019,,false,,
Chapultenangospkr1-180_hunt-1,,Chapultenangospkr1,180_hunt,►,►,,,Kondic2019,,false,,
Chapultenangospkr1-181_hold-1,,Chapultenangospkr1,181_hold,►,►,,,Kondic2019,,false,,
Chapultenangospkr1-182_fear-1,,Chapultenangospkr1,182_fear,►,►,,,Kondic2019,,false,,
Chapultenangospkr1-183_count-1,,Chapultenangospkr1,183_count,►,►,,,Kondic2019,,false,,
Chapultenangospkr1-184_breathe-1,,Chapultenangospkr1,184_breathe,►,►,,,Kondic2019,,false,,
Chapultenangospkr1-185_vomit-1,,Chapultenangospkr1,185_vomit,►,►,,,Kondic2019,,false,,
Chapultenangospkr1-186_tieup-1,,Chapultenangospkr1,186_tieup,►,►,,,Kondic2019,,false,,
Chapultenangospkr1-187_squeeze-1,,Chapultenangospkr1,187_squeeze,►,►,,,Kondic2019,,false,,
Chapultenangospkr1-188_swell-1,,Chapultenangospkr1,188_swell,►,►,,,Kondic2019,,false,,
Chapultenangospkr1-189_say-1,,Chapultenangospkr1,189_say,►,►,,,Kondic2019,,false,,
Chapultenangospkr1-190_scratch-1,,Chapultenangospkr1,190_scratch,►,►,,,Kondic2019,,false,,
Chapultenangospkr1-191_stab-1,,Chapultenangospkr1,191_stab,►,►,,,Kondic2019,,false,,
Chapultenangospkr1-192_buy-1,,Chapultenangospkr1,192_buy,►,►,,,Kondic2019,,false,,
Chapultenangospkr1-193_steal-1,,Chapultenangospkr1,193_steal,►,►,,,Kondic2019,,false,,
Chapultenangospkr1-194_choose-1,,Chapultenangospkr1,194_choose,►,►,,,Kondic2019,,false,,
Chapultenangospkr1-195_plant-1,,Chapultenangospkr1,195_plant,►,►,,,Kondic2019,,false,,
Chapultenangospkr1-196_cook-1,,Chapultenangospkr1,196_cook,►,►,,,Kondic2019,,false,,
Chapultenangospkr1-197_shoot-1,,Chapultenangospkr1,197_shoot,►,►,,,Kondic2019,,false,,
Chapultenangospkr1-198_work-1,,Chapultenangospkr1,198_work,►,►,,,Kondic2019,,false,,
Chapultenangospkr1-199_open-1,,Chapultenangospkr1,199_open,►,►,,,Kondic2019,,false,,
Chapultenangospkr3-1_one-1,,Chapultenangospkr3,1_one,►,►,,,Kondic2019,,false,,
Chapultenangospkr3-2_two-1,,Chapultenangospkr3,2_two,►,►,,,Kondic2019,,false,,
Chapultenangospkr3-3_three-1,,Chapultenangospkr3,3_three,►,►,,,Kondic2019,,false,,
Chapultenangospkr3-4_four-1,,Chapultenangospkr3,4_four,►,►,,,Kondic2019,,false,,
Chapultenangospkr3-5_year-1,,Chapultenangospkr3,5_year,►,►,,,Kondic2019,,false,,
Chapultenangospkr3-6_right-1,,Chapultenangospkr3,6_right,►,►,,,Kondic2019,,false,,
Chapultenangospkr3-7_left-1,,Chapultenangospkr3,7_left,►,►,,,Kondic2019,,false,,
Chapultenangospkr3-8_i-1,,Chapultenangospkr3,8_i,►,►,,,Kondic2019,,false,,
Chapultenangospkr3-10_weallincl-1,,Chapultenangospkr3,10_weallincl,►,►,,,Kondic2019,,false,,
Chapultenangospkr3-11_yousg-1,,Chapultenangospkr3,11_yousg,►,►,,,Kondic2019,,false,,
Chapultenangospkr3-12_heshe-1,,Chapultenangospkr3,12_heshe,►,►,,,Kondic2019,,false,,
Chapultenangospkr3-13_theyall-1,,Chapultenangospkr3,13_theyall,►,►,,,Kondic2019,,false,,
Chapultenangospkr3-14_nonot-1,,Chapultenangospkr3,14_nonot,►,►,,,Kondic2019,,false,,
Chapultenangospkr3-15_what-1,,Chapultenangospkr3,15_what,►,►,,,Kondic2019,,false,,
Chapultenangospkr3-16_who-1,,Chapultenangospkr3,16_who,►,►,,,Kondic2019,,false,,
Chapultenangospkr3-17_where-1,,Chapultenangospkr3,17_where,►,►,,,Kondic2019,,false,,
Chapultenangospkr3-18_when-1,,Chapultenangospkr3,18_when,►,►,,,Kondic2019,,false,,
Chapultenangospkr3-19_how-1,,Chapultenangospkr3,19_how,►,►,,,Kondic2019,,false,,
Chapultenangospkr3-20_this-1,,Chapultenangospkr3,20_this,►,►,,,Kondic2019,,false,,
Chapultenangospkr3-21_that-1,,Chapultenangospkr3,21_that,►,►,,,Kondic2019,,false,,
Chapultenangospkr3-23_above-1,,Chapultenangospkr3,23_above,►,►,,,Kondic2019,,false,,
Chapultenangospkr3-24_below-1,,Chapultenangospkr3,24_below,►,►,,,Kondic2019,,false,,
Chapultenangospkr3-25_ininside-1,,Chapultenangospkr3,25_ininside,►,►,,,Kondic2019,,false,,
Chapultenangospkr3-27_head-1,,Chapultenangospkr3,27_head,►,►,,,Kondic2019,,false,,
Chapultenangospkr3-28_hair-1,,Chapultenangospkr3,28_hair,►,►,,,Kondic2019,,false,,
Chapultenangospkr3-29_eye-1,,Chapultenangospkr3,29_eye,►,►,,,Kondic2019,,false,,
Chapultenangospkr3-30_nose-1,,Chapultenangospkr3,30_nose,►,►,,,Kondic2019,,false,,
Chapultenangospkr3-31_ear-1,,Chapultenangospkr3,31_ear,►,►,,,Kondic2019,,false,,
Chapultenangospkr3-32_mouth-1,,Chapultenangospkr3,32_mouth,►,►,,,Kondic2019,,false,,
Chapultenangospkr3-33_tongue-1,,Chapultenangospkr3,33_tongue,►,►,,,Kondic2019,,false,,
Chapultenangospkr3-34_tooth-1,,Chapultenangospkr3,34_tooth,►,►,,,Kondic2019,,false,,
Chapultenangospkr3-35_hand-1,,Chapultenangospkr3,35_hand,►,►,,,Kondic2019,,false,,
Chapultenangospkr3-36_shoulder-1,,Chapultenangospkr3,36_shoulder,►,►,,,Kondic2019,,false,,
Chapultenangospkr3-37_neck-1,,Chapultenangospkr3,37_neck,►,►,,,Kondic2019,,false,,
Chapultenangospkr3-38_back-1,,Chapultenangospkr3,38_back,►,►,,,Kondic2019,,false,,
Chapultenangospkr3-39_leg-1,,Chapultenangospkr3,39_leg,►,►,,,Kondic2019,,false,,
Chapultenangospkr3-40_blood-1,,Chapultenangospkr3,40_blood,►,►,,,Kondic2019,,false,,
Chapultenangospkr3-41_bone-1,,Chapultenangospkr3,41_bone,►,►,,,Kondic2019,,false,,
Chapultenangospkr3-42_skin-1,,Chapultenangospkr3,42_skin,►,►,,,Kondic2019,,false,,
Chapultenangospkr3-43_belly-1,,Chapultenangospkr3,43_belly,►,►,,,Kondic2019,,false,,
Chapultenangospkr3-44_intestines-1,,Chapultenangospkr3,44_intestines,►,►,,,Kondic2019,,false,,
Chapultenangospkr3-45_breast-1,,Chapultenangospkr3,45_breast,►,►,,,Kondic2019,,false,,
Chapultenangospkr3-46_liver-1,,Chapultenangospkr3,46_liver,►,►,,,Kondic2019,,false,,
Chapultenangospkr3-47_dog-1,,Chapultenangospkr3,47_dog,►,►,,,Kondic2019,,false,,
Chapultenangospkr3-48_bird-1,,Chapultenangospkr3,48_bird,►,►,,,Kondic2019,,false,,
Chapultenangospkr3-49_fish-1,,Chapultenangospkr3,49_fish,►,►,,,Kondic2019,,false,,
Chapultenangospkr3-50_snake-1,,Chapultenangospkr3,50_snake,►,►,,,Kondic2019,,false,,
Chapultenangospkr3-51_worm-1,,Chapultenangospkr3,51_worm,►,►,,,Kondic2019,,false,,
Chapultenangospkr3-52_louse-1,,Chapultenangospkr3,52_louse,►,►,,,Kondic2019,,false,,
Chapultenangospkr3-53_rat-1,,Chapultenangospkr3,53_rat,►,►,,,Kondic2019,,false,,
Chapultenangospkr3-54_spider-1,,Chapultenangospkr3,54_spider,►,►,,,Kondic2019,,false,,
Chapultenangospkr3-55_mosquito-1,,Chapultenangospkr3,55_mosquito,►,►,,,Kondic2019,,false,,
Chapultenangospkr3-56_egg-1,,Chapultenangospkr3,56_egg,►,►,,,Kondic2019,,false,,
Chapultenangospkr3-57_tail-1,,Chapultenangospkr3,57_tail,►,►,,,Kondic2019,,false,,
Chapultenangospkr3-58_wing-1,,Chapultenangospkr3,58_wing,►,►,,,Kondic2019,,false,,
Chapultenangospkr3-59_feather-1,,Chapultenangospkr3,59_feather,►,►,,,Kondic2019,,false,,
Chapultenangospkr3-60_person-1,,Chapultenangospkr3,60_person,►,►,,,Kondic2019,,false,,
Chapultenangospkr3-61_man-1,,Chapultenangospkr3,61_man,►,►,,,Kondic2019,,false,,
Chapultenangospkr3-62_woman-1,,Chapultenangospkr3,62_woman,►,►,,,Kondic2019,,false,,
Chapultenangospkr3-63_child-1,,Chapultenangospkr3,63_child,►,►,,,Kondic2019,,false,,
Chapultenangospkr3-64_name-1,,Chapultenangospkr3,64_name,►,►,,,Kondic2019,,false,,
Chapultenangospkr3-65_mother-1,,Chapultenangospkr3,65_mother,►,►,,,Kondic2019,,false,,
Chapultenangospkr3-66_father-1,,Chapultenangospkr3,66_father,►,►,,,Kondic2019,,false,,
Chapultenangospkr3-67_husband-1,,Chapultenangospkr3,67_husband,►,►,,,Kondic2019,,false,,
Chapultenangospkr3-68_wife-1,,Chapultenangospkr3,68_wife,►,►,,,Kondic2019,,false,,
Chapultenangospkr3-69_day-1,,Chapultenangospkr3,69_day,►,►,,,Kondic2019,,false,,
Chapultenangospkr3-70_night-1,,Chapultenangospkr3,70_night,►,►,,,Kondic2019,,false,,
Chapultenangospkr3-71_moon-1,,Chapultenangospkr3,71_moon,►,►,,,Kondic2019,,false,,
Chapultenangospkr3-72_star-1,,Chapultenangospkr3,72_star,►,►,,,Kondic2019,,false,,
Chapultenangospkr3-73_sky-1,,Chapultenangospkr3,73_sky,►,►,,,Kondic2019,,false,,
Chapultenangospkr3-74_water-1,,Chapultenangospkr3,74_water,►,►,,,Kondic2019,,false,,
Chapultenangospkr3-75_lake-1,,Chapultenangospkr3,75_lake,►,►,,,Kondic2019,,false,,
Chapultenangospkr3-76_sea-1,,Chapultenangospkr3,76_sea,►,►,,,Kondic2019,,false,,
Chapultenangospkr3-77_fire-1,,Chapultenangospkr3,77_fire,►,►,,,Kondic2019,,false,,
Chapultenangospkr3-78_smoke-1,,Chapultenangospkr3,78_smoke,►,►,,,Kondic2019,,false,,
Chapultenangospkr3-79_ash-1,,Chapultenangospkr3,79_ash,►,►,,,Kondic2019,,false,,
Chapultenangospkr3-80_stone-1,,Chapultenangospkr3,80_stone,►,►,,,Kondic2019,,false,,
Chapultenangospkr3-81_earthsoil-1,,Chapultenangospkr3,81_earthsoil,►,►,,,Kondic2019,,false,,
Chapultenangospkr3-82_dust-1,,Chapultenangospkr3,82_dust,►,►,,,Kondic2019,,false,,
Chapultenangospkr3-83_sand-1,,Chapultenangospkr3,83_sand,►,►,,,Kondic2019,,false,,
Chapultenangospkr3-84_rain-1,,Chapultenangospkr3,84_rain,►,►,,,Kondic2019,,false,,
Chapultenangospkr3-85_cloud-1,,Chapultenangospkr3,85_cloud,►,►,,,Kondic2019,,false,,
Chapultenangospkr3-86_wind-1,,Chapultenangospkr3,86_wind,►,►,,,Kondic2019,,false,,
Chapultenangospkr3-87_fog-1,,Chapultenangospkr3,87_fog,►,►,,,Kondic2019,,false,,
Chapultenangospkr3-88_thunder-1,,Chapultenangospkr3,88_thunder,►,►,,,Kondic2019,,false,,
Chapultenangospkr3-89_lightning-1,,Chapultenangospkr3,89_lightning,►,►,,,Kondic2019,,false,,
Chapultenangospkr3-90_meatflesh-1,,Chapultenangospkr3,90_meatflesh,►,►,,,Kondic2019,,false,,
Chapultenangospkr3-91_salt-1,,Chapultenangospkr3,91_salt,►,►,,,Kondic2019,,false,,
Chapultenangospkr3-92_fatgrease-1,,Chapultenangospkr3,92_fatgrease,►,►,,,Kondic2019,,false,,
Chapultenangospkr3-93_fruit-1,,Chapultenangospkr3,93_fruit,►,►,,,Kondic2019,,false,,
Chapultenangospkr3-94_woodsforest-1,,Chapultenangospkr3,94_woodsforest,►,►,,,Kondic2019,,false,,
Chapultenangospkr3-95_root-1,,Chapultenangospkr3,95_root,►,►,,,Kondic2019,,false,,
Chapultenangospkr3-96_branch-1,,Chapultenangospkr3,96_branch,►,►,,,Kondic2019,,false,,
Chapultenangospkr3-97_leaf-1,,Chapultenangospkr3,97_leaf,►,►,,,Kondic2019,,false,,
Chapultenangospkr3-98_wood-1,,Chapultenangospkr3,98_wood,►,►,,,Kondic2019,,false,,
Chapultenangospkr3-99_grass-1,,Chapultenangospkr3,99_grass,►,►,,,Kondic2019,,false,,
Chapultenangospkr3-100_flower-1,,Chapultenangospkr3,100_flower,►,►,,,Kondic2019,,false,,
Chapultenangospkr3-101_thatchroof-1,,Chapultenangospkr3,101_thatchroof,►,►,,,Kondic2019,,false,,
Chapultenangospkr3-102_house-1,,Chapultenangospkr3,102_house,►,►,,,Kondic2019,,false,,
Chapultenangospkr3-103_rope-1,,Chapultenangospkr3,103_rope,►,►,,,Kondic2019,,false,,
Chapultenangospkr3-104_needle-1,,Chapultenangospkr3,104_needle,►,►,,,Kondic2019,,false,,
Chapultenangospkr3-105_roadpath-1,,Chapultenangospkr3,105_roadpath,►,►,,,Kondic2019,,false,,
Chapultenangospkr3-106_black-1,,Chapultenangospkr3,106_black,►,►,,,Kondic2019,,false,,
Chapultenangospkr3-107_white-1,,Chapultenangospkr3,107_white,►,►,,,Kondic2019,,false,,
Chapultenangospkr3-108_red-1,,Chapultenangospkr3,108_red,►,►,,,Kondic2019,,false,,
Chapultenangospkr3-109_green-1,,Chapultenangospkr3,109_green,►,►,,,Kondic2019,,false,,
Chapultenangospkr3-110_yellow-1,,Chapultenangospkr3,110_yellow,►,►,,,Kondic2019,,false,,
Chapultenangospkr3-111_big-1,,Chapultenangospkr3,111_big,►,►,,,Kondic2019,,false,,
Chapultenangospkr3-112_small-1,,Chapultenangospkr3,112_small,►,►,,,Kondic2019,,false,,
Chapultenangospkr3-113_long-1,,Chapultenangospkr3,113_long,►,►,,,Kondic2019,,false,,
Chapultenangospkr3-114_short-1,,Chapultenangospkr3,114_short,►,►,,,Kondic2019,,false,,
Chapultenangospkr3-115_thick-1,,Chapultenangospkr3,115_thick,►,►,,,Kondic2019,,false,,
Chapultenangospkr3-116_thin-1,,Chapultenangospkr3,116_thin,►,►,,,Kondic2019,,false,,
Chapultenangospkr3-118_wide-1,,Chapultenangospkr3,118_wide,►,►,,,Kondic2019,,false,,
Chapultenangospkr3-119_sharp-1,,Chapultenangospkr3,119_sharp,►,►,,,Kondic2019,,false,,
Chapultenangospkr3-120_bluntdull-1,,Chapultenangospkr3,120_bluntdull,►,►,,,Kondic2019,,false,,
Chapultenangospkr3-121_shyashamed-1,,Chapultenangospkr3,121_shyashamed,►,►,,,Kondic2019,,false,,
Chapultenangospkr3-122_old-1,,Chapultenangospkr3,122_old,►,►,,,Kondic2019,,false,,
Chapultenangospkr3-123_painfulsick-1,,Chapultenangospkr3,123_painfulsick,►,►,,,Kondic2019,,false,,
Chapultenangospkr3-124_good-1,,Chapultenangospkr3,124_good,►,►,,,Kondic2019,,false,,
Chapultenangospkr3-125_bad-1,,Chapultenangospkr3,125_bad,►,►,,,Kondic2019,,false,,
Chapultenangospkr3-126_correcttrue-1,,Chapultenangospkr3,126_correcttrue,►,►,,,Kondic2019,,false,,
Chapultenangospkr3-127_dirty-1,,Chapultenangospkr3,127_dirty,►,►,,,Kondic2019,,false,,
Chapultenangospkr3-128_rotten-1,,Chapultenangospkr3,128_rotten,►,►,,,Kondic2019,,false,,
Chapultenangospkr3-129_all-1,,Chapultenangospkr3,129_all,►,►,,,Kondic2019,,false,,
Chapultenangospkr3-130_heavy-1,,Chapultenangospkr3,130_heavy,►,►,,,Kondic2019,,false,,
Chapultenangospkr3-131_far-1,,Chapultenangospkr3,131_far,►,►,,,Kondic2019,,false,,
Chapultenangospkr3-132_near-1,,Chapultenangospkr3,132_near,►,►,,,Kondic2019,,false,,
Chapultenangospkr3-133_warm-1,,Chapultenangospkr3,133_warm,►,►,,,Kondic2019,,false,,
Chapultenangospkr3-134_cold-1,,Chapultenangospkr3,134_cold,►,►,,,Kondic2019,,false,,
Chapultenangospkr3-135_dry-1,,Chapultenangospkr3,135_dry,►,►,,,Kondic2019,,false,,
Chapultenangospkr3-136_wet-1,,Chapultenangospkr3,136_wet,►,►,,,Kondic2019,,false,,
Chapultenangospkr3-137_new-1,,Chapultenangospkr3,137_new,►,►,,,Kondic2019,,false,,
Chapultenangospkr3-138_other-1,,Chapultenangospkr3,138_other,►,►,,,Kondic2019,,false,,
Chapultenangospkr3-139_come-1,,Chapultenangospkr3,139_come,►,►,,,Kondic2019,,false,,
Chapultenangospkr3-140_walk-1,,Chapultenangospkr3,140_walk,►,►,,,Kondic2019,,false,,
Chapultenangospkr3-141_grow-1,,Chapultenangospkr3,141_grow,►,►,,,Kondic2019,,false,,
Chapultenangospkr3-142_stand-1,,Chapultenangospkr3,142_stand,►,►,,,Kondic2019,,false,,
Chapultenangospkr3-143_sit-1,,Chapultenangospkr3,143_sit,►,►,,,Kondic2019,,false,,
Chapultenangospkr3-144_fall-1,,Chapultenangospkr3,144_fall,►,►,,,Kondic2019,,false,,
Chapultenangospkr3-145_liedown-1,,Chapultenangospkr3,145_liedown,►,►,,,Kondic2019,,false,,
Chapultenangospkr3-146_turn-1,,Chapultenangospkr3,146_turn,►,►,,,Kondic2019,,false,,
Chapultenangospkr3-147_climb-1,,Chapultenangospkr3,147_climb,►,►,,,Kondic2019,,false,,
Chapultenangospkr3-148_swim-1,,Chapultenangospkr3,148_swim,►,►,,,Kondic2019,,false,,
Chapultenangospkr3-149_flyverb-1,,Chapultenangospkr3,149_flyverb,►,►,,,Kondic2019,,false,,
Chapultenangospkr3-150_throw-1,,Chapultenangospkr3,150_throw,►,►,,,Kondic2019,,false,,
Chapultenangospkr3-151_hide-1,,Chapultenangospkr3,151_hide,►,►,,,Kondic2019,,false,,
Chapultenangospkr3-152_chew-1,,Chapultenangospkr3,152_chew,►,►,,,Kondic2019,,false,,
Chapultenangospkr3-153_eat-1,,Chapultenangospkr3,153_eat,►,►,,,Kondic2019,,false,,
Chapultenangospkr3-154_drink-1,,Chapultenangospkr3,154_drink,►,►,,,Kondic2019,,false,,
Chapultenangospkr3-155_bite-1,,Chapultenangospkr3,155_bite,►,►,,,Kondic2019,,false,,
Chapultenangospkr3-156_suck-1,,Chapultenangospkr3,156_suck,►,►,,,Kondic2019,,false,,
Chapultenangospkr3-157_yawn-1,,Chapultenangospkr3,157_yawn,►,►,,,Kondic2019,,false,,
Chapultenangospkr3-158_spit-1,,Chapultenangospkr3,158_spit,►,►,,,Kondic2019,,false,,
Chapultenangospkr3-159_dream-1,,Chapultenangospkr3,159_dream,►,►,,,Kondic2019,,false,,
Chapultenangospkr3-160_sleep-1,,Chapultenangospkr3,160_sleep,►,►,,,Kondic2019,,false,,
Chapultenangospkr3-161_live-1,,Chapultenangospkr3,161_live,►,►,,,Kondic2019,,false,,
Chapultenangospkr3-162_die-1,,Chapultenangospkr3,162_die,►,►,,,Kondic2019,,false,,
Chapultenangospkr3-163_kill-1,,Chapultenangospkr3,163_kill,►,►,,,Kondic2019,,false,,
Chapultenangospkr3-164_see-1,,Chapultenangospkr3,164_see,►,►,,,Kondic2019,,false,,
Chapultenangospkr3-165_hear-1,,Chapultenangospkr3,165_hear,►,►,,,Kondic2019,,false,,
Chapultenangospkr3-166_sniffsmell-1,,Chapultenangospkr3,166_sniffsmell,►,►,,,Kondic2019,,false,,
Chapultenangospkr3-167_know-1,,Chapultenangospkr3,167_know,►,►,,,Kondic2019,,false,,
Chapultenangospkr3-168_think-1,,Chapultenangospkr3,168_think,►,►,,,Kondic2019,,false,,
Chapultenangospkr3-169_laugh-1,,Chapultenangospkr3,169_laugh,►,►,,,Kondic2019,,false,,
Chapultenangospkr3-170_cry-1,,Chapultenangospkr3,170_cry,►,►,,,Kondic2019,,false,,
Chapultenangospkr3-171_blow-1,,Chapultenangospkr3,171_blow,►,►,,,Kondic2019,,false,,
Chapultenangospkr3-172_burn-1,,Chapultenangospkr3,172_burn,►,►,,,Kondic2019,,false,,
Chapultenangospkr3-173_flow-1,,Chapultenangospkr3,173_flow,►,►,,,Kondic2019,,false,,
Chapultenangospkr3-174_sew-1,,Chapultenangospkr3,174_sew,►,►,,,Kondic2019,,false,,
Chapultenangospkr3-175_pound-1,,Chapultenangospkr3,175_pound,►,►,,,Kondic2019,,false,,
Chapultenangospkr3-176_hit-1,,Chapultenangospkr3,176_hit,►,►,,,Kondic2019,,false,,
Chapultenangospkr3-177_cut-1,,Chapultenangospkr3,177_cut,►,►,,,Kondic2019,,false,,
Chapultenangospkr3-178_split-1,,Chapultenangospkr3,178_split,►,►,,,Kondic2019,,false,,
Chapultenangospkr3-179_dig-1,,Chapultenangospkr3,179_dig,►,►,,,Kondic2019,,false,,
Chapultenangospkr3-180_hunt-1,,Chapultenangospkr3,180_hunt,►,►,,,Kondic2019,,false,,
Chapultenangospkr3-181_hold-1,,Chapultenangospkr3,181_hold,►,►,,,Kondic2019,,false,,
Chapultenangospkr3-182_fear-1,,Chapultenangospkr3,182_fear,►,►,,,Kondic2019,,false,,
Chapultenangospkr3-183_count-1,,Chapultenangospkr3,183_count,►,►,,,Kondic2019,,false,,
Chapultenangospkr3-184_breathe-1,,Chapultenangospkr3,184_breathe,►,►,,,Kondic2019,,false,,
Chapultenangospkr3-185_vomit-1,,Chapultenangospkr3,185_vomit,►,►,,,Kondic2019,,false,,
Chapultenangospkr3-186_tieup-1,,Chapultenangospkr3,186_tieup,►,►,,,Kondic2019,,false,,
Chapultenangospkr3-187_squeeze-1,,Chapultenangospkr3,187_squeeze,►,►,,,Kondic2019,,false,,
Chapultenangospkr3-188_swell-1,,Chapultenangospkr3,188_swell,►,►,,,Kondic2019,,false,,
Chapultenangospkr3-189_say-1,,Chapultenangospkr3,189_say,►,►,,,Kondic2019,,false,,
Chapultenangospkr3-190_scratch-1,,Chapultenangospkr3,190_scratch,►,►,,,Kondic2019,,false,,
Chapultenangospkr3-191_stab-1,,Chapultenangospkr3,191_stab,►,►,,,Kondic2019,,false,,
Chapultenangospkr3-192_buy-1,,Chapultenangospkr3,192_buy,►,►,,,Kondic2019,,false,,
Chapultenangospkr3-193_steal-1,,Chapultenangospkr3,193_steal,►,►,,,Kondic2019,,false,,
Chapultenangospkr3-194_choose-1,,Chapultenangospkr3,194_choose,►,►,,,Kondic2019,,false,,
Chapultenangospkr3-195_plant-1,,Chapultenangospkr3,195_plant,►,►,,,Kondic2019,,false,,
Chapultenangospkr3-196_cook-1,,Chapultenangospkr3,196_cook,►,►,,,Kondic2019,,false,,
Chapultenangospkr3-197_shoot-1,,Chapultenangospkr3,197_shoot,►,►,,,Kondic2019,,false,,
Chapultenangospkr3-198_work-1,,Chapultenangospkr3,198_work,►,►,,,Kondic2019,,false,,
Chapultenangospkr3-199_open-1,,Chapultenangospkr3,199_open,►,►,,,Kondic2019,,false,,
Chapultenangospkr4-1_one-1,,Chapultenangospkr4,1_one,tumə,tumə,t u m ə,,Kondic2023,,false,^ t u m ə $,default
Chapultenangospkr4-2_two-1,,Chapultenangospkr4,2_two,metsa,metsa,m e ts a,,Kondic2023,,false,^ m e ts a $,default
Chapultenangospkr4-3_three-1,,Chapultenangospkr4,3_three,tukaj,tukaj,t u k a j,,Kondic2023,,false,^ t u k a j $,default
Chapultenangospkr4-4_four-1,,Chapultenangospkr4,4_four,maʃkuj,maʃkuj,m a ʃ k u j,,Kondic2023,,false,^ m a ʃ k u j $,default
Chapultenangospkr4-5_year-1,,Chapultenangospkr4,5_year,ame,ame,a m e,,Kondic2023,,false,^ a m e $,default
Chapultenangospkr4-6_right-1,,Chapultenangospkr4,6_right,wijən,wijən,w i j ə n,,Kondic2023,,false,^ w i j ə n $,default
Chapultenangospkr4-8_i-1,,Chapultenangospkr4,8_i,əjtsi,əjtsi,ə j ts i,,Kondic2023,,false,^ ə j ts i $,default
Chapultenangospkr4-9_weallexcl-1,,Chapultenangospkr4,9_weallexcl,əhtsiʔidəm,əhtsiʔidəm,ə h ts i ʔ i d ə m,,Kondic2023,,false,^ ə h ts iʔi d ə m $,default
Chapultenangospkr4-10_weallincl-1,,Chapultenangospkr4,10_weallincl,əhtsiʔidəm,əhtsiʔidəm,ə h ts i ʔ i d ə m,,Kondic2023,,false,^ ə h ts iʔi d ə m $,default
Chapultenangospkr4-11_yousg-1,,Chapultenangospkr4,11_yousg,mihtsi,mihtsi,m i h ts i,,Kondic2023,,false,^ m i h ts i $,default
Chapultenangospkr4-12_heshe-1,,Chapultenangospkr4,12_heshe,te,te,t e,,Kondic2023,,false,^ t e $,default
Chapultenangospkr4-13_theyall-1,,Chapultenangospkr4,13_theyall,hikədə,hikədə,h i k ə d ə,,Kondic2023,,false,^ h i k ə d ə $,default
Chapultenangospkr4-14_nonot-1,,Chapultenangospkr4,14_nonot,hinə,hinə,h i n ə,,Kondic2023,,false,^ h i n ə $,default
Chapultenangospkr4-15_what-1,,Chapultenangospkr4,15_what,tijə,tijə,t i j ə,,Kondic2023,,false,^ t i j ə $,default
Chapultenangospkr4-16_who-1,,Chapultenangospkr4,16_who,ijə,ijə,i j ə,,Kondic2023,,false,^ i j ə $,default
Chapultenangospkr4-17_where-1,,Chapultenangospkr4,17_where,huʔudə,huʔudə,h u ʔ u d ə,,Kondic2023,,false,^ h uʔu d ə $,default
Chapultenangospkr4-18_when-1,,Chapultenangospkr4,18_when,hutʃə,hutʃə,h u tʃ ə,,Kondic2023,,false,^ h u tʃ ə $,default
Chapultenangospkr4-19_how-1,,Chapultenangospkr4,19_how,huhtʃe,huhtʃe,h u h tʃ e,,Kondic2023,,false,^ h u h tʃ e $,default
Chapultenangospkr4-20_this-1,,Chapultenangospkr4,20_this,jəʔə,jəʔə,j ə ʔ ə,,Kondic2023,,false,^ j əʔə $,default
Chapultenangospkr4-21_that-1,,Chapultenangospkr4,21_that,teʔe,teʔe,t e ʔ e,,Kondic2023,,false,^ t eʔe $,default
Chapultenangospkr4-22_and-1,,Chapultenangospkr4,22_and,teʔsedikə,teʔsedikə,t e ʔ s e d i k ə,,Kondic2023,,false,^ t e ʔ s e d i k ə $,default
Chapultenangospkr4-23_above-1,,Chapultenangospkr4,23_above,kəʔəsi,kəʔəsi,k ə ʔ ə s i,,Kondic2023,,false,^ k əʔə s i $,default
Chapultenangospkr4-24_below-1,,Chapultenangospkr4,24_below,məʔənə,məʔənə,m ə ʔ ə n ə,,Kondic2023,,false,^ m əʔə n ə $,default
Chapultenangospkr4-26_at-1,,Chapultenangospkr4,26_at,hohmu,hohmu,h o h m u,,Kondic2023,,false,^ h o h m u $,default
Chapultenangospkr4-27_head-1,,Chapultenangospkr4,27_head,kowak,kowak,k o w a k,,Kondic2023,,false,^ k o w a k $,default
Chapultenangospkr4-28_hair-1,,Chapultenangospkr4,28_hair,wahʲ,wahʲ,w a hʲ,,Kondic2023,,false,^ w a hʲ $,default
Chapultenangospkr4-29_eye-1,,Chapultenangospkr4,29_eye,wiʔidəm,wiʔidəm,w i ʔ i d ə m,,Kondic2023,,false,^ w iʔi d ə m $,default
Chapultenangospkr4-30_nose-1,,Chapultenangospkr4,30_nose,kinə,kinə,k i n ə,,Kondic2023,,false,^ k i n ə $,default
Chapultenangospkr4-31_ear-1,,Chapultenangospkr4,31_ear,tatsəhk,tatsəhk,t a ts ə h k,,Kondic2023,,false,^ t a ts ə h k $,default
Chapultenangospkr4-32_mouth-1,,Chapultenangospkr4,32_mouth,agnaka,agnaka,a g n a k a,,Kondic2023,,false,^ a g n a k a $,default
Chapultenangospkr4-33_tongue-1,,Chapultenangospkr4,33_tongue,təts,təts,t ə ts,,Kondic2023,,false,^ t ə ts $,default
Chapultenangospkr4-34_tooth-1,,Chapultenangospkr4,34_tooth,təʔəhts,təʔəhts,t ə ʔ ə h ts,,Kondic2023,,false,^ t əʔə h ts $,default
Chapultenangospkr4-35_hand-1,,Chapultenangospkr4,35_hand,kəʔ,kəʔ,k ə ʔ,,Kondic2023,,false,^ k ə ʔ $,default
Chapultenangospkr4-36_shoulder-1,,Chapultenangospkr4,36_shoulder,peki,peki,p e k i,,Kondic2023,,false,^ p e k i $,default
Chapultenangospkr4-37_neck-1,,Chapultenangospkr4,37_neck,kəʔənə,kəʔənə,k ə ʔ ə n ə,,Kondic2023,,false,^ k əʔə n ə $,default
Chapultenangospkr4-38_back-1,,Chapultenangospkr4,38_back,uka,uka,u k a,,Kondic2023,,false,^ u k a $,default
Chapultenangospkr4-39_leg-1,,Chapultenangospkr4,39_leg,taʔa,taʔa,t a ʔ a,,Kondic2023,,false,^ t aʔa $,default
Chapultenangospkr4-40_blood-1,,Chapultenangospkr4,40_blood,nəʔbin,nəʔbin,n ə ʔ b i n,,Kondic2023,,false,^ n ə ʔ b i n $,default
Chapultenangospkr4-41_bone-1,,Chapultenangospkr4,41_bone,pahk,pahk,p a h k,,Kondic2023,,false,^ p a h k $,default
Chapultenangospkr4-42_skin-1,,Chapultenangospkr4,42_skin,ɲaka,ɲaka,ɲ a k a,<j-naka 3SG-skin 'his skin' <-naka 'skin',Kondic2023,,false,^ ɲ a k a $,default
Chapultenangospkr4-43_belly-1,,Chapultenangospkr4,43_belly,tsehk,tsehk,ts e h k,,Kondic2023,,false,^ ts e h k $,default
Chapultenangospkr4-44_intestines-1,,Chapultenangospkr4,44_intestines,puʔu,puʔu,p u ʔ u,,Kondic2023,,false,^ p uʔu $,default
Chapultenangospkr4-45_breast-1,,Chapultenangospkr4,45_breast,tsuʔuʔtsi,tsuʔuʔtsi,ts u ʔ u ʔ ts i,,Kondic2023,,false,^ ts uʔu ʔ ts i $,default
Chapultenangospkr4-46_liver-1,,Chapultenangospkr4,46_liver,paʔat,paʔat,p a ʔ a t,,Kondic2023,,false,^ p aʔa t $,default
Chapultenangospkr4-47_dog-1,,Chapultenangospkr4,47_dog,tuʔuj,tuʔuj,t u ʔ u j,,Kondic2023,,false,^ t uʔu j $,default
Chapultenangospkr4-48_bird-1,,Chapultenangospkr4,48_bird,hoʔontʃi,hoʔontʃi,h o ʔ o n tʃ i,,Kondic2023,,false,^ h oʔo n tʃ i $,default
Chapultenangospkr4-49_fish-1,,Chapultenangospkr4,49_fish,punu,punu,p u n u,,Kondic2023,,false,^ p u n u $,default
Chapultenangospkr4-51_worm-1,,Chapultenangospkr4,51_worm,punu,punu,p u n u,,Kondic2023,,false,^ p u n u $,default
Chapultenangospkr4-53_rat-1,,Chapultenangospkr4,53_rat,tsuhk,tsuhk,ts u h k,,Kondic2023,,false,^ ts u h k $,default
Chapultenangospkr4-55_mosquito-1,,Chapultenangospkr4,55_mosquito,usu,usu,u s u,,Kondic2023,,false,^ u s u $,default
Chapultenangospkr4-56_egg-1,,Chapultenangospkr4,56_egg,poʔka,poʔka,p o ʔ k a,,Kondic2023,,false,^ p o ʔ k a $,default
Chapultenangospkr4-57_tail-1,,Chapultenangospkr4,57_tail,tuʔuts,tuʔuts,t u ʔ u ts,,Kondic2023,,false,^ t uʔu ts $,default
Chapultenangospkr4-58_wing-1,,Chapultenangospkr4,58_wing,saha,saha,s a h a,,Kondic2023,,false,^ s a h a $,default
Chapultenangospkr4-60_person-1,,Chapultenangospkr4,60_person,pət,pət,p ə t,,Kondic2023,,false,^ p ə t $,default
Chapultenangospkr4-61_man-1,,Chapultenangospkr4,61_man,pət,pət,p ə t,,Kondic2023,,false,^ p ə t $,default
Chapultenangospkr4-62_woman-1,,Chapultenangospkr4,62_woman,jomo,jomo,j o m o,,Kondic2023,,false,^ j o m o $,default
Chapultenangospkr4-63_child-1,,Chapultenangospkr4,63_child,ŋaj,ŋaj,ŋ a j,<n-kaj POSS1-child 'my child' <-kaj 'child',Kondic2023,,false,^ ŋ a j $,default
Chapultenangospkr4-64_name-1,,Chapultenangospkr4,64_name,nəji,nəji,n ə j i,,Kondic2023,,false,^ n ə j i $,default
Chapultenangospkr4-65_mother-1,,Chapultenangospkr4,65_mother,maji,maji,m a j i,,Kondic2023,,false,^ m a j i $,default
Chapultenangospkr4-66_father-1,,Chapultenangospkr4,66_father,hara,hara,h a r a,,Kondic2023,,false,^ h a r a $,default
Chapultenangospkr4-67_husband-1,,Chapultenangospkr4,67_husband,hajə,hajə,h a j ə,,Kondic2023,,false,^ h a j ə $,default
Chapultenangospkr4-68_wife-1,,Chapultenangospkr4,68_wife,njomo,njomo,n j o m o,<n-jomo 1SG-woman 'my wife' <-jomo 'women',Kondic2023,,false,^ n j o m o $,default
Chapultenangospkr4-69_day-1,,Chapultenangospkr4,69_day,hama,hama,h a m a,,Kondic2023,,false,^ h a m a $,default
Chapultenangospkr4-70_night-1,,Chapultenangospkr4,70_night,piʔitsə,piʔitsə,p i ʔ i ts ə,,Kondic2023,,false,^ p iʔi ts ə $,default
Chapultenangospkr4-71_moon-1,,Chapultenangospkr4,71_moon,poja,poja,p o j a,,Kondic2023,,false,^ p o j a $,default
Chapultenangospkr4-72_star-1,,Chapultenangospkr4,72_star,matsa,matsa,m a ts a,,Kondic2023,,false,^ m a ts a $,default
Chapultenangospkr4-73_sky-1,,Chapultenangospkr4,73_sky,kəʔətsəhk,kəʔətsəhk,k ə ʔ ə ts ə h k,,Kondic2023,,false,^ k əʔə ts ə h k $,default
Chapultenangospkr4-74_water-1,,Chapultenangospkr4,74_water,nəʔ,nəʔ,n ə ʔ,,Kondic2023,,false,^ n ə ʔ $,default
Chapultenangospkr4-75_lake-1,,Chapultenangospkr4,75_lake,mejaʔ,mejaʔ,m e j a ʔ,,Kondic2023,,false,^ m e j a ʔ $,default
Chapultenangospkr4-76_sea-1,,Chapultenangospkr4,76_sea,muhamejaʔ,muhamejaʔ,m u h a m e j a ʔ,,Kondic2023,,false,^ m u h a m e j a ʔ $,default
Chapultenangospkr4-77_fire-1,,Chapultenangospkr4,77_fire,həktəhk,həktəhk,h ə k t ə h k,,Kondic2023,,false,^ h ə k t ə h k $,default
Chapultenangospkr4-78_smoke-1,,Chapultenangospkr4,78_smoke,hoko,hoko,h o k o,,Kondic2023,,false,^ h o k o $,default
Chapultenangospkr4-79_ash-1,,Chapultenangospkr4,79_ash,təʔəna,təʔəna,t ə ʔ ə n a,,Kondic2023,,false,^ t əʔə n a $,default
Chapultenangospkr4-80_stone-1,,Chapultenangospkr4,80_stone,tsaʔ,tsaʔ,ts a ʔ,,Kondic2023,,false,^ ts a ʔ $,default
Chapultenangospkr4-81_earthsoil-1,,Chapultenangospkr4,81_earthsoil,nas,nas,n a s,,Kondic2023,,false,^ n a s $,default
Chapultenangospkr4-82_dust-1,,Chapultenangospkr4,82_dust,poʔjo,poʔjo,p o ʔ j o,,Kondic2023,,false,^ p o ʔ j o $,default
Chapultenangospkr4-83_sand-1,,Chapultenangospkr4,83_sand,poʔojo,poʔojo,p o ʔ o j o,,Kondic2023,,false,^ p oʔo j o $,default
Chapultenangospkr4-84_rain-1,,Chapultenangospkr4,84_rain,tuh,tuh,t u h,,Kondic2023,,false,^ t u h $,default
Chapultenangospkr4-86_wind-1,,Chapultenangospkr4,86_wind,sawa,sawa,s a w a,,Kondic2023,,false,^ s a w a $,default
Chapultenangospkr4-87_fog-1,,Chapultenangospkr4,87_fog,oʔona,oʔona,o ʔ o n a,fog,Kondic2023,,false,^ oʔo n a $,default
Chapultenangospkr4-88_thunder-1,,Chapultenangospkr4,88_thunder,məʔə,məʔə,m ə ʔ ə,,Kondic2023,,false,^ m əʔə $,default
Chapultenangospkr4-89_lightning-1,,Chapultenangospkr4,89_lightning,məʔa,məʔa,m ə ʔ a,,Kondic2023,,false,^ m ə ʔ a $,default
Chapultenangospkr4-90_meatflesh-1,,Chapultenangospkr4,90_meatflesh,siʔis,siʔis,s i ʔ i s,,Kondic2023,,false,^ s iʔi s $,default
Chapultenangospkr4-91_salt-1,,Chapultenangospkr4,91_salt,kana,kana,k a n a,,Kondic2023,,false,^ k a n a $,default
Chapultenangospkr4-92_fatgrease-1,,Chapultenangospkr4,92_fatgrease,mʲanteʔeka,mʲanteʔeka,mʲ a n t e ʔ e k a,<j-manteʔeka POSS3-fat <-manteʔeka 'fat' (Spanish),Kondic2023,,false,^ mʲ a n t eʔe k a $,default
Chapultenangospkr4-93_fruit-1,,Chapultenangospkr4,93_fruit,təp,təp,t ə p,,Kondic2023,,false,^ t ə p $,default
Chapultenangospkr4-94_woodsforest-1,,Chapultenangospkr4,94_woodsforest,məhawkuhʲ,məhawkuhʲ,m ə h a w k u hʲ,<məhaw-kuhʲ big-trea,Kondic2023,,false,^ m ə h a w k u hʲ $,default
Chapultenangospkr4-96_branch-1,,Chapultenangospkr4,96_branch,jahʲ,jahʲ,j a hʲ,,Kondic2023,,false,^ j a hʲ $,default
Chapultenangospkr4-97_leaf-1,,Chapultenangospkr4,97_leaf,ahʲ,ahʲ,a hʲ,,Kondic2023,,false,^ a hʲ $,default
Chapultenangospkr4-98_wood-1,,Chapultenangospkr4,98_wood,kuhʲ,kuhʲ,k u hʲ,,Kondic2023,,false,^ k u hʲ $,default
Chapultenangospkr4-99_grass-1,,Chapultenangospkr4,99_grass,taʔnə,taʔnə,t a ʔ n ə,,Kondic2023,,false,^ t a ʔ n ə $,default
Chapultenangospkr4-100_flower-1,,Chapultenangospkr4,100_flower,həjə,həjə,h ə j ə,,Kondic2023,,false,^ h ə j ə $,default
Chapultenangospkr4-101_thatchroof-1,,Chapultenangospkr4,101_thatchroof,məhamuʔk,məhamuʔk,m ə h a m u ʔ k,,Kondic2023,,false,^ m ə h a m u ʔ k $,default
Chapultenangospkr4-102_house-1,,Chapultenangospkr4,102_house,təhk,təhk,t ə h k,,Kondic2023,,false,^ t ə h k $,default
Chapultenangospkr4-103_rope-1,,Chapultenangospkr4,103_rope,tsahʲ,tsahʲ,ts a hʲ,,Kondic2023,,false,^ ts a hʲ $,default
Chapultenangospkr4-104_needle-1,,Chapultenangospkr4,104_needle,akuʃa,akuʃa,a k u ʃ a,,Kondic2023,,false,^ a k u ʃ a $,default
Chapultenangospkr4-105_roadpath-1,,Chapultenangospkr4,105_roadpath,tuk,tuk,t u k,,Kondic2023,,false,^ t u k $,default
Chapultenangospkr4-106_black-1,,Chapultenangospkr4,106_black,jehk,jehk,j e h k,,Kondic2023,,false,^ j e h k $,default
Chapultenangospkr4-107_white-1,,Chapultenangospkr4,107_white,powo,powo,p o w o,,Kondic2023,,false,^ p o w o $,default
Chapultenangospkr4-109_green-1,,Chapultenangospkr4,109_green,tsəhtsiwə,tsəhtsiwə,ts ə h ts i w ə,,Kondic2023,,false,^ ts ə h ts i w ə $,default
Chapultenangospkr4-110_yellow-1,,Chapultenangospkr4,110_yellow,pəʔətsa,pəʔətsa,p ə ʔ ə ts a,,Kondic2023,,false,^ p əʔə ts a $,default
Chapultenangospkr4-111_big-1,,Chapultenangospkr4,111_big,məha,məha,m ə h a,,Kondic2023,,false,^ m ə h a $,default
Chapultenangospkr4-112_small-1,,Chapultenangospkr4,112_small,tsəʔətə,tsəʔətə,ts ə ʔ ə t ə,,Kondic2023,,false,^ ts əʔə t ə $,default
Chapultenangospkr4-113_long-1,,Chapultenangospkr4,113_long,pəjiʔiwə,pəjiʔiwə,p ə j i ʔ i w ə,,Kondic2023,,false,^ p ə j iʔi w ə $,default
Chapultenangospkr4-114_short-1,,Chapultenangospkr4,114_short,kəʔən,kəʔən,k ə ʔ ə n,,Kondic2023,,false,^ k əʔə n $,default
Chapultenangospkr4-115_thick-1,,Chapultenangospkr4,115_thick,məhawə,məhawə,m ə h a w ə,,Kondic2023,,false,^ m ə h a w ə $,default
Chapultenangospkr4-116_thin-1,,Chapultenangospkr4,116_thin,təhtsuwə,təhtsuwə,t ə h ts u w ə,,Kondic2023,,false,^ t ə h ts u w ə $,default
Chapultenangospkr4-117_narrow-1,,Chapultenangospkr4,117_narrow,məha,məha,m ə h a,,Kondic2023,,false,^ m ə h a $,default
Chapultenangospkr4-118_wide-1,,Chapultenangospkr4,118_wide,məhapə,məhapə,m ə h a p ə,,Kondic2023,,false,^ m ə h a p ə $,default
Chapultenangospkr4-120_bluntdull-1,,Chapultenangospkr4,120_bluntdull,haɲiʔidəkowak,haɲiʔidəkowak,h a ɲ i ʔ i d ə k o w a k,,Kondic2023,,false,^ h a ɲ iʔi d ə k o w a k $,default
Chapultenangospkr4-121_shyashamed-1,,Chapultenangospkr4,121_shyashamed,jahʃu,jahʃu,j a h ʃ u,,Kondic2023,,false,^ j a h ʃ u $,default
Chapultenangospkr4-122_old-1,,Chapultenangospkr4,122_old,atʃpə,atʃpə,a tʃ p ə,,Kondic2023,,false,^ a tʃ p ə $,default
Chapultenangospkr4-123_painfulsick-1,,Chapultenangospkr4,123_painfulsick,təwijaʔawə,təwijaʔawə,t ə w i j a ʔ a w ə,,Kondic2023,,false,^ t ə w i j aʔa w ə $,default
Chapultenangospkr4-124_good-1,,Chapultenangospkr4,124_good,wəbə,wəbə,w ə b ə,,Kondic2023,,false,^ w ə b ə $,default
Chapultenangospkr4-125_bad-1,,Chapultenangospkr4,125_bad,jatʃkuj,jatʃkuj,j a tʃ k u j,,Kondic2023,,false,^ j a tʃ k u j $,default
Chapultenangospkr4-126_correcttrue-1,,Chapultenangospkr4,126_correcttrue,əʔə,əʔə,ə ʔ ə,,Kondic2023,,false,^ əʔə $,default
Chapultenangospkr4-129_all-1,,Chapultenangospkr4,129_all,əhtsidəm,əhtsidəm,ə h ts i d ə m,,Kondic2023,,false,^ ə h ts i d ə m $,default
Chapultenangospkr4-130_heavy-1,,Chapultenangospkr4,130_heavy,hemets,hemets,h e m e ts,,Kondic2023,,false,^ h e m e ts $,default
Chapultenangospkr4-131_far-1,,Chapultenangospkr4,131_far,jajiʔiwə,jajiʔiwə,j a j i ʔ i w ə,,Kondic2023,,false,^ j a j iʔi w ə $,default
Chapultenangospkr4-132_near-1,,Chapultenangospkr4,132_near,təmewə,təmewə,t ə m e w ə,,Kondic2023,,false,^ t ə m e w ə $,default
Chapultenangospkr4-133_warm-1,,Chapultenangospkr4,133_warm,ningə,ningə,n i n g ə,,Kondic2023,,false,^ n i n g ə $,default
Chapultenangospkr4-134_cold-1,,Chapultenangospkr4,134_cold,mamba,mamba,m a m b a,,Kondic2023,,false,^ m a m b a $,default
Chapultenangospkr4-135_dry-1,,Chapultenangospkr4,135_dry,təhtsə,təhtsə,t ə h ts ə,<təhts-ə dry-INP 'dry (it)' <təhts- 'to dry',Kondic2023,,false,^ t ə h ts ə $,default
Chapultenangospkr4-137_new-1,,Chapultenangospkr4,137_new,homewo,homewo,h o m e w o,,Kondic2023,,false,^ h o m e w o $,default
Chapultenangospkr4-138_other-1,,Chapultenangospkr4,138_other,ejapə,ejapə,e j a p ə,,Kondic2023,,false,^ e j a p ə $,default
Chapultenangospkr4-139_come-1,,Chapultenangospkr4,139_come,nuʔkuj,nuʔkuj,n u ʔ k u j,<nuʔk-kuj come-NOM 'comming' <nuʔk- 'to come',Kondic2023,,false,^ n u ʔ k u j $,default
Chapultenangospkr4-140_walk-1,,Chapultenangospkr4,140_walk,wihtkuj,wihtkuj,w i h t k u j,<wiht-kuj <walk-NOM 'walking' <wiht- 'to walk',Kondic2023,,false,^ w i h t k u j $,default
Chapultenangospkr4-141_grow-1,,Chapultenangospkr4,141_grow,puʔnahkuj,puʔnahkuj,p u ʔ n a h k u j,<puʔnah-kuj grow-NOM 'growing' < puʔnah- 'to grow',Kondic2023,,false,^ p u ʔ n a h k u j $,default
Chapultenangospkr4-142_stand-1,,Chapultenangospkr4,142_stand,teʔna,teʔna,t e ʔ n a,<teʔn-a stand-IMP 'stand!' <teʔn- 'to stand',Kondic2023,,false,^ t e ʔ n a $,default
Chapultenangospkr4-143_sit-1,,Chapultenangospkr4,143_sit,poʔoksə,poʔoksə,p o ʔ o k s ə,poʔoks-ə sit-IMP 'sit!' <poʔoks- 'to sit',Kondic2023,,false,^ p oʔo k s ə $,default
Chapultenangospkr4-144_fall-1,,Chapultenangospkr4,144_fall,kehkuj,kehkuj,k e h k u j,<keh-kuj fall-NOM 'falling' <kej- 'to fall',Kondic2023,,false,^ k e h k u j $,default
Chapultenangospkr4-146_turn-1,,Chapultenangospkr4,146_turn,aʔamə,aʔamə,a ʔ a m ə,<aʔam-ə turn-IMP 'turn!' <aʔam- 'to turn',Kondic2023,,false,^ aʔa m ə $,default
Chapultenangospkr4-147_climb-1,,Chapultenangospkr4,147_climb,kiʔimə,kiʔimə,k i ʔ i m ə,<kiʔim-ə  climb-IMP 'climb!' <kiʔim- 'to climb',Kondic2023,,false,^ k iʔi m ə $,default
Chapultenangospkr4-149_flyverb-1,,Chapultenangospkr4,149_flyverb,sidihkuj,sidihkuj,s i d i h k u j,<sidih-kuj fly-NOM 'flying' <sidih- 'to fly',Kondic2023,,false,^ s i d i h k u j $,default
Chapultenangospkr4-150_throw-1,,Chapultenangospkr4,150_throw,tsiʔə,tsiʔə,ts i ʔ ə,<tsiʔ-ə throw-IMP 'throw (it)!' <tsiʔ- 'to throw',Kondic2023,,false,^ ts i ʔ ə $,default
Chapultenangospkr4-152_chew-1,,Chapultenangospkr4,152_chew,kəʔəsə,kəʔəsə,k ə ʔ ə s ə,<kəʔəs-ə chew-IMPER 'chew!' <kəʔəs- 'to chew',Kondic2023,,false,^ k əʔə s ə $,default
Chapultenangospkr4-153_eat-1,,Chapultenangospkr4,153_eat,wejkuj,wejkuj,w e j k u j,<wej-kuj eat-NOM 'eating' <wej- 'to vomit',Kondic2023,,false,^ w e j k u j $,default
Chapultenangospkr4-154_drink-1,,Chapultenangospkr4,154_drink,ʔuhkuj,ʔuhkuj,ʔ u h k u j,<ʔuh-kuj drink-NOM 'drinking' <ʔuh- 'to drink',Kondic2023,,false,^ ʔ u h k u j $,default
Chapultenangospkr4-155_bite-1,,Chapultenangospkr4,155_bite,kəʔəsə,kəʔəsə,k ə ʔ ə s ə,<kəʔəs-ə bite-IMP 'bite (it)!' <kəʔəs- 'to bite',Kondic2023,,false,^ k əʔə s ə $,default
Chapultenangospkr4-156_suck-1,,Chapultenangospkr4,156_suck,tsəhkuj,tsəhkuj,ts ə h k u j,<tsəh-kuj suck-NOM 'sucking'' <tsəjk- 'to suck',Kondic2023,,false,^ ts ə h k u j $,default
Chapultenangospkr4-157_yawn-1,,Chapultenangospkr4,157_yawn,məʔəwəj,məʔəwəj,m ə ʔ ə w ə j,<məʔəw-əj məʔəw-?? 'to yawn' < məʔəw- 'to yawn',Kondic2023,,false,^ m əʔə w ə j $,default
Chapultenangospkr4-159_dream-1,,Chapultenangospkr4,159_dream,mawasəj,mawasəj,m a w a s ə j,<mawas-əj dream-NOM 'dreaming' <mawas- 'to dream',Kondic2023,,false,^ m a w a s ə j $,default
Chapultenangospkr4-160_sleep-1,,Chapultenangospkr4,160_sleep,ʔonguj,ʔonguj,ʔ o n g u j,<ʔon-kuj sleep-NOM 'sleeping' <ʔon- 'to sleep',Kondic2023,,false,^ ʔ o n g u j $,default
Chapultenangospkr4-161_live-1,,Chapultenangospkr4,161_live,ihtkuj,ihtkuj,i h t k u j,<iht-kuj live-NOM 'living' <ijt- 'to live/exist',Kondic2023,,false,^ i h t k u j $,default
Chapultenangospkr4-162_die-1,,Chapultenangospkr4,162_die,kaʔaw,kaʔaw,k a ʔ a w,<kaʔ-u die-COM 'he died' < kaʔ- 'to die',Kondic2023,,false,^ k aʔa w $,default
Chapultenangospkr4-163_kill-1,,Chapultenangospkr4,163_kill,kʲaʔaw,kʲaʔaw,kʲ a ʔ a w,(jahk-CAUS) <j-kaʔ-u 3SG-die-COM 'he killed (him)',Kondic2023,,false,^ kʲ aʔa w $,default
Chapultenangospkr4-164_see-1,,Chapultenangospkr4,164_see,ʔamguj,ʔamguj,ʔ a m g u j,<ʔam-kuj see-NOM 'seeing' <ʔam- 'to see',Kondic2023,,false,^ ʔ a m g u j $,default
Chapultenangospkr4-167_know-1,,Chapultenangospkr4,167_know,musokʲuj,musokʲuj,m u s o kʲ u j,<mus-oj-kuj know-AP?-NOM 'knowing' <mus- 'to know',Kondic2023,,false,^ m u s o kʲ u j $,default
Chapultenangospkr4-168_think-1,,Chapultenangospkr4,168_think,kipsokʲuj,kipsokʲuj,k i p s o kʲ u j,<kips-oj-kuj think-AP?-NOM 'thinking' <kips- 'to think',Kondic2023,,false,^ k i p s o kʲ u j $,default
Chapultenangospkr4-169_laugh-1,,Chapultenangospkr4,169_laugh,sihkuj,sihkuj,s i h k u j,<sih-kuj laugh-NOM 'laughing' <sih- 'to laugh',Kondic2023,,false,^ s i h k u j $,default
Chapultenangospkr4-170_cry-1,,Chapultenangospkr4,170_cry,həkʲuj,həkʲuj,h ə kʲ u j,<həj-kuj cry-NOM 'crying' <həj- 'to cry',Kondic2023,,false,^ h ə kʲ u j $,default
Chapultenangospkr4-171_blow-1,,Chapultenangospkr4,171_blow,tʃiʔsawa,tʃiʔsawa,tʃ i ʔ s a w a,<j-tji?-sawa blow-wind 3SG-blow-wind/air 'the wind blows',Kondic2023,,false,^ tʃ i ʔ s a w a $,default
Chapultenangospkr4-172_burn-1,,Chapultenangospkr4,172_burn,mapəwi,mapəwi,m a p ə w i,<ma-pəw-i FUT-burn '(it) is going to burn',Kondic2023,,false,^ m a p ə w i $,default
Chapultenangospkr4-173_flow-1,,Chapultenangospkr4,173_flow,mambənə,mambənə,m a m b ə n ə,< mam-pə-nə run-INC-water 'water flows',Kondic2023,,false,^ m a m b ə n ə $,default
Chapultenangospkr4-176_hit-1,,Chapultenangospkr4,176_hit,tsiʔə,tsiʔə,ts i ʔ ə,<tsiʔ-ə hit-IMP 'hit (it)' <tsiʔ- 'to hit',Kondic2023,,false,^ ts i ʔ ə $,default
Chapultenangospkr4-178_split-1,,Chapultenangospkr4,178_split,iʔidəkoma,iʔidəkoma,i ʔ i d ə k o m a,??,Kondic2023,,false,^ iʔi d ə k o m a $,default
Chapultenangospkr4-179_dig-1,,Chapultenangospkr4,179_dig,nəwədə,nəwədə,n ə w ə d ə,<nəwəd-ə dig-IMP 'dig (it)!' NOT CORRECT! PLEASE DELETE THIS WORD!!!,Kondic2023,,false,^ n ə w ə d ə $,default
Chapultenangospkr4-180_hunt-1,,Chapultenangospkr4,180_hunt,kaʔkopən,kaʔkopən,k a ʔ k o p ə n,<kaʔ-kopən die-animal 'kill animals',Kondic2023,,false,^ k a ʔ k o p ə n $,default
Chapultenangospkr4-181_hold-1,,Chapultenangospkr4,181_hold,pəkəj,pəkəj,p ə k ə j,<pəʔə-kəj hold-NOM 'holding' <pəʔə- 'to hold',Kondic2023,,false,^ p ə k ə j $,default
Chapultenangospkr4-182_fear-1,,Chapultenangospkr4,182_fear,naʔtsu,naʔtsu,n a ʔ ts u,<naʔts-u fear-COM '(he) feared' <naʔts- 'to fear',Kondic2023,,false,^ n a ʔ ts u $,default
Chapultenangospkr4-183_count-1,,Chapultenangospkr4,183_count,majokjuj,majokjuj,m a j o k j u j,<maj-oj-kuj count-AP?-NOM 'counting' <maj- 'to count',Kondic2023,,false,^ m a j o k j u j $,default
Chapultenangospkr4-184_breathe-1,,Chapultenangospkr4,184_breathe,suʔukosawa,suʔukosawa,s u ʔ u k o s a w a,<su?ukosa-pa absorb-air 'absorb air',Kondic2023,,false,^ s uʔu k o s a w a $,default
Chapultenangospkr4-185_vomit-1,,Chapultenangospkr4,185_vomit,uʔutsi,uʔutsi,u ʔ u ts i,<uʔuts-tsi vomit-I 'I vomit' <uʔuts- 'to vomit',Kondic2023,,false,^ uʔu ts i $,default
Chapultenangospkr4-187_squeeze-1,,Chapultenangospkr4,187_squeeze,nəwədəɲə,nəwədəɲə,n ə w ə d ə ɲ ə,<nə-wətəɲ-ə water-squeeze-IMP 'squeeze the water (from it)!' <wətəɲ- 'squeeze',Kondic2023,,false,^ n ə w ə d ə ɲ ə $,default
Chapultenangospkr4-188_swell-1,,Chapultenangospkr4,188_swell,məhtsəhkuj,məhtsəhkuj,m ə h ts ə h k u j,<məhtsəh-kuj swell-NOM 'swelling' <məhtsəh- 'swell,Kondic2023,,false,^ m ə h ts ə h k u j $,default
Chapultenangospkr4-189_say-1,,Chapultenangospkr4,189_say,tsaʔamə,tsaʔamə,ts a ʔ a m ə,<tsaʔam-ə  say-IMP 'say (it)' <tsaʔam- 'to say',Kondic2023,,false,^ ts aʔa m ə $,default
Chapultenangospkr4-191_stab-1,,Chapultenangospkr4,191_stab,kaʔa,kaʔa,k a ʔ a,< die??,Kondic2023,,false,^ k aʔa $,default
Chapultenangospkr4-192_buy-1,,Chapultenangospkr4,192_buy,həjə,həjə,h ə j ə,<həj-ə buy-IMP 'buy (it)!' <həj- 'to buy',Kondic2023,,false,^ h ə j ə $,default
Chapultenangospkr4-193_steal-1,,Chapultenangospkr4,193_steal,ɲuʔumu,ɲuʔumu,ɲ u ʔ u m u,<j-nuʔum-u 3SG-steal-COM 'he stole' <nuʔum- ' to steal',Kondic2023,,false,^ ɲ uʔu m u $,default
Chapultenangospkr4-194_choose-1,,Chapultenangospkr4,194_choose,pəkə,pəkə,p ə k ə,<pək-ə grab-IMP 'grab (it)!' <pək- 'to grab',Kondic2023,,false,^ p ə k ə $,default
Chapultenangospkr4-195_plant-1,,Chapultenangospkr4,195_plant,niʔibə,niʔibə,n i ʔ i b ə,<niʔip-ə plant-IMP 'plant (it)!' <niʔip- 'to plant',Kondic2023,,false,^ n iʔi b ə $,default
Chapultenangospkr4-196_cook-1,,Chapultenangospkr4,196_cook,tsəkəwiʔikəj,tsəkəwiʔikəj,ts ə k ə w i ʔ i k ə j,<tsəʔəkə-wiʔik-kəj prepare-eat-NOM 'cooking' <tsəʔəkəwiʔik- 'to cook',Kondic2023,,false,^ ts ə k ə w iʔi k ə j $,default
Chapultenangospkr4-197_shoot-1,,Chapultenangospkr4,197_shoot,tuhkuj,tuhkuj,t u h k u j,<tuh-kuj shoot-NOM 'shooting' <tuh- 'shoot',Kondic2023,,false,^ t u h k u j $,default
Chapultenangospkr4-198_work-1,,Chapultenangospkr4,198_work,joʃkuj,joʃkuj,j o ʃ k u j,joʃ-kuj joʃ-NOM 'working' <joʃ- 'to work',Kondic2023,,false,^ j o ʃ k u j $,default
Chapultenangospkr4-199_open-1,,Chapultenangospkr4,199_open,akwahkəj,akwahkəj,a k w a h k ə j,akwah-kəj open-NOM 'opening' <akwah- 'to open',Kondic2023,,false,^ a k w a h k ə j $,default
Copainala-1_one-1,,Copainala,1_one,tumə,tumə,t u m ə,,Kondic2023,,false,^ t u m ə $,default
Copainala-2_two-1,,Copainala,2_two,metsa,metsa,m e ts a,,Kondic2023,,false,^ m e ts a $,default
Copainala-3_three-1,,Copainala,3_three,tukaj,tukaj,t u k a j,,Kondic2023,,false,^ t u k a j $,default
Copainala-4_four-1,,Copainala,4_four,makʃkuj,makʃkuj,m a k ʃ k u j,,Kondic2023,,false,^ m a k ʃ k u j $,default
Copainala-5_year-1,,Copainala,5_year,ame,ame,a m e,,Kondic2023,,false,^ a m e $,default
Copainala-6_right-1,,Copainala,6_right,tsuʔna,tsuʔna,ts u ʔ n a,,Kondic2023,,false,^ ts u ʔ n a $,default
Copainala-7_left-1,,Copainala,7_left,tseʔna,tseʔna,ts e ʔ n a,,Kondic2023,,false,^ ts e ʔ n a $,default
Copainala-8_i-1,,Copainala,8_i,əh,əh,ə h,,Kondic2023,,false,^ ə h $,default
Copainala-10_weallincl-1,,Copainala,10_weallincl,təʔəhtam,təʔəhtam,t ə ʔ ə h t a m,,Kondic2023,,false,^ t əʔə h t a m $,default
Copainala-11_yousg-1,,Copainala,11_yousg,mih,mih,m i h,,Kondic2023,,false,^ m i h $,default
Copainala-12_heshe-1,,Copainala,12_heshe,nʲeʔekə,nʲeʔekə,nʲ e ʔ e k ə,,Kondic2023,,false,^ nʲ eʔe k ə $,default
Copainala-13_theyall-1,,Copainala,13_theyall,nʲeʔekətam,nʲeʔekətam,nʲ e ʔ e k ə t a m,,Kondic2023,,false,^ nʲ eʔe k ə t a m $,default
Copainala-14_nonot-1,,Copainala,14_nonot,haʔane,haʔane,h a ʔ a n e,,Kondic2023,,false,^ h aʔa n e $,default
Copainala-15_what-1,,Copainala,15_what,tijə,tijə,t i j ə,,Kondic2023,,false,^ t i j ə $,default
Copainala-16_who-1,,Copainala,16_who,iwə,iwə,i w ə,,Kondic2023,,false,^ i w ə $,default
Copainala-17_where-1,,Copainala,17_where,jutə,jutə,j u t ə,,Kondic2023,,false,^ j u t ə $,default
Copainala-18_when-1,,Copainala,18_when,jujtʲek,jujtʲek,j u j tʲ e k,,Kondic2023,,false,^ j u j tʲ e k $,default
Copainala-19_how-1,,Copainala,19_how,juʔuts,juʔuts,j u ʔ u ts,,Kondic2023,,false,^ j uʔu ts $,default
Copainala-20_this-1,,Copainala,20_this,təʔə,təʔə,t ə ʔ ə,,Kondic2023,,false,^ t əʔə $,default
Copainala-23_above-1,,Copainala,23_above,kəʔəsi,kəʔəsi,k ə ʔ ə s i,,Kondic2023,,false,^ k əʔə s i $,default
Copainala-24_below-1,,Copainala,24_below,kəməŋ,kəməŋ,k ə m ə ŋ,,Kondic2023,,false,^ k ə m ə ŋ $,default
Copainala-25_ininside-1,,Copainala,25_ininside,hohmo,hohmo,h o h m o,,Kondic2023,,false,^ h o h m o $,default
Copainala-27_head-1,,Copainala,27_head,kopak,kopak,k o p a k,,Kondic2023,,false,^ k o p a k $,default
Copainala-28_hair-1,,Copainala,28_hair,waj,waj,w a j,,Kondic2023,,false,^ w a j $,default
Copainala-29_eye-1,,Copainala,29_eye,wiʔitəm,wiʔitəm,w i ʔ i t ə m,,Kondic2023,,false,^ w iʔi t ə m $,default
Copainala-30_nose-1,,Copainala,30_nose,kinə,kinə,k i n ə,,Kondic2023,,false,^ k i n ə $,default
Copainala-31_ear-1,,Copainala,31_ear,taatsəhk,taatsəhk,t a a ts ə h k,,Kondic2023,,false,^ t a a ts ə h k $,default
Copainala-32_mouth-1,,Copainala,32_mouth,angnaka,angnaka,a n g n a k a,,Kondic2023,,false,^ a n g n a k a $,default
Copainala-34_tooth-1,,Copainala,34_tooth,təhts,təhts,t ə h ts,,Kondic2023,,false,^ t ə h ts $,default
Copainala-35_hand-1,,Copainala,35_hand,kəʔ,kəʔ,k ə ʔ,,Kondic2023,,false,^ k ə ʔ $,default
Copainala-38_back-1,,Copainala,38_back,uka,uka,u k a,,Kondic2023,,false,^ u k a $,default
Copainala-39_leg-1,,Copainala,39_leg,tapak,tapak,t a p a k,,Kondic2023,,false,^ t a p a k $,default
Copainala-40_blood-1,,Copainala,40_blood,nəʔbin,nəʔbin,n ə ʔ b i n,,Kondic2023,,false,^ n ə ʔ b i n $,default
Copainala-41_bone-1,,Copainala,41_bone,pak,pak,p a k,,Kondic2023,,false,^ p a k $,default
Copainala-42_skin-1,,Copainala,42_skin,naka,naka,n a k a,,Kondic2023,,false,^ n a k a $,default
Copainala-43_belly-1,,Copainala,43_belly,tsehk,tsehk,ts e h k,,Kondic2023,,false,^ ts e h k $,default
Copainala-44_intestines-1,,Copainala,44_intestines,puʔu,puʔu,p u ʔ u,,Kondic2023,,false,^ p uʔu $,default
Copainala-45_breast-1,,Copainala,45_breast,tsuʔtsi,tsuʔtsi,ts u ʔ ts i,,Kondic2023,,false,^ ts u ʔ ts i $,default
Copainala-46_liver-1,,Copainala,46_liver,pat,pat,p a t,,Kondic2023,,false,^ p a t $,default
Copainala-47_dog-1,,Copainala,47_dog,tuwi,tuwi,t u w i,,Kondic2023,,false,^ t u w i $,default
Copainala-49_fish-1,,Copainala,49_fish,koke,koke,k o k e,,Kondic2023,,false,^ k o k e $,default
Copainala-50_snake-1,,Copainala,50_snake,tsan,tsan,ts a n,,Kondic2023,,false,^ ts a n $,default
Copainala-52_louse-1,,Copainala,52_louse,awat,awat,a w a t,,Kondic2023,,false,^ a w a t $,default
Copainala-53_rat-1,,Copainala,53_rat,tsuk,tsuk,ts u k,,Kondic2023,,false,^ ts u k $,default
Copainala-54_spider-1,,Copainala,54_spider,amu,amu,a m u,,Kondic2023,,false,^ a m u $,default
Copainala-56_egg-1,,Copainala,56_egg,poka,poka,p o k a,,Kondic2023,,false,^ p o k a $,default
Copainala-57_tail-1,,Copainala,57_tail,tutskuj,tutskuj,t u ts k u j,,Kondic2023,,false,^ t u ts k u j $,default
Copainala-58_wing-1,,Copainala,58_wing,sah,sah,s a h,,Kondic2023,,false,^ s a h $,default
Copainala-59_feather-1,,Copainala,59_feather,pəhk,pəhk,p ə h k,,Kondic2023,,false,^ p ə h k $,default
Copainala-61_man-1,,Copainala,61_man,pən,pən,p ə n,,Kondic2023,,false,^ p ə n $,default
Copainala-62_woman-1,,Copainala,62_woman,jomo,jomo,j o m o,,Kondic2023,,false,^ j o m o $,default
Copainala-63_child-1,,Copainala,63_child,une,une,u n e,,Kondic2023,,false,^ u n e $,default
Copainala-64_name-1,,Copainala,64_name,nəj,nəj,n ə j,,Kondic2023,,false,^ n ə j $,default
Copainala-65_mother-1,,Copainala,65_mother,nana,nana,n a n a,,Kondic2023,,false,^ n a n a $,default
Copainala-66_father-1,,Copainala,66_father,tata,tata,t a t a,,Kondic2023,,false,^ t a t a $,default
Copainala-67_husband-1,,Copainala,67_husband,haja,haja,h a j a,,Kondic2023,,false,^ h a j a $,default
Copainala-68_wife-1,,Copainala,68_wife,njomo,njomo,n j o m o,< n-jomo  POSS1-woman 'my wife' < -jomo 'wife',Kondic2023,,false,^ n j o m o $,default
Copainala-69_day-1,,Copainala,69_day,hama,hama,h a m a,,Kondic2023,,false,^ h a m a $,default
Copainala-70_night-1,,Copainala,70_night,tsuʔ,tsuʔ,ts u ʔ,,Kondic2023,,false,^ ts u ʔ $,default
Copainala-71_moon-1,,Copainala,71_moon,poja,poja,p o j a,,Kondic2023,,false,^ p o j a $,default
Copainala-72_star-1,,Copainala,72_star,matsa,matsa,m a ts a,,Kondic2023,,false,^ m a ts a $,default
Copainala-73_sky-1,,Copainala,73_sky,tsaʔap,tsaʔap,ts a ʔ a p,,Kondic2023,,false,^ ts aʔa p $,default
Copainala-74_water-1,,Copainala,74_water,nəʔ,nəʔ,n ə ʔ,,Kondic2023,,false,^ n ə ʔ $,default
Copainala-78_smoke-1,,Copainala,78_smoke,hoko,hoko,h o k o,,Kondic2023,,false,^ h o k o $,default
Copainala-80_stone-1,,Copainala,80_stone,tsaʔ,tsaʔ,ts a ʔ,,Kondic2023,,false,^ ts a ʔ $,default
Copainala-81_earthsoil-1,,Copainala,81_earthsoil,naʔas,naʔas,n a ʔ a s,,Kondic2023,,false,^ n aʔa s $,default
Copainala-82_dust-1,,Copainala,82_dust,poʔjo,poʔjo,p o ʔ j o,,Kondic2023,,false,^ p o ʔ j o $,default
Copainala-84_rain-1,,Copainala,84_rain,tuh,tuh,t u h,,Kondic2023,,false,^ t u h $,default
Copainala-85_cloud-1,,Copainala,85_cloud,oʔona,oʔona,o ʔ o n a,,Kondic2023,,false,^ oʔo n a $,default
Copainala-86_wind-1,,Copainala,86_wind,sawa,sawa,s a w a,,Kondic2023,,false,^ s a w a $,default
Copainala-88_thunder-1,,Copainala,88_thunder,anhəkʲuj,anhəkʲuj,a n h ə kʲ u j,,Kondic2023,,false,^ a n h ə kʲ u j $,default
Copainala-89_lightning-1,,Copainala,89_lightning,nəmguj,nəmguj,n ə m g u j,,Kondic2023,,false,^ n ə m g u j $,default
Copainala-90_meatflesh-1,,Copainala,90_meatflesh,siʔis,siʔis,s i ʔ i s,,Kondic2023,,false,^ s iʔi s $,default
Copainala-91_salt-1,,Copainala,91_salt,kana,kana,k a n a,,Kondic2023,,false,^ k a n a $,default
Copainala-93_fruit-1,,Copainala,93_fruit,təʔəm,təʔəm,t ə ʔ ə m,,Kondic2023,,false,^ t əʔə m $,default
Copainala-94_woodsforest-1,,Copainala,94_woodsforest,məhatsaʔama,məhatsaʔama,m ə h a ts a ʔ a m a,,Kondic2023,,false,^ m ə h a ts aʔa m a $,default
Copainala-96_branch-1,,Copainala,96_branch,anman,anman,a n m a n,,Kondic2023,,false,^ a n m a n $,default
Copainala-97_leaf-1,,Copainala,97_leaf,aj,aj,a j,,Kondic2023,,false,^ a j $,default
Copainala-98_wood-1,,Copainala,98_wood,kuj,kuj,k u j,,Kondic2023,,false,^ k u j $,default
Copainala-100_flower-1,,Copainala,100_flower,həjə,həjə,h ə j ə,,Kondic2023,,false,^ h ə j ə $,default
Copainala-102_house-1,,Copainala,102_house,təhk,təhk,t ə h k,,Kondic2023,,false,^ t ə h k $,default
Copainala-104_needle-1,,Copainala,104_needle,akuʃa,akuʃa,a k u ʃ a,,Kondic2023,,false,^ a k u ʃ a $,default
Copainala-105_roadpath-1,,Copainala,105_roadpath,teʔtung,teʔtung,t e ʔ t u n g,,Kondic2023,,false,^ t e ʔ t u n g $,default
Copainala-106_black-1,,Copainala,106_black,jək,jək,j ə k,,Kondic2023,,false,^ j ə k $,default
Copainala-107_white-1,,Copainala,107_white,popo,popo,p o p o,,Kondic2023,,false,^ p o p o $,default
Copainala-108_red-1,,Copainala,108_red,tsapas,tsapas,ts a p a s,,Kondic2023,,false,^ ts a p a s $,default
Copainala-109_green-1,,Copainala,109_green,tsuhtsu,tsuhtsu,ts u h ts u,,Kondic2023,,false,^ ts u h ts u $,default
Copainala-110_yellow-1,,Copainala,110_yellow,puʔtsə,puʔtsə,p u ʔ ts ə,,Kondic2023,,false,^ p u ʔ ts ə $,default
Copainala-111_big-1,,Copainala,111_big,məha,məha,m ə h a,,Kondic2023,,false,^ m ə h a $,default
Copainala-112_small-1,,Copainala,112_small,tʲəʔpə,tʲəʔpə,tʲ ə ʔ p ə,,Kondic2023,,false,^ tʲ ə ʔ p ə $,default
Copainala-113_long-1,,Copainala,113_long,pəj,pəj,p ə j,,Kondic2023,,false,^ p ə j $,default
Copainala-114_short-1,,Copainala,114_short,kono,kono,k o n o,,Kondic2023,,false,^ k o n o $,default
Copainala-119_sharp-1,,Copainala,119_sharp,wiʔijnajupə,wiʔijnajupə,w i ʔ i j n a j u p ə,,Kondic2023,,false,^ w iʔi j n a j u p ə $,default
Copainala-120_bluntdull-1,,Copainala,120_bluntdull,polahpə,polahpə,p o l a h p ə,,Kondic2023,,false,^ p o l a h p ə $,default
Copainala-121_shyashamed-1,,Copainala,121_shyashamed,tsaʔahpapə,tsaʔahpapə,ts a ʔ a h p a p ə,,Kondic2023,,false,^ ts aʔa h p a p ə $,default
Copainala-122_old-1,,Copainala,122_old,tsaʔamupə,tsaʔamupə,ts a ʔ a m u p ə,,Kondic2023,,false,^ ts aʔa m u p ə $,default
Copainala-123_painfulsick-1,,Copainala,123_painfulsick,topjaʔabə,topjaʔabə,t o p j a ʔ a b ə,,Kondic2023,,false,^ t o p j aʔa b ə $,default
Copainala-124_good-1,,Copainala,124_good,oje,oje,o j e,,Kondic2023,,false,^ o j e $,default
Copainala-125_bad-1,,Copainala,125_bad,jaʔatsi,jaʔatsi,j a ʔ a ts i,,Kondic2023,,false,^ j aʔa ts i $,default
Copainala-127_dirty-1,,Copainala,127_dirty,nasəjupə,nasəjupə,n a s ə j u p ə,,Kondic2023,,false,^ n a s ə j u p ə $,default
Copainala-128_rotten-1,,Copainala,128_rotten,puhtsupə,puhtsupə,p u h ts u p ə,,Kondic2023,,false,^ p u h ts u p ə $,default
Copainala-129_all-1,,Copainala,129_all,nəmo,nəmo,n ə m o,,Kondic2023,,false,^ n ə m o $,default
Copainala-131_far-1,,Copainala,131_far,jaʔaj,jaʔaj,j a ʔ a j,,Kondic2023,,false,^ j aʔa j $,default
Copainala-132_near-1,,Copainala,132_near,tome,tome,t o m e,,Kondic2023,,false,^ t o m e $,default
Copainala-134_cold-1,,Copainala,134_cold,pakak,pakak,p a k a k,,Kondic2023,,false,^ p a k a k $,default
Copainala-137_new-1,,Copainala,137_new,home,home,h o m e,,Kondic2023,,false,^ h o m e $,default
Copainala-138_other-1,,Copainala,138_other,ejapə,ejapə,e j a p ə,,Kondic2023,,false,^ e j a p ə $,default
Copainala-139_come-1,,Copainala,139_come,nukpa,nukpa,n u k p a,< nuk-pa come-INC < nuk- 'to come',Kondic2023,,false,^ n u k p a $,default
Copainala-140_walk-1,,Copainala,140_walk,kaʔamba,kaʔamba,k a ʔ a m b a,< kaʔam-ba walk-INC 'walks' < kaʔam- 'to walk',Kondic2023,,false,^ k aʔa m b a $,default
Copainala-141_grow-1,,Copainala,141_grow,tsohkuj,tsohkuj,ts o h k u j,<tsoh-kuj grow-NOM 'growing' <tsoh- 'to grow',Kondic2023,,false,^ ts o h k u j $,default
Copainala-142_stand-1,,Copainala,142_stand,tena,tena,t e n a,< ten-a stand-PPL?  'standing.up' < ten- 'to stand',Kondic2023,,false,^ t e n a $,default
Copainala-143_sit-1,,Copainala,143_sit,poksa,poksa,p o k s a,< poks-a sit-PPL? 'sitting.down' < poks- 'to sit',Kondic2023,,false,^ p o k s a $,default
Copainala-144_fall-1,,Copainala,144_fall,kunba,kunba,k u n b a,<kun-pa fall-INC '(he) falls' <kun- 'to fall',Kondic2023,,false,^ k u n b a $,default
Copainala-145_liedown-1,,Copainala,145_liedown,wimna,wimna,w i m n a,< wimn-a lie.down-PPL? 'lying.down' <wimn- 'to lie down',Kondic2023,,false,^ w i m n a $,default
Copainala-147_climb-1,,Copainala,147_climb,kimguj,kimguj,k i m g u j,<kim-kuj climb-NOM 'climbing' <kim- 'to climb',Kondic2023,,false,^ k i m g u j $,default
Copainala-148_swim-1,,Copainala,148_swim,hepkuj,hepkuj,h e p k u j,< hep-kuj swim-NOM 'swimming' < hep- 'to swim',Kondic2023,,false,^ h e p k u j $,default
Copainala-152_chew-1,,Copainala,152_chew,waskuj,waskuj,w a s k u j,< was-kuj chew-NOM 'chewing' < was-  'to chew',Kondic2023,,false,^ w a s k u j $,default
Copainala-153_eat-1,,Copainala,153_eat,kuʔutə,kuʔutə,k u ʔ u t ə,< kuʔut-ə eat-IMP 'eat (it)!' < kuʔut- 'to eat',Kondic2023,,false,^ k uʔu t ə $,default
Copainala-154_drink-1,,Copainala,154_drink,toʔonguj,toʔonguj,t o ʔ o n g u j,< toʔon-kuj drink-NOM 'drinking' < toʔon- 'to drink',Kondic2023,,false,^ t oʔo n g u j $,default
Copainala-156_suck-1,,Copainala,156_suck,jahktsuʔtsə,jahktsuʔtsə,j a h k ts u ʔ ts ə,< jahk-tsuʔts-ə CAUS-suck-IMP 'suck!' < jahktsuʔts- 'to suck',Kondic2023,,false,^ j a h k ts u ʔ ts ə $,default
Copainala-159_dream-1,,Copainala,159_dream,napasəkjuj,napasəkjuj,n a p a s ə k j u j,<napasəj-kuj dream-NOM 'dreaming' <napasəj- 'to dream',Kondic2023,,false,^ n a p a s ə k j u j $,default
Copainala-160_sleep-1,,Copainala,160_sleep,ənguj,ənguj,ə n g u j,< ən-kuj sleep-NOM 'sleeping' < ən- 'to sleep',Kondic2023,,false,^ ə n g u j $,default
Copainala-162_die-1,,Copainala,162_die,kaʔpa,kaʔpa,k a ʔ p a,<kaʔ-pa die-INC '(he) dies' < kaʔ- 'to die',Kondic2023,,false,^ k a ʔ p a $,default
Copainala-163_kill-1,,Copainala,163_kill,jahkaʔpa,jahkaʔpa,j a h k a ʔ p a,<jahk-aʔ-INC CAUS-die-INC '(he) kills' < jahkaʔ- 'to kill',Kondic2023,,false,^ j a h k a ʔ p a $,default
Copainala-164_see-1,,Copainala,164_see,keʔenguj,keʔenguj,k e ʔ e n g u j,< keʔen-kuj see-NOM 'seeing' < keʔen- 'to see',Kondic2023,,false,^ k eʔe n g u j $,default
Copainala-165_hear-1,,Copainala,165_hear,maʔatonguj,maʔatonguj,m a ʔ a t o n g u j,< maʔa-ton-kuj ?-hear-NOM 'hearing' < ton- 'to hear',Kondic2023,,false,^ m aʔa t o n g u j $,default
Copainala-166_sniffsmell-1,,Copainala,166_sniffsmell,suʔukisə,suʔukisə,s u ʔ u k i s ə,<suʔukis-ə smell-IMP 'smell!'< suʔukis- 'to smell',Kondic2023,,false,^ s uʔu k i s ə $,default
Copainala-167_know-1,,Copainala,167_know,musokjuj,musokjuj,m u s o k j u j,< mus-oj-kuj know-AP?-NOM 'knowing,Kondic2023,,false,^ m u s o k j u j $,default
Copainala-168_think-1,,Copainala,168_think,kipskuj,kipskuj,k i p s k u j,< kips-kuj think-NOM  'thinking' < kips- 'to know',Kondic2023,,false,^ k i p s k u j $,default
Copainala-169_laugh-1,,Copainala,169_laugh,sihkuj,sihkuj,s i h k u j,<sih-kuj laugh-NOM 'laughing' < sih- 'to laugh',Kondic2023,,false,^ s i h k u j $,default
Copainala-170_cry-1,,Copainala,170_cry,həpja,həpja,h ə p j a,< həj-pa cry-INC '(he) cries' <həj- 'to cry',Kondic2023,,false,^ h ə p j a $,default
Copainala-171_blow-1,,Copainala,171_blow,suskuj,suskuj,s u s k u j,<sus-kuj blow-NOM 'blowing' <sus- 'to blow',Kondic2023,,false,^ s u s k u j $,default
Copainala-172_burn-1,,Copainala,172_burn,nemba,nemba,n e m b a,<nem-pa burn-NOM 'burning'<nem- 'to burn',Kondic2023,,false,^ n e m b a $,default
Copainala-174_sew-1,,Copainala,174_sew,pahnakuj,pahnakuj,p a h n a k u j,pahna-kuj sew-NOM 'sewing' < pahna- 'to sew',Kondic2023,,false,^ p a h n a k u j $,default
Copainala-175_pound-1,,Copainala,175_pound,saʔatskuj,saʔatskuj,s a ʔ a ts k u j,<saʔats-kuj pound-NOM 'pounding'<saʔats- 'to pound',Kondic2023,,false,^ s aʔa ts k u j $,default
Copainala-176_hit-1,,Copainala,176_hit,tsanguj,tsanguj,ts a n g u j,tsan-kuj hit-NOM 'hitting' < tsan- 'to hit',Kondic2023,,false,^ ts a n g u j $,default
Copainala-177_cut-1,,Copainala,177_cut,hahkuj,hahkuj,h a h k u j,<hah-kuj cut-NOM 'cutting' <hah- 'to cut',Kondic2023,,false,^ h a h k u j $,default
Copainala-178_split-1,,Copainala,178_split,wenguj,wenguj,w e n g u j,<wen-kuj split-NOM 'splitting' <wen- 'to split',Kondic2023,,false,^ w e n g u j $,default
Copainala-181_hold-1,,Copainala,181_hold,pəhjtʲonguj,pəhjtʲonguj,p ə h j tʲ o n g u j,<pəhjtʲon-kuj hold-NOM 'holding' <pəhjtʲon- 'to hold',Kondic2023,,false,^ p ə h j tʲ o n g u j $,default
Copainala-182_fear-1,,Copainala,182_fear,naʔtskuj,naʔtskuj,n a ʔ ts k u j,< naʔts-kuj fear-NOM 'fearing' < naʔts- 'to fear',Kondic2023,,false,^ n a ʔ ts k u j $,default
Copainala-183_count-1,,Copainala,183_count,majokʲuj,majokʲuj,m a j o kʲ u j,<maj-oj-kuj count-AP?-NOM 'counting' <maj- 'to count',Kondic2023,,false,^ m a j o kʲ u j $,default
Copainala-185_vomit-1,,Copainala,185_vomit,ətskuj,ətskuj,ə ts k u j,əts-kuj  vomit-NOM  'vomiting' < əts- 'to vomit',Kondic2023,,false,^ ə ts k u j $,default
Copainala-186_tieup-1,,Copainala,186_tieup,simguj,simguj,s i m g u j,<sim-kuj tieup-NOM 'tieing up' < sim- 'to tie up',Kondic2023,,false,^ s i m g u j $,default
Copainala-188_swell-1,,Copainala,188_swell,siʔinguj,siʔinguj,s i ʔ i n g u j,<siʔin-kuj swell-NOM 'swellling' <siʔin- 'to swell',Kondic2023,,false,^ s iʔi n g u j $,default
Copainala-189_say-1,,Copainala,189_say,tsamguj,tsamguj,ts a m g u j,<tsam-kuj say-NOM 'saying' < tsam- 'to say',Kondic2023,,false,^ ts a m g u j $,default
Copainala-190_scratch-1,,Copainala,190_scratch,motskuj,motskuj,m o ts k u j,<mots-kuj scratch-NOM 'scratching' < mots- 'to scratch',Kondic2023,,false,^ m o ts k u j $,default
Copainala-192_buy-1,,Copainala,192_buy,hujokʲuj,hujokʲuj,h u j o kʲ u j,<huj-oj-kuj buy-AP?-NOM 'buying' <huj- 'to buy',Kondic2023,,false,^ h u j o kʲ u j $,default
Copainala-193_steal-1,,Copainala,193_steal,numba,numba,n u m b a,num-pa steel-INC '(he) steals' < num- 'to steal',Kondic2023,,false,^ n u m b a $,default
Copainala-194_choose-1,,Copainala,194_choose,pinguj,pinguj,p i n g u j,<pin-kuj choose-NOM 'choosing' <pin- 'to choose',Kondic2023,,false,^ p i n g u j $,default
Copainala-195_plant-1,,Copainala,195_plant,nihpkuj,nihpkuj,n i h p k u j,<nihp-kuj plant-NOM 'planting' <nihp- 'to plant',Kondic2023,,false,^ n i h p k u j $,default
Copainala-198_work-1,,Copainala,198_work,joskuj,joskuj,j o s k u j,<jos-kuj work-NOM 'working' <jos- 'to work',Kondic2023,,false,^ j o s k u j $,default
Copainala-199_open-1,,Copainala,199_open,anwahkuj,anwahkuj,a n w a h k u j,<anwah-kuj open-NOM 'opening' <anwah- 'to open',Kondic2023,,false,^ a n w a h k u j $,default
Cotzocon-1_one-1,,Cotzocon,1_one,tuʔuk,tuʔuk,t u ʔ u k,,Kondic2019,,false,^ t uʔu k $,default
Cotzocon-2_two-1,,Cotzocon,2_two,mahtsk,mahtsk,m a h ts k,,Kondic2019,,false,^ m a h ts k $,default
Cotzocon-3_three-1,,Cotzocon,3_three,təgəʔək,təgəʔək,t ə g ə ʔ ə k,,Kondic2019,,false,^ t ə g əʔə k $,default
Cotzocon-4_four-1,,Cotzocon,4_four,mahktaʔaʃk,mahktaʔaʃk,m a h k t a ʔ a ʃ k,,Kondic2019,,false,^ m a h k t aʔa ʃ k $,default
Cotzocon-5_year-1,,Cotzocon,5_year,həməht,həməht,h ə m ə h t,,Kondic2019,,false,^ h ə m ə h t $,default
Cotzocon-6_right-1,,Cotzocon,6_right,anah,anah,a n a h,,Kondic2019,,false,^ a n a h $,default
Cotzocon-7_left-1,,Cotzocon,7_left,ojaʔampə,ojaʔampə,o j a ʔ a m p ə,,Kondic2019,,false,^ o j aʔa m p ə $,default
Cotzocon-8_i-1,,Cotzocon,8_i,əts,əts,ə ts,,Kondic2019,,false,^ ə ts $,default
Cotzocon-10_weallincl-1,,Cotzocon,10_weallincl,əʔətsəmdə,əʔətsəmdə,ə ʔ ə ts ə m d ə,,Kondic2019,,false,^ əʔə ts ə m d ə $,default
Cotzocon-11_yousg-1,,Cotzocon,11_yousg,mits,mits,m i ts,,Kondic2019,,false,^ m i ts $,default
Cotzocon-12_heshe-1,,Cotzocon,12_heshe,jəʔə,jəʔə,j ə ʔ ə,,Kondic2019,,false,^ j əʔə $,default
Cotzocon-13_theyall-1,,Cotzocon,13_theyall,jəʔəhətʲ,jəʔəhətʲ,j ə ʔ ə h ə tʲ,,Kondic2019,,false,^ j əʔə h ə tʲ $,default
Cotzocon-14_nonot-1,,Cotzocon,14_nonot,kah,kah,k a h,,Kondic2019,,false,^ k a h $,default
Cotzocon-15_what-1,,Cotzocon,15_what,ti,ti,t i,,Kondic2019,,false,^ t i $,default
Cotzocon-16_who-1,,Cotzocon,16_who,pən,pən,p ə n,,Kondic2019,,false,^ p ə n $,default
Cotzocon-17_where-1,,Cotzocon,17_where,maʔa,maʔa,m a ʔ a,,Kondic2019,,false,^ m aʔa $,default
Cotzocon-18_when-1,,Cotzocon,18_when,wənaʔa,wənaʔa,w ə n a ʔ a,,Kondic2019,,false,^ w ə n aʔa $,default
Cotzocon-19_how-1,,Cotzocon,19_how,wiʔiʃ,wiʔiʃ,w i ʔ i ʃ,,Kondic2019,,false,^ w iʔi ʃ $,default
Cotzocon-20_this-1,,Cotzocon,20_this,tʲaʔadə,tʲaʔadə,tʲ a ʔ a d ə,,Kondic2019,,false,^ tʲ aʔa d ə $,default
Cotzocon-21_that-1,,Cotzocon,21_that,ʃiʔidə,ʃiʔidə,ʃ i ʔ i d ə,,Kondic2019,,false,^ ʃ iʔi d ə $,default
Cotzocon-24_below-1,,Cotzocon,24_below,naʔaʃp,naʔaʃp,n a ʔ a ʃ p,,Kondic2019,,false,^ n aʔa ʃ p $,default
Cotzocon-25_ininside-1,,Cotzocon,25_ininside,təgoʔotʲ,təgoʔotʲ,t ə g o ʔ o tʲ,,Kondic2019,,false,^ t ə g oʔo tʲ $,default
Cotzocon-26_at-1,,Cotzocon,26_at,ham,ham,h a m,,Kondic2019,,false,^ h a m $,default
Cotzocon-27_head-1,,Cotzocon,27_head,kəbahk,kəbahk,k ə b a h k,,Kondic2019,,false,^ k ə b a h k $,default
Cotzocon-28_hair-1,,Cotzocon,28_hair,kəbahk waʔaj,kəbahk waʔaj,k ə b a h k + w a ʔ a j,,Kondic2019,,false,^ k ə b a h k + w aʔa j $,default
Cotzocon-29_eye-1,,Cotzocon,29_eye,win,win,w i n,,Kondic2019,,false,^ w i n $,default
Cotzocon-30_nose-1,,Cotzocon,30_nose,həhp,həhp,h ə h p,,Kondic2019,,false,^ h ə h p $,default
Cotzocon-31_ear-1,,Cotzocon,31_ear,taʔatsk,taʔatsk,t a ʔ a ts k,,Kondic2019,,false,^ t aʔa ts k $,default
Cotzocon-32_mouth-1,,Cotzocon,32_mouth,aʔaw,aʔaw,a ʔ a w,,Kondic2019,,false,^ aʔa w $,default
Cotzocon-33_tongue-1,,Cotzocon,33_tongue,toʔots,toʔots,t o ʔ o ts,,Kondic2019,,false,^ t oʔo ts $,default
Cotzocon-34_tooth-1,,Cotzocon,34_tooth,təʔəts,təʔəts,t ə ʔ ə ts,,Kondic2019,,false,^ t əʔə ts $,default
Cotzocon-35_hand-1,,Cotzocon,35_hand,kəʔə,kəʔə,k ə ʔ ə,,Kondic2019,,false,^ k əʔə $,default
Cotzocon-36_shoulder-1,,Cotzocon,36_shoulder,kʲehk,kʲehk,kʲ e h k,,Kondic2019,,false,^ kʲ e h k $,default
Cotzocon-37_neck-1,,Cotzocon,37_neck,joʔokn,joʔokn,j o ʔ o k n,,Kondic2019,,false,^ j oʔo k n $,default
Cotzocon-38_back-1,,Cotzocon,38_back,jəʔəʃk,jəʔəʃk,j ə ʔ ə ʃ k,,Kondic2019,,false,^ j əʔə ʃ k $,default
Cotzocon-39_leg-1,,Cotzocon,39_leg,tekʲ,tekʲ,t e kʲ,,Kondic2019,,false,^ t e kʲ $,default
Cotzocon-40_blood-1,,Cotzocon,40_blood,neʔepʲ,neʔepʲ,n e ʔ e pʲ,,Kondic2019,,false,^ n eʔe pʲ $,default
Cotzocon-41_bone-1,,Cotzocon,41_bone,pahk,pahk,p a h k,,Kondic2019,,false,^ p a h k $,default
Cotzocon-42_skin-1,,Cotzocon,42_skin,nʔak,nʔak,n ʔ a k,,Kondic2019,,false,^ n ʔ a k $,default
Cotzocon-43_belly-1,,Cotzocon,43_belly,hoʔot,hoʔot,h o ʔ o t,,Kondic2019,,false,^ h oʔo t $,default
Cotzocon-45_breast-1,,Cotzocon,45_breast,tsiʔitsk,tsiʔitsk,ts i ʔ i ts k,,Kondic2019,,false,^ ts iʔi ts k $,default
Cotzocon-46_liver-1,,Cotzocon,46_liver,hoʔot,hoʔot,h o ʔ o t,,Kondic2019,,false,^ h oʔo t $,default
Cotzocon-47_dog-1,,Cotzocon,47_dog,uk,uk,u k,,Kondic2019,,false,^ u k $,default
Cotzocon-48_bird-1,,Cotzocon,48_bird,hoʔon,hoʔon,h o ʔ o n,,Kondic2019,,false,^ h oʔo n $,default
Cotzocon-49_fish-1,,Cotzocon,49_fish,nəhəjuhk,nəhəjuhk,n ə h ə j u h k,,Kondic2019,,false,^ n ə h ə j u h k $,default
Cotzocon-50_snake-1,,Cotzocon,50_snake,tsaʔaɲ,tsaʔaɲ,ts a ʔ a ɲ,,Kondic2019,,false,^ ts aʔa ɲ $,default
Cotzocon-51_worm-1,,Cotzocon,51_worm,tənəʔək,tənəʔək,t ə n ə ʔ ə k,,Kondic2019,,false,^ t ə n əʔə k $,default
Cotzocon-52_louse-1,,Cotzocon,52_louse,aʔat,aʔat,a ʔ a t,,Kondic2019,,false,^ aʔa t $,default
Cotzocon-53_rat-1,,Cotzocon,53_rat,tsuʔuk,tsuʔuk,ts u ʔ u k,,Kondic2019,,false,^ ts uʔu k $,default
Cotzocon-54_spider-1,,Cotzocon,54_spider,poʔoʃʲp,poʔoʃʲp,p o ʔ o ʃʲ p,,Kondic2019,,false,^ p oʔo ʃʲ p $,default
Cotzocon-55_mosquito-1,,Cotzocon,55_mosquito,uʔuʃ,uʔuʃ,u ʔ u ʃ,,Kondic2019,,false,^ uʔu ʃ $,default
Cotzocon-56_egg-1,,Cotzocon,56_egg,tsətʲuʔutʲ,tsətʲuʔutʲ,ts ə tʲ u ʔ u tʲ,,Kondic2019,,false,^ ts ə tʲ uʔu tʲ $,default
Cotzocon-57_tail-1,,Cotzocon,57_tail,piʔiʃʲ,piʔiʃʲ,p i ʔ i ʃʲ,,Kondic2019,,false,^ p iʔi ʃʲ $,default
Cotzocon-58_wing-1,,Cotzocon,58_wing,kʲaʔakn,kʲaʔakn,kʲ a ʔ a k n,,Kondic2019,,false,^ kʲ aʔa k n $,default
Cotzocon-59_feather-1,,Cotzocon,59_feather,ɲəjəmk,ɲəjəmk,ɲ ə j ə m k,,Kondic2019,,false,^ ɲ ə j ə m k $,default
Cotzocon-60_person-1,,Cotzocon,60_person,haʔaj,haʔaj,h a ʔ a j,,Kondic2019,,false,^ h aʔa j $,default
Cotzocon-61_man-1,,Cotzocon,61_man,itʲəhk,itʲəhk,i tʲ ə h k,,Kondic2019,,false,^ i tʲ ə h k $,default
Cotzocon-62_woman-1,,Cotzocon,62_woman,toʃtʲəhk,toʃtʲəhk,t o ʃ tʲ ə h k,,Kondic2019,,false,^ t o ʃ tʲ ə h k $,default
Cotzocon-63_child-1,,Cotzocon,63_child,leʔekʲ,leʔekʲ,l e ʔ e kʲ,,Kondic2019,,false,^ l eʔe kʲ $,default
Cotzocon-64_name-1,,Cotzocon,64_name,ʃəʔəw,ʃəʔəw,ʃ ə ʔ ə w,,Kondic2019,,false,^ ʃ əʔə w $,default
Cotzocon-65_mother-1,,Cotzocon,65_mother,naʔan,naʔan,n a ʔ a n,,Kondic2019,,false,^ n aʔa n $,default
Cotzocon-66_father-1,,Cotzocon,66_father,taʔat,taʔat,t a ʔ a t,,Kondic2019,,false,^ t aʔa t $,default
Cotzocon-67_husband-1,,Cotzocon,67_husband,nʔitʲəhk,nʔitʲəhk,n ʔ i tʲ ə h k,,Kondic2019,,false,^ n ʔ i tʲ ə h k $,default
Cotzocon-68_wife-1,,Cotzocon,68_wife,doʃtʲəhk,doʃtʲəhk,d o ʃ tʲ ə h k,,Kondic2019,,false,^ d o ʃ tʲ ə h k $,default
Cotzocon-69_day-1,,Cotzocon,69_day,ʃəʔəɲ,ʃəʔəɲ,ʃ ə ʔ ə ɲ,,Kondic2019,,false,^ ʃ əʔə ɲ $,default
Cotzocon-70_night-1,,Cotzocon,70_night,tsuʔum,tsuʔum,ts u ʔ u m,,Kondic2019,,false,^ ts uʔu m $,default
Cotzocon-71_moon-1,,Cotzocon,71_moon,poʔo,poʔo,p o ʔ o,,Kondic2019,,false,^ p oʔo $,default
Cotzocon-72_star-1,,Cotzocon,72_star,mətsaʔa,mətsaʔa,m ə ts a ʔ a,,Kondic2019,,false,^ m ə ts aʔa $,default
Cotzocon-73_sky-1,,Cotzocon,73_sky,tsahp,tsahp,ts a h p,,Kondic2019,,false,^ ts a h p $,default
Cotzocon-74_water-1,,Cotzocon,74_water,nəʔəh,nəʔəh,n ə ʔ ə h,,Kondic2019,,false,^ n əʔə h $,default
Cotzocon-76_sea-1,,Cotzocon,76_sea,mehʲ,mehʲ,m e hʲ,,Kondic2019,,false,^ m e hʲ $,default
Cotzocon-77_fire-1,,Cotzocon,77_fire,həʔən,həʔən,h ə ʔ ə n,,Kondic2019,,false,^ h əʔə n $,default
Cotzocon-78_smoke-1,,Cotzocon,78_smoke,həʔənok,həʔənok,h ə ʔ ə n o k,,Kondic2019,,false,^ h əʔə n o k $,default
Cotzocon-79_ash-1,,Cotzocon,79_ash,haʔam,haʔam,h a ʔ a m,,Kondic2019,,false,^ h aʔa m $,default
Cotzocon-80_stone-1,,Cotzocon,80_stone,tsaʔa,tsaʔa,ts a ʔ a,,Kondic2019,,false,^ ts aʔa $,default
Cotzocon-81_earthsoil-1,,Cotzocon,81_earthsoil,naʔaʃ,naʔaʃ,n a ʔ a ʃ,,Kondic2019,,false,^ n aʔa ʃ $,default
Cotzocon-82_dust-1,,Cotzocon,82_dust,puʔuʃp,puʔuʃp,p u ʔ u ʃ p,,Kondic2019,,false,^ p uʔu ʃ p $,default
Cotzocon-83_sand-1,,Cotzocon,83_sand,puʔuh,puʔuh,p u ʔ u h,,Kondic2019,,false,^ p uʔu h $,default
Cotzocon-84_rain-1,,Cotzocon,84_rain,tuʔu,tuʔu,t u ʔ u,,Kondic2019,,false,^ t uʔu $,default
Cotzocon-85_cloud-1,,Cotzocon,85_cloud,hok,hok,h o k,,Kondic2019,,false,^ h o k $,default
Cotzocon-86_wind-1,,Cotzocon,86_wind,poh,poh,p o h,,Kondic2019,,false,^ p o h $,default
Cotzocon-88_thunder-1,,Cotzocon,88_thunder,anaʔaw,anaʔaw,a n a ʔ a w,,Kondic2019,,false,^ a n aʔa w $,default
Cotzocon-89_lightning-1,,Cotzocon,89_lightning,waʔatsuk,waʔatsuk,w a ʔ a ts u k,,Kondic2019,,false,^ w aʔa ts u k $,default
Cotzocon-90_meatflesh-1,,Cotzocon,90_meatflesh,tsuʔutʲ,tsuʔutʲ,ts u ʔ u tʲ,,Kondic2019,,false,^ ts uʔu tʲ $,default
Cotzocon-91_salt-1,,Cotzocon,91_salt,kaʔan,kaʔan,k a ʔ a n,,Kondic2019,,false,^ k aʔa n $,default
Cotzocon-92_fatgrease-1,,Cotzocon,92_fatgrease,on,on,o n,,Kondic2019,,false,^ o n $,default
Cotzocon-93_fruit-1,,Cotzocon,93_fruit,tʲəʔəm,tʲəʔəm,tʲ ə ʔ ə m,,Kondic2019,,false,^ tʲ əʔə m $,default
Cotzocon-96_branch-1,,Cotzocon,96_branch,ʃenk,ʃenk,ʃ e n k,,Kondic2019,,false,^ ʃ e n k $,default
Cotzocon-97_leaf-1,,Cotzocon,97_leaf,aʔaj,aʔaj,a ʔ a j,,Kondic2019,,false,^ aʔa j $,default
Cotzocon-98_wood-1,,Cotzocon,98_wood,kʲepʲ,kʲepʲ,kʲ e pʲ,,Kondic2019,,false,^ kʲ e pʲ $,default
Cotzocon-99_grass-1,,Cotzocon,99_grass,uhts,uhts,u h ts,,Kondic2019,,false,^ u h ts $,default
Cotzocon-100_flower-1,,Cotzocon,100_flower,pəhʲ,pəhʲ,p ə hʲ,,Kondic2019,,false,^ p ə hʲ $,default
Cotzocon-101_thatchroof-1,,Cotzocon,101_thatchroof,təhkjemp,təhkjemp,t ə h k j e m p,,Kondic2019,,false,^ t ə h k j e m p $,default
Cotzocon-102_house-1,,Cotzocon,102_house,təhk,təhk,t ə h k,,Kondic2019,,false,^ t ə h k $,default
Cotzocon-103_rope-1,,Cotzocon,103_rope,ak,ak,a k,,Kondic2019,,false,^ a k $,default
Cotzocon-104_needle-1,,Cotzocon,104_needle,xuʔuɲ,xuʔuɲ,x u ʔ u ɲ,,Kondic2019,,false,^ x uʔu ɲ $,default
Cotzocon-105_roadpath-1,,Cotzocon,105_roadpath,tuʔuh,tuʔuh,t u ʔ u h,,Kondic2019,,false,^ t uʔu h $,default
Cotzocon-106_black-1,,Cotzocon,106_black,jək,jək,j ə k,,Kondic2019,,false,^ j ə k $,default
Cotzocon-107_white-1,,Cotzocon,107_white,poʔop,poʔop,p o ʔ o p,,Kondic2019,,false,^ p oʔo p $,default
Cotzocon-108_red-1,,Cotzocon,108_red,tsapts,tsapts,ts a p ts,,Kondic2019,,false,^ ts a p ts $,default
Cotzocon-109_green-1,,Cotzocon,109_green,tsuʃk,tsuʃk,ts u ʃ k,,Kondic2019,,false,^ ts u ʃ k $,default
Cotzocon-110_yellow-1,,Cotzocon,110_yellow,puʔuts,puʔuts,p u ʔ u ts,,Kondic2019,,false,^ p uʔu ts $,default
Cotzocon-111_big-1,,Cotzocon,111_big,məh,məh,m ə h,,Kondic2019,,false,^ m ə h $,default
Cotzocon-112_small-1,,Cotzocon,112_small,muʔutsk,muʔutsk,m u ʔ u ts k,,Kondic2019,,false,^ m uʔu ts k $,default
Cotzocon-113_long-1,,Cotzocon,113_long,joɲ,joɲ,j o ɲ,,Kondic2019,,false,^ j o ɲ $,default
Cotzocon-114_short-1,,Cotzocon,114_short,naʔaʃʲp,naʔaʃʲp,n a ʔ a ʃʲ p,,Kondic2019,,false,^ n aʔa ʃʲ p $,default
Cotzocon-115_thick-1,,Cotzocon,115_thick,mahatʲ,mahatʲ,m a h a tʲ,,Kondic2019,,false,^ m a h a tʲ $,default
Cotzocon-116_thin-1,,Cotzocon,116_thin,pehʲ,pehʲ,p e hʲ,,Kondic2019,,false,^ p e hʲ $,default
Cotzocon-118_wide-1,,Cotzocon,118_wide,məhwiʔin,məhwiʔin,m ə h w i ʔ i n,,Kondic2019,,false,^ m ə h w iʔi n $,default
Cotzocon-119_sharp-1,,Cotzocon,119_sharp,həhkpʃuɲ,həhkpʃuɲ,h ə h k p ʃ u ɲ,,Kondic2019,,false,^ h ə h k p ʃ u ɲ $,default
Cotzocon-121_shyashamed-1,,Cotzocon,121_shyashamed,tsətʲuʔump,tsətʲuʔump,ts ə tʲ u ʔ u m p,,Kondic2019,,false,^ ts ə tʲ uʔu m p $,default
Cotzocon-122_old-1,,Cotzocon,122_old,məhaʔaj,məhaʔaj,m ə h a ʔ a j,,Kondic2019,,false,^ m ə h aʔa j $,default
Cotzocon-123_painfulsick-1,,Cotzocon,123_painfulsick,pəhkp,pəhkp,p ə h k p,,Kondic2019,,false,^ p ə h k p $,default
Cotzocon-124_good-1,,Cotzocon,124_good,oj,oj,o j,,Kondic2019,,false,^ o j $,default
Cotzocon-125_bad-1,,Cotzocon,125_bad,aʃəkaʔaj,aʃəkaʔaj,a ʃ ə k a ʔ a j,,Kondic2019,,false,^ a ʃ ə k aʔa j $,default
Cotzocon-126_correcttrue-1,,Cotzocon,126_correcttrue,tehʲ,tehʲ,t e hʲ,,Kondic2019,,false,^ t e hʲ $,default
Cotzocon-127_dirty-1,,Cotzocon,127_dirty,aʃəʔək,aʃəʔək,a ʃ ə ʔ ə k,,Kondic2019,,false,^ a ʃ əʔə k $,default
Cotzocon-128_rotten-1,,Cotzocon,128_rotten,puʔuts,puʔuts,p u ʔ u ts,,Kondic2019,,false,^ p uʔu ts $,default
Cotzocon-129_all-1,,Cotzocon,129_all,nəʔihtʲ,nəʔihtʲ,n ə ʔ i h tʲ,,Kondic2019,,false,^ n ə ʔ i h tʲ $,default
Cotzocon-130_heavy-1,,Cotzocon,130_heavy,heʔemptʲ,heʔemptʲ,h e ʔ e m p tʲ,,Kondic2019,,false,^ h eʔe m p tʲ $,default
Cotzocon-131_far-1,,Cotzocon,131_far,həgam,həgam,h ə g a m,,Kondic2019,,false,^ h ə g a m $,default
Cotzocon-132_near-1,,Cotzocon,132_near,həngon,həngon,h ə n g o n,,Kondic2019,,false,^ h ə n g o n $,default
Cotzocon-133_warm-1,,Cotzocon,133_warm,ambə,ambə,a m b ə,,Kondic2019,,false,^ a m b ə $,default
Cotzocon-134_cold-1,,Cotzocon,134_cold,paʔakʲ,paʔakʲ,p a ʔ a kʲ,,Kondic2019,,false,^ p aʔa kʲ $,default
Cotzocon-135_dry-1,,Cotzocon,135_dry,təʔətsp,təʔətsp,t ə ʔ ə ts p,,Kondic2019,,false,^ t əʔə ts p $,default
Cotzocon-136_wet-1,,Cotzocon,136_wet,ʃoʔok,ʃoʔok,ʃ o ʔ o k,,Kondic2019,,false,^ ʃ oʔo k $,default
Cotzocon-137_new-1,,Cotzocon,137_new,hem,hem,h e m,,Kondic2019,,false,^ h e m $,default
Cotzocon-138_other-1,,Cotzocon,138_other,jəʔə,jəʔə,j ə ʔ ə,,Kondic2019,,false,^ j əʔə $,default
Cotzocon-139_come-1,,Cotzocon,139_come,hahtp,hahtp,h a h t p,,Kondic2019,,false,^ h a h t p $,default
Cotzocon-140_walk-1,,Cotzocon,140_walk,jeʔep,jeʔep,j e ʔ e p,,Kondic2019,,false,^ j eʔe p $,default
Cotzocon-141_grow-1,,Cotzocon,141_grow,jaʔakp,jaʔakp,j a ʔ a k p,,Kondic2019,,false,^ j aʔa k p $,default
Cotzocon-142_stand-1,,Cotzocon,142_stand,tənaʔap,tənaʔap,t ə n a ʔ a p,,Kondic2019,,false,^ t ə n aʔa p $,default
Cotzocon-143_sit-1,,Cotzocon,143_sit,əʃtaʔakp,əʃtaʔakp,ə ʃ t a ʔ a k p,,Kondic2019,,false,^ ə ʃ t aʔa k p $,default
Cotzocon-144_fall-1,,Cotzocon,144_fall,kədaʔapʲ,kədaʔapʲ,k ə d a ʔ a pʲ,,Kondic2019,,false,^ k ə d aʔa pʲ $,default
Cotzocon-145_liedown-1,,Cotzocon,145_liedown,nəgʲoʔokp,nəgʲoʔokp,n ə gʲ o ʔ o k p,,Kondic2019,,false,^ n ə gʲ oʔo k p $,default
Cotzocon-146_turn-1,,Cotzocon,146_turn,waʔagəmbihtp,waʔagəmbihtp,w a ʔ a g ə m b i h t p,,Kondic2019,,false,^ w aʔa g ə m b i h t p $,default
Cotzocon-147_climb-1,,Cotzocon,147_climb,pahtp,pahtp,p a h t p,,Kondic2019,,false,^ p a h t p $,default
Cotzocon-148_swim-1,,Cotzocon,148_swim,juʔunp,juʔunp,j u ʔ u n p,,Kondic2019,,false,^ j uʔu n p $,default
Cotzocon-149_flyverb-1,,Cotzocon,149_flyverb,kaʔagəʔəkp,kaʔagəʔəkp,k a ʔ a g ə ʔ ə k p,,Kondic2019,,false,^ k aʔa g əʔə k p $,default
Cotzocon-150_throw-1,,Cotzocon,150_throw,əʃkaʔatʲpʲ,əʃkaʔatʲpʲ,ə ʃ k a ʔ a tʲ pʲ,,Kondic2019,,false,^ ə ʃ k aʔa tʲ pʲ $,default
Cotzocon-151_hide-1,,Cotzocon,151_hide,nəjuʔtsəp,nəjuʔtsəp,n ə j u ʔ ts ə p,,Kondic2019,,false,^ n ə j u ʔ ts ə p $,default
Cotzocon-152_chew-1,,Cotzocon,152_chew,piʔipʲ,piʔipʲ,p i ʔ i pʲ,,Kondic2019,,false,^ p iʔi pʲ $,default
Cotzocon-153_eat-1,,Cotzocon,153_eat,kaʔapʲ,kaʔapʲ,k a ʔ a pʲ,,Kondic2019,,false,^ k aʔa pʲ $,default
Cotzocon-154_drink-1,,Cotzocon,154_drink,uʔukp,uʔukp,u ʔ u k p,,Kondic2019,,false,^ uʔu k p $,default
Cotzocon-155_bite-1,,Cotzocon,155_bite,tsuʔutsp,tsuʔutsp,ts u ʔ u ts p,,Kondic2019,,false,^ ts uʔu ts p $,default
Cotzocon-156_suck-1,,Cotzocon,156_suck,jahktsiʔitʲp,jahktsiʔitʲp,j a h k ts i ʔ i tʲ p,,Kondic2019,,false,^ j a h k ts iʔi tʲ p $,default
Cotzocon-157_yawn-1,,Cotzocon,157_yawn,maʔagahp,maʔagahp,m a ʔ a g a h p,,Kondic2019,,false,^ m aʔa g a h p $,default
Cotzocon-158_spit-1,,Cotzocon,158_spit,tsuhp,tsuhp,ts u h p,,Kondic2019,,false,^ ts u h p $,default
Cotzocon-159_dream-1,,Cotzocon,159_dream,həngəmaʔap,həngəmaʔap,h ə n g ə m a ʔ a p,,Kondic2019,,false,^ h ə n g ə m aʔa p $,default
Cotzocon-160_sleep-1,,Cotzocon,160_sleep,maʔap,maʔap,m a ʔ a p,,Kondic2019,,false,^ m aʔa p $,default
Cotzocon-161_live-1,,Cotzocon,161_live,həgʲahtp,həgʲahtp,h ə gʲ a h t p,,Kondic2019,,false,^ h ə gʲ a h t p $,default
Cotzocon-162_die-1,,Cotzocon,162_die,oʔokp,oʔokp,o ʔ o k p,,Kondic2019,,false,^ oʔo k p $,default
Cotzocon-163_kill-1,,Cotzocon,163_kill,jahkʔeʔekpʲ,jahkʔeʔekpʲ,j a h k ʔ e ʔ e k pʲ,,Kondic2019,,false,^ j a h k ʔ eʔe k pʲ $,default
Cotzocon-164_see-1,,Cotzocon,164_see,ihʃp,ihʃp,i h ʃ p,,Kondic2019,,false,^ i h ʃ p $,default
Cotzocon-165_hear-1,,Cotzocon,165_hear,mədoʔop,mədoʔop,m ə d o ʔ o p,,Kondic2019,,false,^ m ə d oʔo p $,default
Cotzocon-166_sniffsmell-1,,Cotzocon,166_sniffsmell,ʃuʔukp,ʃuʔukp,ʃ u ʔ u k p,,Kondic2019,,false,^ ʃ uʔu k p $,default
Cotzocon-167_know-1,,Cotzocon,167_know,hʲahtʲp,hʲahtʲp,hʲ a h tʲ p,,Kondic2019,,false,^ hʲ a h tʲ p $,default
Cotzocon-168_think-1,,Cotzocon,168_think,maʔaptahp,maʔaptahp,m a ʔ a p t a h p,,Kondic2019,,false,^ m aʔa p t a h p $,default
Cotzocon-169_laugh-1,,Cotzocon,169_laugh,ʃiʔikp,ʃiʔikp,ʃ i ʔ i k p,,Kondic2019,,false,^ ʃ iʔi k p $,default
Cotzocon-170_cry-1,,Cotzocon,170_cry,jaʔaʃp,jaʔaʃp,j a ʔ a ʃ p,,Kondic2019,,false,^ j aʔa ʃ p $,default
Cotzocon-171_blow-1,,Cotzocon,171_blow,pohp,pohp,p o h p,,Kondic2019,,false,^ p o h p $,default
Cotzocon-172_burn-1,,Cotzocon,172_burn,noʔokməp,noʔokməp,n o ʔ o k m ə p,,Kondic2019,,false,^ n oʔo k m ə p $,default
Cotzocon-173_flow-1,,Cotzocon,173_flow,jeʔepʲ,jeʔepʲ,j e ʔ e pʲ,,Kondic2019,,false,^ j eʔe pʲ $,default
Cotzocon-174_sew-1,,Cotzocon,174_sew,ʃiʔipʲ,ʃiʔipʲ,ʃ i ʔ i pʲ,,Kondic2019,,false,^ ʃ iʔi pʲ $,default
Cotzocon-175_pound-1,,Cotzocon,175_pound,mʲeʔepʲ,mʲeʔepʲ,mʲ e ʔ e pʲ,,Kondic2019,,false,^ mʲ eʔe pʲ $,default
Cotzocon-176_hit-1,,Cotzocon,176_hit,wʲehpʲ,wʲehpʲ,wʲ e h pʲ,,Kondic2019,,false,^ wʲ e h pʲ $,default
Cotzocon-177_cut-1,,Cotzocon,177_cut,puhʃp,puhʃp,p u h ʃ p,,Kondic2019,,false,^ p u h ʃ p $,default
Cotzocon-178_split-1,,Cotzocon,178_split,jahkwaʔakʃpʲ,jahkwaʔakʃpʲ,j a h k w a ʔ a k ʃ pʲ,,Kondic2019,,false,^ j a h k w aʔa k ʃ pʲ $,default
Cotzocon-179_dig-1,,Cotzocon,179_dig,tʲahp,tʲahp,tʲ a h p,,Kondic2019,,false,^ tʲ a h p $,default
Cotzocon-180_hunt-1,,Cotzocon,180_hunt,mahtsp,mahtsp,m a h ts p,,Kondic2019,,false,^ m a h ts p $,default
Cotzocon-181_hold-1,,Cotzocon,181_hold,mʲahtsʔojəp,mʲahtsʔojəp,mʲ a h ts ʔ o j ə p,,Kondic2019,,false,^ mʲ a h ts ʔ o j ə p $,default
Cotzocon-182_fear-1,,Cotzocon,182_fear,tsəʔəkəpʲ,tsəʔəkəpʲ,ts ə ʔ ə k ə pʲ,,Kondic2019,,false,^ ts əʔə k ə pʲ $,default
Cotzocon-183_count-1,,Cotzocon,183_count,mətʲeʔepʲ,mətʲeʔepʲ,m ə tʲ e ʔ e pʲ,,Kondic2019,,false,^ m ə tʲ eʔe pʲ $,default
Cotzocon-184_breathe-1,,Cotzocon,184_breathe,ʃahp,ʃahp,ʃ a h p,,Kondic2019,,false,^ ʃ a h p $,default
Cotzocon-185_vomit-1,,Cotzocon,185_vomit,əʔətsp,əʔətsp,ə ʔ ə ts p,,Kondic2019,,false,^ əʔə ts p $,default
Cotzocon-186_tieup-1,,Cotzocon,186_tieup,kʲeʃuʔutʲp,kʲeʃuʔutʲp,kʲ e ʃ u ʔ u tʲ p,,Kondic2019,,false,^ kʲ e ʃ uʔu tʲ p $,default
Cotzocon-187_squeeze-1,,Cotzocon,187_squeeze,hʲənmeʔekʃpʲ,hʲənmeʔekʃpʲ,hʲ ə n m e ʔ e k ʃ pʲ,,Kondic2019,,false,^ hʲ ə n m eʔe k ʃ pʲ $,default
Cotzocon-188_swell-1,,Cotzocon,188_swell,kiʔiʃp,kiʔiʃp,k i ʔ i ʃ p,,Kondic2019,,false,^ k iʔi ʃ p $,default
Cotzocon-189_say-1,,Cotzocon,189_say,jəduʔun wʲaaɲ,jəduʔun wʲaaɲ,j ə d u ʔ u n + wʲ a a ɲ,,Kondic2019,,false,^ j ə d uʔu n + wʲ a a ɲ $,default
Cotzocon-190_scratch-1,,Cotzocon,190_scratch,æʔækʃp,æʔækʃp,æ ʔ æ k ʃ p,,Kondic2019,,false,^ æ ʔ æ k ʃ p $,default
Cotzocon-191_stab-1,,Cotzocon,191_stab,kiʔimpʲ,kiʔimpʲ,k i ʔ i m pʲ,,Kondic2019,,false,^ k iʔi m pʲ $,default
Cotzocon-192_buy-1,,Cotzocon,192_buy,hiʔipʲ,hiʔipʲ,h i ʔ i pʲ,,Kondic2019,,false,^ h iʔi pʲ $,default
Cotzocon-193_steal-1,,Cotzocon,193_steal,maʔatsp,maʔatsp,m a ʔ a ts p,,Kondic2019,,false,^ m aʔa ts p $,default
Cotzocon-194_choose-1,,Cotzocon,194_choose,hʲəmbiʔip,hʲəmbiʔip,hʲ ə m b i ʔ i p,,Kondic2019,,false,^ hʲ ə m b iʔi p $,default
Cotzocon-195_plant-1,,Cotzocon,195_plant,kʲehp,kʲehp,kʲ e h p,,Kondic2019,,false,^ kʲ e h p $,default
Cotzocon-196_cook-1,,Cotzocon,196_cook,tokxʔotʲuʔump,tokxʔotʲuʔump,t o k x ʔ o tʲ u ʔ u m p,,Kondic2019,,false,^ t o k x ʔ o tʲ uʔu m p $,default
Cotzocon-198_work-1,,Cotzocon,198_work,tuʔump,tuʔump,t u ʔ u m p,,Kondic2019,,false,^ t uʔu m p $,default
Cotzocon-199_open-1,,Cotzocon,199_open,jahkʔawaʔatʲpʲ,jahkʔawaʔatʲpʲ,j a h k ʔ a w a ʔ a tʲ pʲ,,Kondic2019,,false,^ j a h k ʔ a w aʔa tʲ pʲ $,default
Franciscoleon-1_one-1,,Franciscoleon,1_one,tumə,tumə,t u m ə,,Kondic2023,,false,^ t u m ə $,default
Franciscoleon-2_two-1,,Franciscoleon,2_two,metskuj,metskuj,m e ts k u j,,Kondic2023,,false,^ m e ts k u j $,default
Franciscoleon-3_three-1,,Franciscoleon,3_three,tuʔukaj,tuʔukaj,t u ʔ u k a j,,Kondic2023,,false,^ t uʔu k a j $,default
Franciscoleon-4_four-1,,Franciscoleon,4_four,makʃkuj,makʃkuj,m a k ʃ k u j,,Kondic2023,,false,^ m a k ʃ k u j $,default
Franciscoleon-8_i-1,,Franciscoleon,8_i,əhtsiʔ,əhtsiʔ,ə h ts i ʔ,,Kondic2023,,false,^ ə h ts i ʔ $,default
Franciscoleon-10_weallincl-1,,Franciscoleon,10_weallincl,ətspaʔ,ətspaʔ,ə ts p a ʔ,,Kondic2023,,false,^ ə ts p a ʔ $,default
Franciscoleon-11_yousg-1,,Franciscoleon,11_yousg,mihtsiʔ,mihtsiʔ,m i h ts i ʔ,,Kondic2023,,false,^ m i h ts i ʔ $,default
Franciscoleon-12_heshe-1,,Franciscoleon,12_heshe,hiʔikəʔ,hiʔikəʔ,h i ʔ i k ə ʔ,,Kondic2023,,false,^ h iʔi k ə ʔ $,default
Franciscoleon-13_theyall-1,,Franciscoleon,13_theyall,jiktam,jiktam,j i k t a m,,Kondic2023,,false,^ j i k t a m $,default
Franciscoleon-14_nonot-1,,Franciscoleon,14_nonot,hiʔinda,hiʔinda,h i ʔ i n d a,,Kondic2023,,false,^ h iʔi n d a $,default
Franciscoleon-15_what-1,,Franciscoleon,15_what,tijə,tijə,t i j ə,,Kondic2023,,false,^ t i j ə $,default
Franciscoleon-16_who-1,,Franciscoleon,16_who,iʔijə,iʔijə,i ʔ i j ə,,Kondic2023,,false,^ iʔi j ə $,default
Franciscoleon-17_where-1,,Franciscoleon,17_where,huʔutiʔ,huʔutiʔ,h u ʔ u t i ʔ,,Kondic2023,,false,^ h uʔu t i ʔ $,default
Franciscoleon-18_when-1,,Franciscoleon,18_when,huntʃe,huntʃe,h u n tʃ e,,Kondic2023,,false,^ h u n tʃ e $,default
Franciscoleon-19_how-1,,Franciscoleon,19_how,huntʃe,huntʃe,h u n tʃ e,,Kondic2023,,false,^ h u n tʃ e $,default
Franciscoleon-20_this-1,,Franciscoleon,20_this,hete,hete,h e t e,,Kondic2023,,false,^ h e t e $,default
Franciscoleon-21_that-1,,Franciscoleon,21_that,jiʔikaʔa,jiʔikaʔa,j i ʔ i k a ʔ a,,Kondic2023,,false,^ j iʔi k aʔa $,default
Franciscoleon-23_above-1,,Franciscoleon,23_above,məhəji,məhəji,m ə h ə j i,,Kondic2023,,false,^ m ə h ə j i $,default
Franciscoleon-24_below-1,,Franciscoleon,24_below,kəʔəji,kəʔəji,k ə ʔ ə j i,,Kondic2023,,false,^ k əʔə j i $,default
Franciscoleon-26_at-1,,Franciscoleon,26_at,hohmoʔ,hohmoʔ,h o h m o ʔ,,Kondic2023,,false,^ h o h m o ʔ $,default
Franciscoleon-27_head-1,,Franciscoleon,27_head,kopak,kopak,k o p a k,,Kondic2023,,false,^ k o p a k $,default
Franciscoleon-28_hair-1,,Franciscoleon,28_hair,waj,waj,w a j,,Kondic2023,,false,^ w a j $,default
Franciscoleon-29_eye-1,,Franciscoleon,29_eye,witəm,witəm,w i t ə m,,Kondic2023,,false,^ w i t ə m $,default
Franciscoleon-30_nose-1,,Franciscoleon,30_nose,ngina,ngina,n g i n a,<n-gina 'POSS1-nose' my nose < -kina 'nose',Kondic2023,,false,^ n g i n a $,default
Franciscoleon-31_ear-1,,Franciscoleon,31_ear,tatsək,tatsək,t a ts ə k,,Kondic2023,,false,^ t a ts ə k $,default
Franciscoleon-32_mouth-1,,Franciscoleon,32_mouth,jagnaka,jagnaka,j a g n a k a,<j-agnaka POSS-agnaka 'his mouth' <  agnaka'mouth',Kondic2023,,false,^ j a g n a k a $,default
Franciscoleon-33_tongue-1,,Franciscoleon,33_tongue,tots,tots,t o ts,,Kondic2023,,false,^ t o ts $,default
Franciscoleon-34_tooth-1,,Franciscoleon,34_tooth,təts,təts,t ə ts,,Kondic2023,,false,^ t ə ts $,default
Franciscoleon-35_hand-1,,Franciscoleon,35_hand,kəʔ,kəʔ,k ə ʔ,,Kondic2023,,false,^ k ə ʔ $,default
Franciscoleon-37_neck-1,,Franciscoleon,37_neck,kʲəʔənə,kʲəʔənə,kʲ ə ʔ ə n ə,<j-k ə.ʔ.ə nə POSS3-neck 'his neck'< kə.ʔ.ənə 'neck',Kondic2023,,false,^ kʲ əʔə n ə $,default
Franciscoleon-38_back-1,,Franciscoleon,38_back,jukaʔ,jukaʔ,j u k a ʔ,<j-ukaʔ POSS3-back 'his back' < ukaʔ 'back',Kondic2023,,false,^ j u k a ʔ $,default
Franciscoleon-39_leg-1,,Franciscoleon,39_leg,tajaʔ,tajaʔ,t a j a ʔ,,Kondic2023,,false,^ t a j a ʔ $,default
Franciscoleon-41_bone-1,,Franciscoleon,41_bone,pak,pak,p a k,,Kondic2023,,false,^ p a k $,default
Franciscoleon-42_skin-1,,Franciscoleon,42_skin,ɲaka,ɲaka,ɲ a k a,<j-naka 'POSS3-skin 'his skin' <naka 'skin',Kondic2023,,false,^ ɲ a k a $,default
Franciscoleon-43_belly-1,,Franciscoleon,43_belly,tʃək,tʃək,tʃ ə k,tʃək 'his belly' < j-tsək POSS3-belly 'his belly' < tsək 'back',Kondic2023,,false,^ tʃ ə k $,default
Franciscoleon-44_intestines-1,,Franciscoleon,44_intestines,pʲuʔu,pʲuʔu,pʲ u ʔ u,<j-p u.ʔ.u POSS3-instestines 'his intestines' < p u.ʔ.u 'intestines',Kondic2023,,false,^ pʲ uʔu $,default
Franciscoleon-45_breast-1,,Franciscoleon,45_breast,tʃuʔutsi,tʃuʔutsi,tʃ u ʔ u ts i,j-ts u.ʔ.u tsi POSS3-breast 'her breast' < tsuʔutsi 'breast (female)',Kondic2023,,false,^ tʃ uʔu ts i $,default
Franciscoleon-46_liver-1,,Franciscoleon,46_liver,pʲat,pʲat,pʲ a t,< j-pat POSS3-liver 'his ilver',Kondic2023,,false,^ pʲ a t $,default
Franciscoleon-47_dog-1,,Franciscoleon,47_dog,tuj,tuj,t u j,,Kondic2023,,false,^ t u j $,default
Franciscoleon-49_fish-1,,Franciscoleon,49_fish,koke,koke,k o k e,,Kondic2023,,false,^ k o k e $,default
Franciscoleon-50_snake-1,,Franciscoleon,50_snake,tsan,tsan,ts a n,,Kondic2023,,false,^ ts a n $,default
Franciscoleon-52_louse-1,,Franciscoleon,52_louse,awat,awat,a w a t,,Kondic2023,,false,^ a w a t $,default
Franciscoleon-53_rat-1,,Franciscoleon,53_rat,tsuk,tsuk,ts u k,,Kondic2023,,false,^ ts u k $,default
Franciscoleon-55_mosquito-1,,Franciscoleon,55_mosquito,pənbən,pənbən,p ə n b ə n,,Kondic2023,,false,^ p ə n b ə n $,default
Franciscoleon-56_egg-1,,Franciscoleon,56_egg,pokaʔ,pokaʔ,p o k a ʔ,,Kondic2023,,false,^ p o k a ʔ $,default
Franciscoleon-57_tail-1,,Franciscoleon,57_tail,tuʔuts,tuʔuts,t u ʔ u ts,,Kondic2023,,false,^ t uʔu ts $,default
Franciscoleon-60_person-1,,Franciscoleon,60_person,pən,pən,p ə n,,Kondic2023,,false,^ p ə n $,default
Franciscoleon-61_man-1,,Franciscoleon,61_man,pən,pən,p ə n,,Kondic2023,,false,^ p ə n $,default
Franciscoleon-62_woman-1,,Franciscoleon,62_woman,jomoʔ,jomoʔ,j o m o ʔ,,Kondic2023,,false,^ j o m o ʔ $,default
Franciscoleon-63_child-1,,Franciscoleon,63_child,uneʔ,uneʔ,u n e ʔ,,Kondic2023,,false,^ u n e ʔ $,default
Franciscoleon-64_name-1,,Franciscoleon,64_name,nəji,nəji,n ə j i,,Kondic2023,,false,^ n ə j i $,default
Franciscoleon-65_mother-1,,Franciscoleon,65_mother,mʲama,mʲama,mʲ a m a,< j-mama POSS3-mother 'her/his mother' < mama 'mother',Kondic2023,,false,^ mʲ a m a $,default
Franciscoleon-66_father-1,,Franciscoleon,66_father,hata,hata,h a t a,,Kondic2023,,false,^ h a t a $,default
Franciscoleon-67_husband-1,,Franciscoleon,67_husband,hʲaja,hʲaja,hʲ a j a,< j-haja  POSS3-husband 'her husband' < haja 'husband',Kondic2023,,false,^ hʲ a j a $,default
Franciscoleon-68_wife-1,,Franciscoleon,68_wife,jomoʔ,jomoʔ,j o m o ʔ,< j-omoʔ POSS3-wife 'his wife' < omoʔ 'wife',Kondic2023,,false,^ j o m o ʔ $,default
Franciscoleon-69_day-1,,Franciscoleon,69_day,hama,hama,h a m a,,Kondic2023,,false,^ h a m a $,default
Franciscoleon-70_night-1,,Franciscoleon,70_night,tsuʔuj,tsuʔuj,ts u ʔ u j,,Kondic2023,,false,^ ts uʔu j $,default
Franciscoleon-72_star-1,,Franciscoleon,72_star,maʔatsaʔ,maʔatsaʔ,m a ʔ a ts a ʔ,,Kondic2023,,false,^ m aʔa ts a ʔ $,default
Franciscoleon-73_sky-1,,Franciscoleon,73_sky,koʔotsək,koʔotsək,k o ʔ o ts ə k,,Kondic2023,,false,^ k oʔo ts ə k $,default
Franciscoleon-74_water-1,,Franciscoleon,74_water,nəʔ,nəʔ,n ə ʔ,,Kondic2023,,false,^ n ə ʔ $,default
Franciscoleon-75_lake-1,,Franciscoleon,75_lake,nəʔ,nəʔ,n ə ʔ,,Kondic2023,,false,^ n ə ʔ $,default
Franciscoleon-77_fire-1,,Franciscoleon,77_fire,huktek,huktek,h u k t e k,,Kondic2023,,false,^ h u k t e k $,default
Franciscoleon-78_smoke-1,,Franciscoleon,78_smoke,joko,joko,j o k o,,Kondic2023,,false,^ j o k o $,default
Franciscoleon-80_stone-1,,Franciscoleon,80_stone,tsaʔ,tsaʔ,ts a ʔ,,Kondic2023,,false,^ ts a ʔ $,default
Franciscoleon-81_earthsoil-1,,Franciscoleon,81_earthsoil,nas,nas,n a s,,Kondic2023,,false,^ n a s $,default
Franciscoleon-82_dust-1,,Franciscoleon,82_dust,poʔojo,poʔojo,p o ʔ o j o,,Kondic2023,,false,^ p oʔo j o $,default
Franciscoleon-83_sand-1,,Franciscoleon,83_sand,poʔojo,poʔojo,p o ʔ o j o,,Kondic2023,,false,^ p oʔo j o $,default
Franciscoleon-84_rain-1,,Franciscoleon,84_rain,tuh,tuh,t u h,,Kondic2023,,false,^ t u h $,default
Franciscoleon-86_wind-1,,Franciscoleon,86_wind,sawa,sawa,s a w a,,Kondic2023,,false,^ s a w a $,default
Franciscoleon-88_thunder-1,,Franciscoleon,88_thunder,nəjaʔnəjə,nəjaʔnəjə,n ə j a ʔ n ə j ə,,Kondic2023,,false,^ n ə j a ʔ n ə j ə $,default
Franciscoleon-90_meatflesh-1,,Franciscoleon,90_meatflesh,siʔis,siʔis,s i ʔ i s,,Kondic2023,,false,^ s iʔi s $,default
Franciscoleon-91_salt-1,,Franciscoleon,91_salt,kana,kana,k a n a,,Kondic2023,,false,^ k a n a $,default
Franciscoleon-96_branch-1,,Franciscoleon,96_branch,taʔanə,taʔanə,t a ʔ a n ə,,Kondic2023,,false,^ t aʔa n ə $,default
Franciscoleon-97_leaf-1,,Franciscoleon,97_leaf,jʔah,jʔah,j ʔ a h,< j-ʔah  POSS3-leaf 'it's leaf < ʔah 'leaf',Kondic2023,,false,^ j ʔ a h $,default
Franciscoleon-98_wood-1,,Franciscoleon,98_wood,kuj,kuj,k u j,,Kondic2023,,false,^ k u j $,default
Franciscoleon-100_flower-1,,Franciscoleon,100_flower,həjə,həjə,h ə j ə,,Kondic2023,,false,^ h ə j ə $,default
Franciscoleon-102_house-1,,Franciscoleon,102_house,tək,tək,t ə k,,Kondic2023,,false,^ t ə k $,default
Franciscoleon-103_rope-1,,Franciscoleon,103_rope,tsaj,tsaj,ts a j,,Kondic2023,,false,^ ts a j $,default
Franciscoleon-104_needle-1,,Franciscoleon,104_needle,akuʃa,akuʃa,a k u ʃ a,,Kondic2023,,false,^ a k u ʃ a $,default
Franciscoleon-105_roadpath-1,,Franciscoleon,105_roadpath,n-wijtu,n-wijtu,n + w i j t u,POSS1-road 'my road',Kondic2023,,false,^ n - w i j t u $,default
Franciscoleon-106_black-1,,Franciscoleon,106_black,jək,jək,j ə k,,Kondic2023,,false,^ j ə k $,default
Franciscoleon-107_white-1,,Franciscoleon,107_white,popoʔ,popoʔ,p o p o ʔ,,Kondic2023,,false,^ p o p o ʔ $,default
Franciscoleon-108_red-1,,Franciscoleon,108_red,tsapas,tsapas,ts a p a s,,Kondic2023,,false,^ ts a p a s $,default
Franciscoleon-109_green-1,,Franciscoleon,109_green,tsuhtsiʔ,tsuhtsiʔ,ts u h ts i ʔ,,Kondic2023,,false,^ ts u h ts i ʔ $,default
Franciscoleon-110_yellow-1,,Franciscoleon,110_yellow,puʔutʃə,puʔutʃə,p u ʔ u tʃ ə,,Kondic2023,,false,^ p uʔu tʃ ə $,default
Franciscoleon-111_big-1,,Franciscoleon,111_big,məhaʔ,məhaʔ,m ə h a ʔ,,Kondic2023,,false,^ m ə h a ʔ $,default
Franciscoleon-112_small-1,,Franciscoleon,112_small,tejteʔ,tejteʔ,t e j t e ʔ,,Kondic2023,,false,^ t e j t e ʔ $,default
Franciscoleon-113_long-1,,Franciscoleon,113_long,pəhəji,pəhəji,p ə h ə j i,,Kondic2023,,false,^ p ə h ə j i $,default
Franciscoleon-114_short-1,,Franciscoleon,114_short,tʃəjtəʔ,tʃəjtəʔ,tʃ ə j t ə ʔ,,Kondic2023,,false,^ tʃ ə j t ə ʔ $,default
Franciscoleon-115_thick-1,,Franciscoleon,115_thick,tsaŋa,tsaŋa,ts a ŋ a,,Kondic2023,,false,^ ts a ŋ a $,default
Franciscoleon-116_thin-1,,Franciscoleon,116_thin,kaji,kaji,k a j i,,Kondic2023,,false,^ k a j i $,default
Franciscoleon-117_narrow-1,,Franciscoleon,117_narrow,məjaʔ,məjaʔ,m ə j a ʔ,,Kondic2023,,false,^ m ə j a ʔ $,default
Franciscoleon-122_old-1,,Franciscoleon,122_old,tsaʔambə,tsaʔambə,ts a ʔ a m b ə,,Kondic2023,,false,^ ts aʔa m b ə $,default
Franciscoleon-123_painfulsick-1,,Franciscoleon,123_painfulsick,topah,topah,t o p a h,,Kondic2023,,false,^ t o p a h $,default
Franciscoleon-124_good-1,,Franciscoleon,124_good,wəhə,wəhə,w ə h ə,,Kondic2023,,false,^ w ə h ə $,default
Franciscoleon-125_bad-1,,Franciscoleon,125_bad,jaʔatsi,jaʔatsi,j a ʔ a ts i,,Kondic2023,,false,^ j aʔa ts i $,default
Franciscoleon-126_correcttrue-1,,Franciscoleon,126_correcttrue,wəhti,wəhti,w ə h t i,,Kondic2023,,false,^ w ə h t i $,default
Franciscoleon-128_rotten-1,,Franciscoleon,128_rotten,putspəʔəw,putspəʔəw,p u ts p ə ʔ ə w,,Kondic2023,,false,^ p u ts p əʔə w $,default
Franciscoleon-130_heavy-1,,Franciscoleon,130_heavy,hemets,hemets,h e m e ts,,Kondic2023,,false,^ h e m e ts $,default
Franciscoleon-131_far-1,,Franciscoleon,131_far,jaʔaji,jaʔaji,j a ʔ a j i,,Kondic2023,,false,^ j aʔa j i $,default
Franciscoleon-132_near-1,,Franciscoleon,132_near,toʔomeʔ,toʔomeʔ,t o ʔ o m e ʔ,,Kondic2023,,false,^ t oʔo m e ʔ $,default
Franciscoleon-133_warm-1,,Franciscoleon,133_warm,nəɲutsnamu,nəɲutsnamu,n ə ɲ u ts n a m u,,Kondic2023,,false,^ n ə ɲ u ts n a m u $,default
Franciscoleon-134_cold-1,,Franciscoleon,134_cold,mamnəmba,mamnəmba,m a m n ə m b a,,Kondic2023,,false,^ m a m n ə m b a $,default
Franciscoleon-135_dry-1,,Franciscoleon,135_dry,təjtsu,təjtsu,t ə j ts u,<təjts-u  dry-PAST 'he dried (it)'  < təjts- 'to dry',Kondic2023,,false,^ t ə j ts u $,default
Franciscoleon-136_wet-1,,Franciscoleon,136_wet,muhpəʔəw,muhpəʔəw,m u h p ə ʔ ə w,,Kondic2023,,false,^ m u h p əʔə w $,default
Franciscoleon-137_new-1,,Franciscoleon,137_new,homeʔ,homeʔ,h o m e ʔ,,Kondic2023,,false,^ h o m e ʔ $,default
Franciscoleon-138_other-1,,Franciscoleon,138_other,ejapə,ejapə,e j a p ə,,Kondic2023,,false,^ e j a p ə $,default
Franciscoleon-139_come-1,,Franciscoleon,139_come,nuʔuku,nuʔuku,n u ʔ u k u,<n u.ʔ.u k-u   come-PAST 'he came' < n u.ʔ.u k- 'to come',Kondic2023,,false,^ n uʔu k u $,default
Franciscoleon-140_walk-1,,Franciscoleon,140_walk,wihtu,wihtu,w i h t u,<wiht-u walk-PAST 'he walked' < wiht- 'to walk',Kondic2023,,false,^ w i h t u $,default
Franciscoleon-141_grow-1,,Franciscoleon,141_grow,məhaʔaju,məhaʔaju,m ə h a ʔ a j u,< məhaʔaj-u  get.big-PAST  'he grew up',Kondic2023,,false,^ m ə h aʔa j u $,default
Franciscoleon-142_stand-1,,Franciscoleon,142_stand,teʔentʃungə,teʔentʃungə,t e ʔ e n tʃ u n g ə,<teʔen-tyung-ə there-stand-IMP  'stand there!',Kondic2023,,false,^ t eʔe n tʃ u n g ə $,default
Franciscoleon-143_sit-1,,Franciscoleon,143_sit,poʔoksə,poʔoksə,p o ʔ o k s ə,< poʔoks-ə  sit-IMP  'sit down!' < poʔoks- 'to sit',Kondic2023,,false,^ p oʔo k s ə $,default
Franciscoleon-144_fall-1,,Franciscoleon,144_fall,kekpa,kekpa,k e k p a,<kek-pa  fall-INC  '(he) falls (down)' < kek- 'to fall',Kondic2023,,false,^ k e k p a $,default
Franciscoleon-146_turn-1,,Franciscoleon,146_turn,kənmaŋə,kənmaŋə,k ə n m a ŋ ə,<kənmaŋ-ə  turn-IMP < kənmaŋ- 'tu turn',Kondic2023,,false,^ k ə n m a ŋ ə $,default
Franciscoleon-147_climb-1,,Franciscoleon,147_climb,kiʔimə,kiʔimə,k i ʔ i m ə,"< k i.ʔ.i m-ə  climb-IMP 'climb!""< k i.ʔ.i m- 'to climb'",Kondic2023,,false,^ k iʔi m ə $,default
Franciscoleon-148_swim-1,,Franciscoleon,148_swim,nəwihu,nəwihu,n ə w i h u,<nəwih-u  swim-PAST 'he swam' < nəwih- 'to swim',Kondic2023,,false,^ n ə w i h u $,default
Franciscoleon-149_flyverb-1,,Franciscoleon,149_flyverb,ʃitihtu,ʃitihtu,ʃ i t i h t u,< ʃitiht-u  fly-PAST  'he flew',Kondic2023,,false,^ ʃ i t i h t u $,default
Franciscoleon-151_hide-1,,Franciscoleon,151_hide,aŋəwəʔənə,aŋəwəʔənə,a ŋ ə w ə ʔ ə n ə,aŋəw ə.ʔ.ə n-ə  hide-IMP 'hide!' < aŋəwəʔən- 'to hide',Kondic2023,,false,^ a ŋ ə w əʔə n ə $,default
Franciscoleon-152_chew-1,,Franciscoleon,152_chew,kəʔəsə,kəʔəsə,k ə ʔ ə s ə,<kəʔəs-ə   chew-IMP  'chew!' < kəʔəs- 'to chew',Kondic2023,,false,^ k əʔə s ə $,default
Franciscoleon-153_eat-1,,Franciscoleon,153_eat,wiʔi kəʔ,wiʔi kəʔ,w i ʔ i + k ə ʔ,<w i.ʔ.i k-IMP 'eat!' < w i.ʔ.i k- 'to eat',Kondic2023,,false,^ w iʔi + k ə ʔ $,default
Franciscoleon-154_drink-1,,Franciscoleon,154_drink,ʔukə,ʔukə,ʔ u k ə,<ʔuk-ə drink-IMP 'drink!' < ʔuk- 'to drink',Kondic2023,,false,^ ʔ u k ə $,default
Franciscoleon-155_bite-1,,Franciscoleon,155_bite,kəʔəhsə,kəʔəhsə,k ə ʔ ə h s ə,<kəʔəhs-ə  bite-IMP 'bite!' < kəʔəhs- 'to bite',Kondic2023,,false,^ k əʔə h s ə $,default
Franciscoleon-156_suck-1,,Franciscoleon,156_suck,tʃuʔutsu,tʃuʔutsu,tʃ u ʔ u ts u,<j-tsuʔuts-u  3E-suck-PAST 'He sucked (it)' < tsuʔuts- 'to suck',Kondic2023,,false,^ tʃ uʔu ts u $,default
Franciscoleon-157_yawn-1,,Franciscoleon,157_yawn,nəhawasu,nəhawasu,n ə h a w a s u,< nə-hawas-u  PROGR-yawn-PAST 'he was yawning',Kondic2023,,false,^ n ə h a w a s u $,default
Franciscoleon-159_dream-1,,Franciscoleon,159_dream,mʲapaʃəʔjə,mʲapaʃəʔjə,mʲ a p a ʃ ə ʔ j ə,< j-mapaʃəj-ə 'he is dreaming' < mapaʃəj- 'to dream',Kondic2023,,false,^ mʲ a p a ʃ ə ʔ j ə $,default
Franciscoleon-160_sleep-1,,Franciscoleon,160_sleep,əŋə,əŋə,ə ŋ ə,<əŋ-ə sleep-IMP 'sleep!',Kondic2023,,false,^ ə ŋ ə $,default
Franciscoleon-161_live-1,,Franciscoleon,161_live,itpa,itpa,i t p a,<it-pa  live-INC 'he lives',Kondic2023,,false,^ i t p a $,default
Franciscoleon-162_die-1,,Franciscoleon,162_die,kʲaʔəw,kʲaʔəw,kʲ a ʔ ə w,< j-ka'-u 3SG-die-PAST 'he died',Kondic2023,,false,^ kʲ a ʔ ə w $,default
Franciscoleon-163_kill-1,,Franciscoleon,163_kill,jahkaw,jahkaw,j a h k a w,<jah-kaw-u  CAUS-die-PAST 'he killed (him)',Kondic2023,,false,^ j a h k a w $,default
Franciscoleon-164_see-1,,Franciscoleon,164_see,iʔisə,iʔisə,i ʔ i s ə,<iʔis-ə  see-IMP 'See (it)!',Kondic2023,,false,^ iʔi s ə $,default
Franciscoleon-166_sniffsmell-1,,Franciscoleon,166_sniffsmell,nəhiʔiku,nəhiʔiku,n ə h i ʔ i k u,< nə-h i.ʔ.i k-u  PROGR-sniff-PAST 'he was sniffing'< h i.ʔ.i k- 'to sniff',Kondic2023,,false,^ n ə h iʔi k u $,default
Franciscoleon-167_know-1,,Franciscoleon,167_know,mʲuspa,mʲuspa,mʲ u s p a,<j-mus-INC 3E-know-INC 'he knows' < mus- 'to know',Kondic2023,,false,^ mʲ u s p a $,default
Franciscoleon-168_think-1,,Franciscoleon,168_think,kʲipspa,kʲipspa,kʲ i p s p a,< j-kips-pa  3E-kips-INC 'he thinks' < kips- 'to think',Kondic2023,,false,^ kʲ i p s p a $,default
Franciscoleon-169_laugh-1,,Franciscoleon,169_laugh,sikpa,sikpa,s i k p a,"<sik-pa  laugh-INC 'he is laughing', sik- 'to laugh'",Kondic2023,,false,^ s i k p a $,default
Franciscoleon-170_cry-1,,Franciscoleon,170_cry,wʲehpa,wʲehpa,wʲ e h p a,"< j-weh-pa  3SG-cry-INC 'he cries', weh- 'to cry'",Kondic2023,,false,^ wʲ e h p a $,default
Franciscoleon-172_burn-1,,Franciscoleon,172_burn,nəpʲombəw,nəpʲombəw,n ə pʲ o m b ə w,< nə-j-pom-bəw  PROGR-3SG-burn-? 'he burnt (it)' < pom-'to burn (it)',Kondic2023,,false,^ n ə pʲ o m b ə w $,default
Franciscoleon-173_flow-1,,Franciscoleon,173_flow,nəmʲaŋu,nəmʲaŋu,n ə mʲ a ŋ u,<nə-j-maŋ-u  water-3E-run-PAST  'water ran' < maŋ- run,Kondic2023,,false,^ n ə mʲ a ŋ u $,default
Franciscoleon-176_hit-1,,Franciscoleon,176_hit,naksə,naksə,n a k s ə,<naks-ə  hit-IMP 'hit (him)!' < naks- 'to hit',Kondic2023,,false,^ n a k s ə $,default
Franciscoleon-177_cut-1,,Franciscoleon,177_cut,təksə,təksə,t ə k s ə,<təks-ə  cut-IMP 'cut (it)!',Kondic2023,,false,^ t ə k s ə $,default
Franciscoleon-179_dig-1,,Franciscoleon,179_dig,nəputə,nəputə,n ə p u t ə,< nə-put-ə  PROGR-dig-IMP 'dig (it)',Kondic2023,,false,^ n ə p u t ə $,default
Franciscoleon-181_hold-1,,Franciscoleon,181_hold,nəpʲahku,nəpʲahku,n ə pʲ a h k u,< nə-j-pahk-u PROGR-3E-hold-PAST 'he was hoding (it)' < pahk- 'to hold',Kondic2023,,false,^ n ə pʲ a h k u $,default
Franciscoleon-182_fear-1,,Franciscoleon,182_fear,ɲaʔatsu,ɲaʔatsu,ɲ a ʔ a ts u,< j-n a.ʔ.a ts-u 3E-fear-PAST 'he feared' < n a.ʔ.ats- 'to fear',Kondic2023,,false,^ ɲ aʔa ts u $,default
Franciscoleon-183_count-1,,Franciscoleon,183_count,majə,majə,m a j ə,<maj-ə  count-IMP 'count!' < maj- 'to count',Kondic2023,,false,^ m a j ə $,default
Franciscoleon-185_vomit-1,,Franciscoleon,185_vomit,əʔətsi,əʔətsi,ə ʔ ə ts i,'he vomited' <əʔəts- 'to womit',Kondic2023,,false,^ əʔə ts i $,default
Franciscoleon-186_tieup-1,,Franciscoleon,186_tieup,siʔinə,siʔinə,s i ʔ i n ə,<siʔin-ə  tie up-IMPER 'tie (it) up!',Kondic2023,,false,^ s iʔi n ə $,default
Franciscoleon-188_swell-1,,Franciscoleon,188_swell,simba,simba,s i m b a,<sim-pa  swell-INC  '(it) swells' < sim- 'to swell',Kondic2023,,false,^ s i m b a $,default
Franciscoleon-189_say-1,,Franciscoleon,189_say,tʃaʔamu,tʃaʔamu,tʃ a ʔ a m u,< j-tsaʔam-u E3-say-PAST   'he said (it)',Kondic2023,,false,^ tʃ aʔa m u $,default
Franciscoleon-190_scratch-1,,Franciscoleon,190_scratch,jʲehtsu,jʲehtsu,jʲ e h ts u,< j-ehts-u  3E-scratch-PAST 'he scratched (it)',Kondic2023,,false,^ jʲ e h ts u $,default
Franciscoleon-191_stab-1,,Franciscoleon,191_stab,jahkaw,jahkaw,j a h k a w,<jah-kaw CAUS-die 'he killed (him)' < kaw- 'to die',Kondic2023,,false,^ j a h k a w $,default
Franciscoleon-192_buy-1,,Franciscoleon,192_buy,hujə,hujə,h u j ə,< huj-ə  buy-IMP 'buy (it)!' < huj- 'to buy',Kondic2023,,false,^ h u j ə $,default
Franciscoleon-193_steal-1,,Franciscoleon,193_steal,noʔomə,noʔomə,n o ʔ o m ə,noʔom-ə  steel-IMP  'steel (it)!' < noʔom- 'to steal',Kondic2023,,false,^ n oʔo m ə $,default
Franciscoleon-194_choose-1,,Franciscoleon,194_choose,kəpiŋə,kəpiŋə,k ə p i ŋ ə,< kəpiŋ-ə  choose-IMP 'chose (it)!' < kəpiŋ- 'to choose',Kondic2023,,false,^ k ə p i ŋ ə $,default
Franciscoleon-195_plant-1,,Franciscoleon,195_plant,nipə,nipə,n i p ə,<nip-ə plant-IMP 'plant (it)!,Kondic2023,,false,^ n i p ə $,default
Franciscoleon-196_cook-1,,Franciscoleon,196_cook,wiʔihkətsəkə,wiʔihkətsəkə,w i ʔ i h k ə ts ə k ə,< w i.ʔ.i h k ə ts ə k-ə  cook-IMP 'cook!' < w i.ʔ.i h k ə ts ə k- 'to cook',Kondic2023,,false,^ w iʔi h k ə ts ə k ə $,default
Franciscoleon-197_shoot-1,,Franciscoleon,197_shoot,təhə,təhə,t ə h ə,< təh-ə  shoot-IMP 'shoot!',Kondic2023,,false,^ t ə h ə $,default
Franciscoleon-198_work-1,,Franciscoleon,198_work,josə,josə,j o s ə,< jos-ə  work-IMP 'work!',Kondic2023,,false,^ j o s ə $,default
Franciscoleon-199_open-1,,Franciscoleon,199_open,aŋwakə,aŋwakə,a ŋ w a k ə,<aŋwak-ə open-IMP  'open (it)!' <aŋwak- 'to open',Kondic2023,,false,^ a ŋ w a k ə $,default
Guichicovi-1_one-1,,Guichicovi,1_one,tuʔuk,tuʔuk,t u ʔ u k,,Kondic2019,,false,^ t uʔu k $,default
Guichicovi-2_two-1,,Guichicovi,2_two,metsk,metsk,m e ts k,,Kondic2019,,false,^ m e ts k $,default
Guichicovi-3_three-1,,Guichicovi,3_three,tegəʔək,tegəʔək,t e g ə ʔ ə k,,Kondic2019,,false,^ t e g əʔə k $,default
Guichicovi-4_four-1,,Guichicovi,4_four,mataʔaʃk,mataʔaʃk,m a t a ʔ a ʃ k,,Kondic2019,,false,^ m a t aʔa ʃ k $,default
Guichicovi-5_year-1,,Guichicovi,5_year,homəht,homəht,h o m ə h t,,Kondic2019,,false,^ h o m ə h t $,default
Guichicovi-8_i-1,,Guichicovi,8_i,əʔətʲ,əʔətʲ,ə ʔ ə tʲ,,Kondic2019,,false,^ əʔə tʲ $,default
Guichicovi-10_weallincl-1,,Guichicovi,10_weallincl,əʔəhts,əʔəhts,ə ʔ ə h ts,,Kondic2019,,false,^ əʔə h ts $,default
Guichicovi-11_yousg-1,,Guichicovi,11_yousg,miʔitʲ,miʔitʲ,m i ʔ i tʲ,,Kondic2019,,false,^ m iʔi tʲ $,default
Guichicovi-12_heshe-1,,Guichicovi,12_heshe,jəʔə,jəʔə,j ə ʔ ə,,Kondic2019,,false,^ j əʔə $,default
Guichicovi-13_theyall-1,,Guichicovi,13_theyall,jəʔahʃʲ,jəʔahʃʲ,j ə ʔ a h ʃʲ,,Kondic2019,,false,^ j ə ʔ a h ʃʲ $,default
Guichicovi-14_nonot-1,,Guichicovi,14_nonot,kah,kah,k a h,,Kondic2019,,false,^ k a h $,default
Guichicovi-15_what-1,,Guichicovi,15_what,tiʔi,tiʔi,t i ʔ i,,Kondic2019,,false,^ t iʔi $,default
Guichicovi-16_who-1,,Guichicovi,16_who,pən,pən,p ə n,,Kondic2019,,false,^ p ə n $,default
Guichicovi-17_where-1,,Guichicovi,17_where,maʔa,maʔa,m a ʔ a,,Kondic2019,,false,^ m aʔa $,default
Guichicovi-18_when-1,,Guichicovi,18_when,manaʔa,manaʔa,m a n a ʔ a,,Kondic2019,,false,^ m a n aʔa $,default
Guichicovi-20_this-1,,Guichicovi,20_this,jəʔə,jəʔə,j ə ʔ ə,,Kondic2019,,false,^ j əʔə $,default
Guichicovi-21_that-1,,Guichicovi,21_that,jəʔə,jəʔə,j ə ʔ ə,,Kondic2019,,false,^ j əʔə $,default
Guichicovi-23_above-1,,Guichicovi,23_above,nagəhʃp,nagəhʃp,n a g ə h ʃ p,,Kondic2019,,false,^ n a g ə h ʃ p $,default
Guichicovi-25_ininside-1,,Guichicovi,25_ininside,him,him,h i m,,Kondic2019,,false,^ h i m $,default
Guichicovi-27_head-1,,Guichicovi,27_head,koʔopk,koʔopk,k o ʔ o p k,,Kondic2019,,false,^ k oʔo p k $,default
Guichicovi-28_hair-1,,Guichicovi,28_hair,kuwaʔaj►,kuwaʔaj►,k u w a ʔ a j,<ku-waʔaj head-hair,Kondic2019,,false,^ k u w aʔa j ► $,default
Guichicovi-29_eye-1,,Guichicovi,29_eye,wiʔin,wiʔin,w i ʔ i n,,Kondic2019,,false,^ w iʔi n $,default
Guichicovi-30_nose-1,,Guichicovi,30_nose,həmput,həmput,h ə m p u t,,Kondic2019,,false,^ h ə m p u t $,default
Guichicovi-31_ear-1,,Guichicovi,31_ear,taʔatsk,taʔatsk,t a ʔ a ts k,,Kondic2019,,false,^ t aʔa ts k $,default
Guichicovi-32_mouth-1,,Guichicovi,32_mouth,aʔaw,aʔaw,a ʔ a w,,Kondic2019,,false,^ aʔa w $,default
Guichicovi-33_tongue-1,,Guichicovi,33_tongue,toʔots,toʔots,t o ʔ o ts,,Kondic2019,,false,^ t oʔo ts $,default
Guichicovi-34_tooth-1,,Guichicovi,34_tooth,təʔəts,təʔəts,t ə ʔ ə ts,,Kondic2019,,false,^ t əʔə ts $,default
Guichicovi-35_hand-1,,Guichicovi,35_hand,kəʔə,kəʔə,k ə ʔ ə,,Kondic2019,,false,^ k əʔə $,default
Guichicovi-36_shoulder-1,,Guichicovi,36_shoulder,həʃkjok,həʃkjok,h ə ʃ k j o k,,Kondic2019,,false,^ h ə ʃ k j o k $,default
Guichicovi-37_neck-1,,Guichicovi,37_neck,joʔot,joʔot,j o ʔ o t,,Kondic2019,,false,^ j oʔo t $,default
Guichicovi-38_back-1,,Guichicovi,38_back,həʔəʃk,həʔəʃk,h ə ʔ ə ʃ k,,Kondic2019,,false,^ h əʔə ʃ k $,default
Guichicovi-39_leg-1,,Guichicovi,39_leg,puʔuj,puʔuj,p u ʔ u j,,Kondic2019,,false,^ p uʔu j $,default
Guichicovi-40_blood-1,,Guichicovi,40_blood,nəʔətʲ,nəʔətʲ,n ə ʔ ə tʲ,,Kondic2019,,false,^ n əʔə tʲ $,default
Guichicovi-41_bone-1,,Guichicovi,41_bone,pahk,pahk,p a h k,,Kondic2019,,false,^ p a h k $,default
Guichicovi-42_skin-1,,Guichicovi,42_skin,nʔikʃ,nʔikʃ,n ʔ i k ʃ,<n-ʔikʃ 1POSS-skin 'my skin',Kondic2019,,false,^ n ʔ i k ʃ $,default
Guichicovi-43_belly-1,,Guichicovi,43_belly,hoʔot,hoʔot,h o ʔ o t,,Kondic2019,,false,^ h oʔo t $,default
Guichicovi-44_intestines-1,,Guichicovi,44_intestines,tiʔintʲ,tiʔintʲ,t i ʔ i n tʲ,,Kondic2019,,false,^ t iʔi n tʲ $,default
Guichicovi-45_breast-1,,Guichicovi,45_breast,tsiʔitsk,tsiʔitsk,ts i ʔ i ts k,,Kondic2019,,false,^ ts iʔi ts k $,default
Guichicovi-46_liver-1,,Guichicovi,46_liver,hoʔot,hoʔot,h o ʔ o t,,Kondic2019,,false,^ h oʔo t $,default
Guichicovi-47_dog-1,,Guichicovi,47_dog,uk,uk,u k,,Kondic2019,,false,^ u k $,default
Guichicovi-48_bird-1,,Guichicovi,48_bird,muʔuʃ,muʔuʃ,m u ʔ u ʃ,<kind of bird,Kondic2019,,false,^ m uʔu ʃ $,default
Guichicovi-49_fish-1,,Guichicovi,49_fish,akʃ,akʃ,a k ʃ,,Kondic2019,,false,^ a k ʃ $,default
Guichicovi-50_snake-1,,Guichicovi,50_snake,tsaʔantʲ,tsaʔantʲ,ts a ʔ a n tʲ,,Kondic2019,,false,^ ts aʔa n tʲ $,default
Guichicovi-51_worm-1,,Guichicovi,51_worm,təʔənk,təʔənk,t ə ʔ ə n k,,Kondic2019,,false,^ t əʔə n k $,default
Guichicovi-52_louse-1,,Guichicovi,52_louse,aʔat,aʔat,a ʔ a t,,Kondic2019,,false,^ aʔa t $,default
Guichicovi-53_rat-1,,Guichicovi,53_rat,tsuʔuk,tsuʔuk,ts u ʔ u k,,Kondic2019,,false,^ ts uʔu k $,default
Guichicovi-55_mosquito-1,,Guichicovi,55_mosquito,puʃ,puʃ,p u ʃ,,Kondic2019,,false,^ p u ʃ $,default
Guichicovi-56_egg-1,,Guichicovi,56_egg,tsəjuʔutʲ,tsəjuʔutʲ,ts ə j u ʔ u tʲ,,Kondic2019,,false,^ ts ə j uʔu tʲ $,default
Guichicovi-58_wing-1,,Guichicovi,58_wing,keʔep,keʔep,k e ʔ e p,,Kondic2019,,false,^ k eʔe p $,default
Guichicovi-60_person-1,,Guichicovi,60_person,kraʔa,kraʔa,k r a ʔ a,,Kondic2019,,false,^ k r aʔa $,default
Guichicovi-61_man-1,,Guichicovi,61_man,heʃʲ,heʃʲ,h e ʃʲ,,Kondic2019,,false,^ h e ʃʲ $,default
Guichicovi-62_woman-1,,Guichicovi,62_woman,kiʃʲ,kiʃʲ,k i ʃʲ,,Kondic2019,,false,^ k i ʃʲ $,default
Guichicovi-63_child-1,,Guichicovi,63_child,miʃuʔuŋ,miʃuʔuŋ,m i ʃ u ʔ u ŋ,,Kondic2019,,false,^ m i ʃ uʔu ŋ $,default
Guichicovi-64_name-1,,Guichicovi,64_name,ʃəʔə,ʃəʔə,ʃ ə ʔ ə,,Kondic2019,,false,^ ʃ əʔə $,default
Guichicovi-65_mother-1,,Guichicovi,65_mother,tah,tah,t a h,,Kondic2019,,false,^ t a h $,default
Guichicovi-66_father-1,,Guichicovi,66_father,teʔetʲ,teʔetʲ,t e ʔ e tʲ,,Kondic2019,,false,^ t eʔe tʲ $,default
Guichicovi-67_husband-1,,Guichicovi,67_husband,nijap,nijap,n i j a p,,Kondic2019,,false,^ n i j a p $,default
Guichicovi-68_wife-1,,Guichicovi,68_wife,toʃəhk,toʃəhk,t o ʃ ə h k,,Kondic2019,,false,^ t o ʃ ə h k $,default
Guichicovi-69_day-1,,Guichicovi,69_day,ʃəʔə,ʃəʔə,ʃ ə ʔ ə,,Kondic2019,,false,^ ʃ əʔə $,default
Guichicovi-70_night-1,,Guichicovi,70_night,koʔots,koʔots,k o ʔ o ts,,Kondic2019,,false,^ k oʔo ts $,default
Guichicovi-71_moon-1,,Guichicovi,71_moon,poʔo,poʔo,p o ʔ o,,Kondic2019,,false,^ p oʔo $,default
Guichicovi-72_star-1,,Guichicovi,72_star,maʔatsaʔa,maʔatsaʔa,m a ʔ a ts a ʔ a,,Kondic2019,,false,^ m aʔa ts aʔa $,default
Guichicovi-73_sky-1,,Guichicovi,73_sky,tsahpt,tsahpt,ts a h p t,,Kondic2019,,false,^ ts a h p t $,default
Guichicovi-74_water-1,,Guichicovi,74_water,nəʔə,nəʔə,n ə ʔ ə,,Kondic2019,,false,^ n əʔə $,default
Guichicovi-75_lake-1,,Guichicovi,75_lake,nəbak,nəbak,n ə b a k,,Kondic2019,,false,^ n ə b a k $,default
Guichicovi-76_sea-1,,Guichicovi,76_sea,nehʲ,nehʲ,n e hʲ,,Kondic2019,,false,^ n e hʲ $,default
Guichicovi-77_fire-1,,Guichicovi,77_fire,həʔən,həʔən,h ə ʔ ə n,,Kondic2019,,false,^ h əʔə n $,default
Guichicovi-78_smoke-1,,Guichicovi,78_smoke,hok,hok,h o k,,Kondic2019,,false,^ h o k $,default
Guichicovi-79_ash-1,,Guichicovi,79_ash,kuhjaʔam,kuhjaʔam,k u h j a ʔ a m,,Kondic2019,,false,^ k u h j aʔa m $,default
Guichicovi-80_stone-1,,Guichicovi,80_stone,tsaʔa,tsaʔa,ts a ʔ a,,Kondic2019,,false,^ ts aʔa $,default
Guichicovi-81_earthsoil-1,,Guichicovi,81_earthsoil,naʔaʃ,naʔaʃ,n a ʔ a ʃ,,Kondic2019,,false,^ n aʔa ʃ $,default
Guichicovi-82_dust-1,,Guichicovi,82_dust,naʃoʔotʲ,naʃoʔotʲ,n a ʃ o ʔ o tʲ,,Kondic2019,,false,^ n a ʃ oʔo tʲ $,default
Guichicovi-83_sand-1,,Guichicovi,83_sand,tsəbjuʔu,tsəbjuʔu,ts ə b j u ʔ u,,Kondic2019,,false,^ ts ə b j uʔu $,default
Guichicovi-84_rain-1,,Guichicovi,84_rain,tuʔu,tuʔu,t u ʔ u,,Kondic2019,,false,^ t uʔu $,default
Guichicovi-85_cloud-1,,Guichicovi,85_cloud,hoʔok,hoʔok,h o ʔ o k,,Kondic2019,,false,^ h oʔo k $,default
Guichicovi-86_wind-1,,Guichicovi,86_wind,poh,poh,p o h,,Kondic2019,,false,^ p o h $,default
Guichicovi-87_fog-1,,Guichicovi,87_fog,nəmjaʔa,nəmjaʔa,n ə m j a ʔ a,,Kondic2019,,false,^ n ə m j aʔa $,default
Guichicovi-88_thunder-1,,Guichicovi,88_thunder,anəʔə,anəʔə,a n ə ʔ ə,,Kondic2019,,false,^ a n əʔə $,default
Guichicovi-89_lightning-1,,Guichicovi,89_lightning,wiʣuk,wiʣuk,w i <<ʣ>> u k,,Kondic2019,,false,^ w i <ʣ> u k $,default
Guichicovi-90_meatflesh-1,,Guichicovi,90_meatflesh,tsuʔutʲ,tsuʔutʲ,ts u ʔ u tʲ,,Kondic2019,,false,^ ts uʔu tʲ $,default
Guichicovi-91_salt-1,,Guichicovi,91_salt,kaʔan,kaʔan,k a ʔ a n,,Kondic2019,,false,^ k aʔa n $,default
Guichicovi-92_fatgrease-1,,Guichicovi,92_fatgrease,on,on,o n,,Kondic2019,,false,^ o n $,default
Guichicovi-93_fruit-1,,Guichicovi,93_fruit,təʔəmʣaʔank,təʔəmʣaʔank,t ə ʔ ə m <<ʣ>> a ʔ a n k,,Kondic2019,,false,^ t əʔə m <ʣ> aʔa n k $,default
Guichicovi-94_woodsforest-1,,Guichicovi,94_woodsforest,juʔuk,juʔuk,j u ʔ u k,,Kondic2019,,false,^ j uʔu k $,default
Guichicovi-95_root-1,,Guichicovi,95_root,tiʔitʲ,tiʔitʲ,t i ʔ i tʲ,,Kondic2019,,false,^ t iʔi tʲ $,default
Guichicovi-96_branch-1,,Guichicovi,96_branch,ahkʃ,ahkʃ,a h k ʃ,,Kondic2019,,false,^ a h k ʃ $,default
Guichicovi-100_flower-1,,Guichicovi,100_flower,pəhʲ,pəhʲ,p ə hʲ,,Kondic2019,,false,^ p ə hʲ $,default
Guichicovi-102_house-1,,Guichicovi,102_house,təhk,təhk,t ə h k,,Kondic2019,,false,^ t ə h k $,default
Guichicovi-104_needle-1,,Guichicovi,104_needle,ʃuʔuntʲ,ʃuʔuntʲ,ʃ u ʔ u n tʲ,,Kondic2019,,false,^ ʃ uʔu n tʲ $,default
Guichicovi-105_roadpath-1,,Guichicovi,105_roadpath,tuʔu,tuʔu,t u ʔ u,,Kondic2019,,false,^ t uʔu $,default
Guichicovi-106_black-1,,Guichicovi,106_black,hiɲ,hiɲ,h i ɲ,,Kondic2019,,false,^ h i ɲ $,default
Guichicovi-107_white-1,,Guichicovi,107_white,poʔop,poʔop,p o ʔ o p,,Kondic2019,,false,^ p oʔo p $,default
Guichicovi-108_red-1,,Guichicovi,108_red,tsapts,tsapts,ts a p ts,,Kondic2019,,false,^ ts a p ts $,default
Guichicovi-110_yellow-1,,Guichicovi,110_yellow,puʔuts,puʔuts,p u ʔ u ts,,Kondic2019,,false,^ p uʔu ts $,default
Guichicovi-111_big-1,,Guichicovi,111_big,aməh,aməh,a m ə h,,Kondic2019,,false,^ a m ə h $,default
Guichicovi-112_small-1,,Guichicovi,112_small,tʲuʔuk,tʲuʔuk,tʲ u ʔ u k,,Kondic2019,,false,^ tʲ uʔu k $,default
Guichicovi-113_long-1,,Guichicovi,113_long,joɲ,joɲ,j o ɲ,,Kondic2019,,false,^ j o ɲ $,default
Guichicovi-114_short-1,,Guichicovi,114_short,kon,kon,k o n,,Kondic2019,,false,^ k o n $,default
Guichicovi-115_thick-1,,Guichicovi,115_thick,mapʃʲ,mapʃʲ,m a p ʃʲ,,Kondic2019,,false,^ m a p ʃʲ $,default
Guichicovi-116_thin-1,,Guichicovi,116_thin,pehʲ,pehʲ,p e hʲ,,Kondic2019,,false,^ p e hʲ $,default
Guichicovi-117_narrow-1,,Guichicovi,117_narrow,ʃuʔuts,ʃuʔuts,ʃ u ʔ u ts,,Kondic2019,,false,^ ʃ uʔu ts $,default
Guichicovi-118_wide-1,,Guichicovi,118_wide,məhwiʔin,məhwiʔin,m ə h w i ʔ i n,,Kondic2019,,false,^ m ə h w iʔi n $,default
Guichicovi-119_sharp-1,,Guichicovi,119_sharp,hotpəhʲ,hotpəhʲ,h o t p ə hʲ,,Kondic2019,,false,^ h o t p ə hʲ $,default
Guichicovi-120_bluntdull-1,,Guichicovi,120_bluntdull,kapjəhp,kapjəhp,k a p j ə h p,,Kondic2019,,false,^ k a p j ə h p $,default
Guichicovi-121_shyashamed-1,,Guichicovi,121_shyashamed,maʔaʃ,maʔaʃ,m a ʔ a ʃ,,Kondic2019,,false,^ m aʔa ʃ $,default
Guichicovi-122_old-1,,Guichicovi,122_old,ap,ap,a p,,Kondic2019,,false,^ a p $,default
Guichicovi-123_painfulsick-1,,Guichicovi,123_painfulsick,jahtsəʔətʲəʔəpʲ,jahtsəʔətʲəʔəpʲ,j a h ts ə ʔ ə tʲ ə ʔ ə pʲ,,Kondic2019,,false,^ j a h ts əʔə tʲ əʔə pʲ $,default
Guichicovi-124_good-1,,Guichicovi,124_good,oj,oj,o j,,Kondic2019,,false,^ o j $,default
Guichicovi-125_bad-1,,Guichicovi,125_bad,winduk,winduk,w i n d u k,,Kondic2019,,false,^ w i n d u k $,default
Guichicovi-127_dirty-1,,Guichicovi,127_dirty,teeʔk,teeʔk,t e e ʔ k,,Kondic2019,,false,^ t e e ʔ k $,default
Guichicovi-128_rotten-1,,Guichicovi,128_rotten,puʔuts,puʔuts,p u ʔ u ts,,Kondic2019,,false,^ p uʔu ts $,default
Guichicovi-130_heavy-1,,Guichicovi,130_heavy,hemtʲ,hemtʲ,h e m tʲ,,Kondic2019,,false,^ h e m tʲ $,default
Guichicovi-131_far-1,,Guichicovi,131_far,hagəm,hagəm,h a g ə m,,Kondic2019,,false,^ h a g ə m $,default
Guichicovi-132_near-1,,Guichicovi,132_near,wingon,wingon,w i n g o n,,Kondic2019,,false,^ w i n g o n $,default
Guichicovi-133_warm-1,,Guichicovi,133_warm,an,an,a n,,Kondic2019,,false,^ a n $,default
Guichicovi-134_cold-1,,Guichicovi,134_cold,təʔətʲk,təʔətʲk,t ə ʔ ə tʲ k,,Kondic2019,,false,^ t əʔə tʲ k $,default
Guichicovi-135_dry-1,,Guichicovi,135_dry,təʔətsp,təʔətsp,t ə ʔ ə ts p,,Kondic2019,,false,^ t əʔə ts p $,default
Guichicovi-136_wet-1,,Guichicovi,136_wet,ʃoʔok,ʃoʔok,ʃ o ʔ o k,,Kondic2019,,false,^ ʃ oʔo k $,default
Guichicovi-137_new-1,,Guichicovi,137_new,hemʲ,hemʲ,h e mʲ,,Kondic2019,,false,^ h e mʲ $,default
Guichicovi-138_other-1,,Guichicovi,138_other,hawiʔin,hawiʔin,h a w i ʔ i n,,Kondic2019,,false,^ h a w iʔi n $,default
Guichicovi-139_come-1,,Guichicovi,139_come,koʔop,koʔop,k o ʔ o p,,Kondic2019,,false,^ k oʔo p $,default
Guichicovi-140_walk-1,,Guichicovi,140_walk,joʔoj,joʔoj,j o ʔ o j,,Kondic2019,,false,^ j oʔo j $,default
Guichicovi-141_grow-1,,Guichicovi,141_grow,jeʔepʲ,jeʔepʲ,j e ʔ e pʲ,,Kondic2019,,false,^ j eʔe pʲ $,default
Guichicovi-142_stand-1,,Guichicovi,142_stand,tanaʔapʲ,tanaʔapʲ,t a n a ʔ a pʲ,<tanaʔa-pʲ stand-GR,Kondic2019,,false,^ t a n aʔa pʲ $,default
Guichicovi-143_sit-1,,Guichicovi,143_sit,aɲaʔapʲ,aɲaʔapʲ,a ɲ a ʔ a pʲ,<aɲaʔa-pʲ sit-GR,Kondic2019,,false,^ a ɲ aʔa pʲ $,default
Guichicovi-144_fall-1,,Guichicovi,144_fall,kaʔaw,kaʔaw,k a ʔ a w,,Kondic2019,,false,^ k aʔa w $,default
Guichicovi-146_turn-1,,Guichicovi,146_turn,jahwombit,jahwombit,j a h w o m b i t,<jah-wombit CAUS-turn,Kondic2019,,false,^ j a h w o m b i t $,default
Guichicovi-147_climb-1,,Guichicovi,147_climb,wimbehp,wimbehp,w i m b e h p,<wimbeh-p climb-GR,Kondic2019,,false,^ w i m b e h p $,default
Guichicovi-148_swim-1,,Guichicovi,148_swim,jaʔap,jaʔap,j a ʔ a p,,Kondic2019,,false,^ j aʔa p $,default
Guichicovi-149_flyverb-1,,Guichicovi,149_flyverb,hajəʔəpʲ,hajəʔəpʲ,h a j ə ʔ ə pʲ,<hajəʔə-pʲ fly-GR,Kondic2019,,false,^ h a j əʔə pʲ $,default
Guichicovi-151_hide-1,,Guichicovi,151_hide,nijutsp,nijutsp,n i j u ts p,,Kondic2019,,false,^ n i j u ts p $,default
Guichicovi-152_chew-1,,Guichicovi,152_chew,abujəʔəw,abujəʔəw,a b u j ə ʔ ə w,,Kondic2019,,false,^ a b u j əʔə w $,default
Guichicovi-153_eat-1,,Guichicovi,153_eat,kay,kay,k a <<y>>,,Kondic2019,,false,^ k a <y> $,default
Guichicovi-154_drink-1,,Guichicovi,154_drink,uʔup,uʔup,u ʔ u p,,Kondic2019,,false,^ uʔu p $,default
Guichicovi-156_suck-1,,Guichicovi,156_suck,tsiʔitsk,tsiʔitsk,ts i ʔ i ts k,,Kondic2019,,false,^ ts iʔi ts k $,default
Guichicovi-157_yawn-1,,Guichicovi,157_yawn,maʔagahp,maʔagahp,m a ʔ a g a h p,<maʔa-kah-p sleep-yawn-GR,Kondic2019,,false,^ m aʔa g a h p $,default
Guichicovi-158_spit-1,,Guichicovi,158_spit,tsuhp,tsuhp,ts u h p,<tsuh-p spit-GR,Kondic2019,,false,^ ts u h p $,default
Guichicovi-159_dream-1,,Guichicovi,159_dream,kumaʔapʲ,kumaʔapʲ,k u m a ʔ a pʲ,<ku-maʔa-pʲ head-sleep-GR,Kondic2019,,false,^ k u m aʔa pʲ $,default
Guichicovi-160_sleep-1,,Guichicovi,160_sleep,maʔap,maʔap,m a ʔ a p,<maʔa-p sleep-GR,Kondic2019,,false,^ m aʔa p $,default
Guichicovi-161_live-1,,Guichicovi,161_live,ihp,ihp,i h p,,Kondic2019,,false,^ i h p $,default
Guichicovi-162_die-1,,Guichicovi,162_die,oʔop,oʔop,o ʔ o p,,Kondic2019,,false,^ oʔo p $,default
Guichicovi-163_kill-1,,Guichicovi,163_kill,jagoʔop,jagoʔop,j a g o ʔ o p,<jak-oʔop CAUS-die,Kondic2019,,false,^ j a g oʔo p $,default
Guichicovi-164_see-1,,Guichicovi,164_see,ihʃp,ihʃp,i h ʃ p,<ihʃ-p see-GR,Kondic2019,,false,^ i h ʃ p $,default
Guichicovi-165_hear-1,,Guichicovi,165_hear,modoʔop,modoʔop,m o d o ʔ o p,<modoʔo-p ear-GR,Kondic2019,,false,^ m o d oʔo p $,default
Guichicovi-166_sniffsmell-1,,Guichicovi,166_sniffsmell,ʃuʔup,ʃuʔup,ʃ u ʔ u p,,Kondic2019,,false,^ ʃ uʔu p $,default
Guichicovi-167_know-1,,Guichicovi,167_know,hahp,hahp,h a h p,,Kondic2019,,false,^ h a h p $,default
Guichicovi-168_think-1,,Guichicovi,168_think,tahmaj,tahmaj,t a h m a j,,Kondic2019,,false,^ t a h m a j $,default
Guichicovi-169_laugh-1,,Guichicovi,169_laugh,ʃiʔikp,ʃiʔikp,ʃ i ʔ i k p,<ʃiʔik-p laugh-GR,Kondic2019,,false,^ ʃ iʔi k p $,default
Guichicovi-170_cry-1,,Guichicovi,170_cry,həʔəpʲ,həʔəpʲ,h ə ʔ ə pʲ,,Kondic2019,,false,^ h əʔə pʲ $,default
Guichicovi-171_blow-1,,Guichicovi,171_blow,pohp,pohp,p o h p,<poh-p blow-GR,Kondic2019,,false,^ p o h p $,default
Guichicovi-172_burn-1,,Guichicovi,172_burn,noʔop,noʔop,n o ʔ o p,,Kondic2019,,false,^ n oʔo p $,default
Guichicovi-173_flow-1,,Guichicovi,173_flow,nəbehp,nəbehp,n ə b e h p,<nə-beh-p water-run-GR,Kondic2019,,false,^ n ə b e h p $,default
Guichicovi-174_sew-1,,Guichicovi,174_sew,ʃuʔupʲ,ʃuʔupʲ,ʃ u ʔ u pʲ,<ʃuʔu-pʲ sew-GR,Kondic2019,,false,^ ʃ uʔu pʲ $,default
Guichicovi-176_hit-1,,Guichicovi,176_hit,wohp,wohp,w o h p,<woh-p hit-GR,Kondic2019,,false,^ w o h p $,default
Guichicovi-177_cut-1,,Guichicovi,177_cut,tuhp,tuhp,t u h p,<tuh-p cut-GR,Kondic2019,,false,^ t u h p $,default
Guichicovi-178_split-1,,Guichicovi,178_split,jahwapʃp,jahwapʃp,j a h w a p ʃ p,<jah-wapʃ-p CAUS-split-GR,Kondic2019,,false,^ j a h w a p ʃ p $,default
Guichicovi-179_dig-1,,Guichicovi,179_dig,jahtahp,jahtahp,j a h t a h p,<jah-tah-p CAUS-dig-GR,Kondic2019,,false,^ j a h t a h p $,default
Guichicovi-181_hold-1,,Guichicovi,181_hold,mats,mats,m a ts,,Kondic2019,,false,^ m a ts $,default
Guichicovi-182_fear-1,,Guichicovi,182_fear,təgəʔəp,təgəʔəp,t ə g ə ʔ ə p,<təgəʔə-p fear-GR 'fears',Kondic2019,,false,^ t ə g əʔə p $,default
Guichicovi-183_count-1,,Guichicovi,183_count,matʲoʔop,matʲoʔop,m a tʲ o ʔ o p,<matʲoʔo-p count-GR,Kondic2019,,false,^ m a tʲ oʔo p $,default
Guichicovi-184_breathe-1,,Guichicovi,184_breathe,ʃehp,ʃehp,ʃ e h p,,Kondic2019,,false,^ ʃ e h p $,default
Guichicovi-185_vomit-1,,Guichicovi,185_vomit,əʔətsp,əʔətsp,ə ʔ ə ts p,<əʔəts-p vomit_GR,Kondic2019,,false,^ əʔə ts p $,default
Guichicovi-186_tieup-1,,Guichicovi,186_tieup,ʃots,ʃots,ʃ o ts,,Kondic2019,,false,^ ʃ o ts $,default
Guichicovi-191_stab-1,,Guichicovi,191_stab,kum,kum,k u m,,Kondic2019,,false,^ k u m $,default
Guichicovi-192_buy-1,,Guichicovi,192_buy,huʔupʲ,huʔupʲ,h u ʔ u pʲ,<huʔu-pʲ buy_GR,Kondic2019,,false,^ h uʔu pʲ $,default
Guichicovi-193_steal-1,,Guichicovi,193_steal,meʔetsp,meʔetsp,m e ʔ e ts p,<meʔets-p steal-GR,Kondic2019,,false,^ m eʔe ts p $,default
Guichicovi-194_choose-1,,Guichicovi,194_choose,wombiw,wombiw,w o m b i w,,Kondic2019,,false,^ w o m b i w $,default
Guichicovi-196_cook-1,,Guichicovi,196_cook,həʔʃajuʔump,həʔʃajuʔump,h ə ʔ ʃ a j u ʔ u m p,<?,Kondic2019,,false,^ h ə ʔ ʃ a j uʔu m p $,default
Guichicovi-197_shoot-1,,Guichicovi,197_shoot,tuhp,tuhp,t u h p,<tuh-p shoot-GR,Kondic2019,,false,^ t u h p $,default
Guichicovi-198_work-1,,Guichicovi,198_work,tuʔump,tuʔump,t u ʔ u m p,<tuʔum-p work-GR,Kondic2019,,false,^ t uʔu m p $,default
Guichicovi-199_open-1,,Guichicovi,199_open,jagwaʔats,jagwaʔats,j a g w a ʔ a ts,<jak-waʔats CAUS-open,Kondic2019,,false,^ j a g w aʔa ts $,default
Jitotol-1_one-1,,Jitotol,1_one,tuʔum,tuʔum,t u ʔ u m,,Kondic2023,,false,^ t uʔu m $,default
Jitotol-2_two-1,,Jitotol,2_two,metsa,metsa,m e ts a,,Kondic2023,,false,^ m e ts a $,default
Jitotol-3_three-1,,Jitotol,3_three,tuktsa,tuktsa,t u k ts a,,Kondic2023,,false,^ t u k ts a $,default
Jitotol-4_four-1,,Jitotol,4_four,makʃku,makʃku,m a k ʃ k u,,Kondic2023,,false,^ m a k ʃ k u $,default
Jitotol-5_year-1,,Jitotol,5_year,ame,ame,a m e,,Kondic2023,,false,^ a m e $,default
Jitotol-6_right-1,,Jitotol,6_right,tsənakəʔ,tsənakəʔ,ts ə n a k ə ʔ,,Kondic2023,,false,^ ts ə n a k ə ʔ $,default
Jitotol-7_left-1,,Jitotol,7_left,aɲukəʔ,aɲukəʔ,a ɲ u k ə ʔ,,Kondic2023,,false,^ a ɲ u k ə ʔ $,default
Jitotol-8_i-1,,Jitotol,8_i,əʔətsi,əʔətsi,ə ʔ ə ts i,,Kondic2023,,false,^ əʔə ts i $,default
Jitotol-9_weallexcl-1,,Jitotol,9_weallexcl,əʔəta,əʔəta,ə ʔ ə t a,,Kondic2023,,false,^ əʔə t a $,default
Jitotol-10_weallincl-1,,Jitotol,10_weallincl,əʔəta,əʔəta,ə ʔ ə t a,,Kondic2023,,false,^ əʔə t a $,default
Jitotol-11_yousg-1,,Jitotol,11_yousg,miʔitsi,miʔitsi,m i ʔ i ts i,,Kondic2023,,false,^ m iʔi ts i $,default
Jitotol-12_heshe-1,,Jitotol,12_heshe,əʔəp,əʔəp,ə ʔ ə p,,Kondic2023,,false,^ əʔə p $,default
Jitotol-13_theyall-1,,Jitotol,13_theyall,əʔərambə,əʔərambə,ə ʔ ə r a m b ə,,Kondic2023,,false,^ əʔə r a m b ə $,default
Jitotol-14_nonot-1,,Jitotol,14_nonot,hinda,hinda,h i n d a,,Kondic2023,,false,^ h i n d a $,default
Jitotol-15_what-1,,Jitotol,15_what,ti,ti,t i,,Kondic2023,,false,^ t i $,default
Jitotol-16_who-1,,Jitotol,16_who,iw,iw,i w,,Kondic2023,,false,^ i w $,default
Jitotol-17_where-1,,Jitotol,17_where,hur,hur,h u r,,Kondic2023,,false,^ h u r $,default
Jitotol-18_when-1,,Jitotol,18_when,tʃora,tʃora,tʃ o r a,,Kondic2023,,false,^ tʃ o r a $,default
Jitotol-19_how-1,,Jitotol,19_how,hutʃe,hutʃe,h u tʃ e,,Kondic2023,,false,^ h u tʃ e $,default
Jitotol-20_this-1,,Jitotol,20_this,əkəp,əkəp,ə k ə p,,Kondic2023,,false,^ ə k ə p $,default
Jitotol-21_that-1,,Jitotol,21_that,əmbə,əmbə,ə m b ə,,Kondic2023,,false,^ ə m b ə $,default
Jitotol-23_above-1,,Jitotol,23_above,kəʃmə,kəʃmə,k ə ʃ m ə,,Kondic2023,,false,^ k ə ʃ m ə $,default
Jitotol-24_below-1,,Jitotol,24_below,kəʔəm,kəʔəm,k ə ʔ ə m,,Kondic2023,,false,^ k əʔə m $,default
Jitotol-25_ininside-1,,Jitotol,25_ininside,homo,homo,h o m o,,Kondic2023,,false,^ h o m o $,default
Jitotol-26_at-1,,Jitotol,26_at,ek,ek,e k,,Kondic2023,,false,^ e k $,default
Jitotol-27_head-1,,Jitotol,27_head,kowak,kowak,k o w a k,,Kondic2023,,false,^ k o w a k $,default
Jitotol-28_hair-1,,Jitotol,28_hair,waj,waj,w a j,,Kondic2023,,false,^ w a j $,default
Jitotol-29_eye-1,,Jitotol,29_eye,wiʔidək,wiʔidək,w i ʔ i d ə k,,Kondic2023,,false,^ w iʔi d ə k $,default
Jitotol-30_nose-1,,Jitotol,30_nose,kini,kini,k i n i,,Kondic2023,,false,^ k i n i $,default
Jitotol-31_ear-1,,Jitotol,31_ear,taʔadzək,taʔadzək,t a ʔ a dz ə k,,Kondic2023,,false,^ t aʔa dz ə k $,default
Jitotol-32_mouth-1,,Jitotol,32_mouth,agnaga,agnaga,a g n a g a,,Kondic2023,,false,^ a g n a g a $,default
Jitotol-33_tongue-1,,Jitotol,33_tongue,toʔots,toʔots,t o ʔ o ts,,Kondic2023,,false,^ t oʔo ts $,default
Jitotol-34_tooth-1,,Jitotol,34_tooth,təʔəts,təʔəts,t ə ʔ ə ts,,Kondic2023,,false,^ t əʔə ts $,default
Jitotol-35_hand-1,,Jitotol,35_hand,kəʔ,kəʔ,k ə ʔ,,Kondic2023,,false,^ k ə ʔ $,default
Jitotol-36_shoulder-1,,Jitotol,36_shoulder,pegi,pegi,p e g i,,Kondic2023,,false,^ p e g i $,default
Jitotol-37_neck-1,,Jitotol,37_neck,kəne,kəne,k ə n e,,Kondic2023,,false,^ k ə n e $,default
Jitotol-38_back-1,,Jitotol,38_back,ugaguj,ugaguj,u g a g u j,,Kondic2023,,false,^ u g a g u j $,default
Jitotol-39_leg-1,,Jitotol,39_leg,tsuʃu,tsuʃu,ts u ʃ u,,Kondic2023,,false,^ ts u ʃ u $,default
Jitotol-40_blood-1,,Jitotol,40_blood,nəbit,nəbit,n ə b i t,,Kondic2023,,false,^ n ə b i t $,default
Jitotol-41_bone-1,,Jitotol,41_bone,pak,pak,p a k,,Kondic2023,,false,^ p a k $,default
Jitotol-42_skin-1,,Jitotol,42_skin,naga,naga,n a g a,,Kondic2023,,false,^ n a g a $,default
Jitotol-43_belly-1,,Jitotol,43_belly,tsek,tsek,ts e k,,Kondic2023,,false,^ ts e k $,default
Jitotol-44_intestines-1,,Jitotol,44_intestines,puʔu,puʔu,p u ʔ u,,Kondic2023,,false,^ p uʔu $,default
Jitotol-45_breast-1,,Jitotol,45_breast,tsuʔutsi,tsuʔutsi,ts u ʔ u ts i,,Kondic2023,,false,^ ts uʔu ts i $,default
Jitotol-46_liver-1,,Jitotol,46_liver,paʔat,paʔat,p a ʔ a t,,Kondic2023,,false,^ p aʔa t $,default
Jitotol-47_dog-1,,Jitotol,47_dog,tuj,tuj,t u j,,Kondic2023,,false,^ t u j $,default
Jitotol-48_bird-1,,Jitotol,48_bird,hodune,hodune,h o d u n e,,Kondic2023,,false,^ h o d u n e $,default
Jitotol-49_fish-1,,Jitotol,49_fish,koge,koge,k o g e,,Kondic2023,,false,^ k o g e $,default
Jitotol-50_snake-1,,Jitotol,50_snake,tsat,tsat,ts a t,,Kondic2023,,false,^ ts a t $,default
Jitotol-51_worm-1,,Jitotol,51_worm,tsaʔadune,tsaʔadune,ts a ʔ a d u n e,,Kondic2023,,false,^ ts aʔa d u n e $,default
Jitotol-52_louse-1,,Jitotol,52_louse,awat,awat,a w a t,,Kondic2023,,false,^ a w a t $,default
Jitotol-53_rat-1,,Jitotol,53_rat,tsuk,tsuk,ts u k,,Kondic2023,,false,^ ts u k $,default
Jitotol-54_spider-1,,Jitotol,54_spider,tsamudzu,tsamudzu,ts a m u dz u,,Kondic2023,,false,^ ts a m u dz u $,default
Jitotol-55_mosquito-1,,Jitotol,55_mosquito,uxuʔune,uxuʔune,u x u ʔ u n e,,Kondic2023,,false,^ u x uʔu n e $,default
Jitotol-56_egg-1,,Jitotol,56_egg,poʔoga,poʔoga,p o ʔ o g a,,Kondic2023,,false,^ p oʔo g a $,default
Jitotol-57_tail-1,,Jitotol,57_tail,tuʔuts,tuʔuts,t u ʔ u ts,,Kondic2023,,false,^ t uʔu ts $,default
Jitotol-58_wing-1,,Jitotol,58_wing,ʃah,ʃah,ʃ a h,,Kondic2023,,false,^ ʃ a h $,default
Jitotol-59_feather-1,,Jitotol,59_feather,hodunes pjək,hodunes pjək,h o d u n e s + p j ə k,< hodun-es bird-CASE j-pək 3SG-feather 'bird's feather' < pək feather,Kondic2023,,false,^ h o d u n e s + p j ə k $,default
Jitotol-60_person-1,,Jitotol,60_person,pət,pət,p ə t,,Kondic2023,,false,^ p ə t $,default
Jitotol-61_man-1,,Jitotol,61_man,haja,haja,h a j a,,Kondic2023,,false,^ h a j a $,default
Jitotol-62_woman-1,,Jitotol,62_woman,jomu,jomu,j o m u,,Kondic2023,,false,^ j o m u $,default
Jitotol-63_child-1,,Jitotol,63_child,une,une,u n e,,Kondic2023,,false,^ u n e $,default
Jitotol-64_name-1,,Jitotol,64_name,nəj,nəj,n ə j,,Kondic2023,,false,^ n ə j $,default
Jitotol-65_mother-1,,Jitotol,65_mother,nana,nana,n a n a,,Kondic2023,,false,^ n a n a $,default
Jitotol-66_father-1,,Jitotol,66_father,dada,dada,d a d a,n-tata 1SG-father 'my father' < tata 'father',Kondic2023,,false,^ d a d a $,default
Jitotol-67_husband-1,,Jitotol,67_husband,jhaja,jhaja,j h a j a,"< j-haya 3SG-man 'her husband' < haja 'husband, man'",Kondic2023,,false,^ j h a j a $,default
Jitotol-68_wife-1,,Jitotol,68_wife,jomu,jomu,j o m u,,Kondic2023,,false,^ j o m u $,default
Jitotol-69_day-1,,Jitotol,69_day,hama,hama,h a m a,,Kondic2023,,false,^ h a m a $,default
Jitotol-70_night-1,,Jitotol,70_night,tsuʔ,tsuʔ,ts u ʔ,,Kondic2023,,false,^ ts u ʔ $,default
Jitotol-71_moon-1,,Jitotol,71_moon,nandzuera,nandzuera,n a n dz u e r a,,Kondic2023,,false,^ n a n dz u e r a $,default
Jitotol-72_star-1,,Jitotol,72_star,madza,madza,m a dz a,,Kondic2023,,false,^ m a dz a $,default
Jitotol-73_sky-1,,Jitotol,73_sky,tsap,tsap,ts a p,,Kondic2023,,false,^ ts a p $,default
Jitotol-74_water-1,,Jitotol,74_water,nəʔ,nəʔ,n ə ʔ,,Kondic2023,,false,^ n ə ʔ $,default
Jitotol-75_lake-1,,Jitotol,75_lake,mea,mea,m e a,,Kondic2023,,false,^ m e a $,default
Jitotol-77_fire-1,,Jitotol,77_fire,huktu,huktu,h u k t u,,Kondic2023,,false,^ h u k t u $,default
Jitotol-78_smoke-1,,Jitotol,78_smoke,hogo,hogo,h o g o,,Kondic2023,,false,^ h o g o $,default
Jitotol-79_ash-1,,Jitotol,79_ash,hap,hap,h a p,,Kondic2023,,false,^ h a p $,default
Jitotol-80_stone-1,,Jitotol,80_stone,tsaʔ,tsaʔ,ts a ʔ,,Kondic2023,,false,^ ts a ʔ $,default
Jitotol-81_earthsoil-1,,Jitotol,81_earthsoil,naʔaʃ,naʔaʃ,n a ʔ a ʃ,,Kondic2023,,false,^ n aʔa ʃ $,default
Jitotol-82_dust-1,,Jitotol,82_dust,pojo,pojo,p o j o,,Kondic2023,,false,^ p o j o $,default
Jitotol-83_sand-1,,Jitotol,83_sand,pojo,pojo,p o j o,,Kondic2023,,false,^ p o j o $,default
Jitotol-84_rain-1,,Jitotol,84_rain,tuʔu,tuʔu,t u ʔ u,,Kondic2023,,false,^ t uʔu $,default
Jitotol-85_cloud-1,,Jitotol,85_cloud,ona,ona,o n a,,Kondic2023,,false,^ o n a $,default
Jitotol-86_wind-1,,Jitotol,86_wind,ʃawa,ʃawa,ʃ a w a,,Kondic2023,,false,^ ʃ a w a $,default
Jitotol-87_fog-1,,Jitotol,87_fog,nəonəj,nəonəj,n ə o n ə j,"<nə-onəj PROGR-get.foggy 'it is getting foggy' < ona 'fog, cloud'",Kondic2023,,false,^ n ə o n ə j $,default
Jitotol-88_thunder-1,,Jitotol,88_thunder,nənakʃ,nənakʃ,n ə n a k ʃ,<nə-nakʃ PROGR-thunder 'está tonando',Kondic2023,,false,^ n ə n a k ʃ $,default
Jitotol-89_lightning-1,,Jitotol,89_lightning,məj,məj,m ə j,,Kondic2023,,false,^ m ə j $,default
Jitotol-90_meatflesh-1,,Jitotol,90_meatflesh,ʃiʔiʃ,ʃiʔiʃ,ʃ i ʔ i ʃ,,Kondic2023,,false,^ ʃ iʔi ʃ $,default
Jitotol-91_salt-1,,Jitotol,91_salt,kana,kana,k a n a,,Kondic2023,,false,^ k a n a $,default
Jitotol-92_fatgrease-1,,Jitotol,92_fatgrease,kini,kini,k i n i,,Kondic2023,,false,^ k i n i $,default
Jitotol-93_fruit-1,,Jitotol,93_fruit,təp,təp,t ə p,,Kondic2023,,false,^ t ə p $,default
Jitotol-94_woodsforest-1,,Jitotol,94_woodsforest,tsaʔabə,tsaʔabə,ts a ʔ a b ə,,Kondic2023,,false,^ ts aʔa b ə $,default
Jitotol-95_root-1,,Jitotol,95_root,wadzi,wadzi,w a dz i,,Kondic2023,,false,^ w a dz i $,default
Jitotol-96_branch-1,,Jitotol,96_branch,agjawe,agjawe,a g j a w e,,Kondic2023,,false,^ a g j a w e $,default
Jitotol-97_leaf-1,,Jitotol,97_leaf,aj,aj,a j,,Kondic2023,,false,^ a j $,default
Jitotol-98_wood-1,,Jitotol,98_wood,kuj,kuj,k u j,,Kondic2023,,false,^ k u j $,default
Jitotol-99_grass-1,,Jitotol,99_grass,paʔ,paʔ,p a ʔ,,Kondic2023,,false,^ p a ʔ $,default
Jitotol-100_flower-1,,Jitotol,100_flower,həjə,həjə,h ə j ə,,Kondic2023,,false,^ h ə j ə $,default
Jitotol-102_house-1,,Jitotol,102_house,tək,tək,t ə k,,Kondic2023,,false,^ t ə k $,default
Jitotol-103_rope-1,,Jitotol,103_rope,tsaj,tsaj,ts a j,,Kondic2023,,false,^ ts a j $,default
Jitotol-104_needle-1,,Jitotol,104_needle,aguʃa,aguʃa,a g u ʃ a,,Kondic2023,,false,^ a g u ʃ a $,default
Jitotol-105_roadpath-1,,Jitotol,105_roadpath,tuk,tuk,t u k,,Kondic2023,,false,^ t u k $,default
Jitotol-106_black-1,,Jitotol,106_black,jəkək,jəkək,j ə k ə k,,Kondic2023,,false,^ j ə k ə k $,default
Jitotol-107_white-1,,Jitotol,107_white,pobop,pobop,p o b o p,,Kondic2023,,false,^ p o b o p $,default
Jitotol-108_red-1,,Jitotol,108_red,tsawaʃ,tsawaʃ,ts a w a ʃ,,Kondic2023,,false,^ ts a w a ʃ $,default
Jitotol-109_green-1,,Jitotol,109_green,tsuʔtsup,tsuʔtsup,ts u ʔ ts u p,,Kondic2023,,false,^ ts u ʔ ts u p $,default
Jitotol-110_yellow-1,,Jitotol,110_yellow,puʔutsup,puʔutsup,p u ʔ u ts u p,,Kondic2023,,false,^ p uʔu ts u p $,default
Jitotol-111_big-1,,Jitotol,111_big,məap,məap,m ə a p,,Kondic2023,,false,^ m ə a p $,default
Jitotol-112_small-1,,Jitotol,112_small,tʃukʃup,tʃukʃup,tʃ u k ʃ u p,,Kondic2023,,false,^ tʃ u k ʃ u p $,default
Jitotol-113_long-1,,Jitotol,113_long,pəjbə,pəjbə,p ə j b ə,,Kondic2023,,false,^ p ə j b ə $,default
Jitotol-114_short-1,,Jitotol,114_short,tʃukʃup,tʃukʃup,tʃ u k ʃ u p,,Kondic2023,,false,^ tʃ u k ʃ u p $,default
Jitotol-115_thick-1,,Jitotol,115_thick,mətsap,mətsap,m ə ts a p,,Kondic2023,,false,^ m ə ts a p $,default
Jitotol-116_thin-1,,Jitotol,116_thin,kajbə,kajbə,k a j b ə,,Kondic2023,,false,^ k a j b ə $,default
Jitotol-117_narrow-1,,Jitotol,117_narrow,məangip,məangip,m ə a n g i p,,Kondic2023,,false,^ m ə a n g i p $,default
Jitotol-118_wide-1,,Jitotol,118_wide,məap,məap,m ə a p,,Kondic2023,,false,^ m ə a p $,default
Jitotol-119_sharp-1,,Jitotol,119_sharp,ɲət wit,ɲət wit,ɲ ə t + w i t,,Kondic2023,,false,^ ɲ ə t + w i t $,default
Jitotol-120_bluntdull-1,,Jitotol,120_bluntdull,ɲət kini,ɲət kini,ɲ ə t + k i n i,,Kondic2023,,false,^ ɲ ə t + k i n i $,default
Jitotol-121_shyashamed-1,,Jitotol,121_shyashamed,tsaʔapa,tsaʔapa,ts a ʔ a p a,,Kondic2023,,false,^ ts aʔa p a $,default
Jitotol-122_old-1,,Jitotol,122_old,atʃpə,atʃpə,a tʃ p ə,,Kondic2023,,false,^ a tʃ p ə $,default
Jitotol-123_painfulsick-1,,Jitotol,123_painfulsick,toʔobia,toʔobia,t o ʔ o b i a,< toʔoj-pa ache-INC 'it aches',Kondic2023,,false,^ t oʔo b i a $,default
Jitotol-124_good-1,,Jitotol,124_good,manakpə,manakpə,m a n a k p ə,,Kondic2023,,false,^ m a n a k p ə $,default
Jitotol-125_bad-1,,Jitotol,125_bad,norip,norip,n o r i p,,Kondic2023,,false,^ n o r i p $,default
Jitotol-126_correcttrue-1,,Jitotol,126_correcttrue,hetʃe,hetʃe,h e tʃ e,,Kondic2023,,false,^ h e tʃ e $,default
Jitotol-127_dirty-1,,Jitotol,127_dirty,hini,hini,h i n i,,Kondic2023,,false,^ h i n i $,default
Jitotol-128_rotten-1,,Jitotol,128_rotten,puʔutspa,puʔutspa,p u ʔ u ts p a,<puʔuts-pa rotten-INC,Kondic2023,,false,^ p uʔu ts p a $,default
Jitotol-129_all-1,,Jitotol,129_all,əʔəta,əʔəta,ə ʔ ə t a,,Kondic2023,,false,^ əʔə t a $,default
Jitotol-130_heavy-1,,Jitotol,130_heavy,hemets,hemets,h e m e ts,,Kondic2023,,false,^ h e m e ts $,default
Jitotol-131_far-1,,Jitotol,131_far,jaj,jaj,j a j,,Kondic2023,,false,^ j a j $,default
Jitotol-132_near-1,,Jitotol,132_near,tome,tome,t o m e,,Kondic2023,,false,^ t o m e $,default
Jitotol-133_warm-1,,Jitotol,133_warm,niʔingə,niʔingə,n i ʔ i n g ə,,Kondic2023,,false,^ n iʔi n g ə $,default
Jitotol-134_cold-1,,Jitotol,134_cold,pagak,pagak,p a g a k,,Kondic2023,,false,^ p a g a k $,default
Jitotol-135_dry-1,,Jitotol,135_dry,təʔətspa,təʔətspa,t ə ʔ ə ts p a,,Kondic2023,,false,^ t əʔə ts p a $,default
Jitotol-136_wet-1,,Jitotol,136_wet,muʔu,muʔu,m u ʔ u,,Kondic2023,,false,^ m uʔu $,default
Jitotol-137_new-1,,Jitotol,137_new,homep,homep,h o m e p,,Kondic2023,,false,^ h o m e p $,default
Jitotol-138_other-1,,Jitotol,138_other,eap,eap,e a p,,Kondic2023,,false,^ e a p $,default
Jitotol-139_come-1,,Jitotol,139_come,midba,midba,m i d b a,< mit-pa  come-INC '(he) comes' <mit- 'come',Kondic2023,,false,^ m i d b a $,default
Jitotol-140_walk-1,,Jitotol,140_walk,witku,witku,w i t k u,< wit-ku  walk-NOM 'walking'< wit- 'walk',Kondic2023,,false,^ w i t k u $,default
Jitotol-141_grow-1,,Jitotol,141_grow,jegba,jegba,j e g b a,<jeg-pa grow-INC '(he) grows' < jeg- 'to grow',Kondic2023,,false,^ j e g b a $,default
Jitotol-142_stand-1,,Jitotol,142_stand,tenawa,tenawa,t e n a w a,<tena-pa  stand-INC '(he) stands < tena- 'to stand',Kondic2023,,false,^ t e n a w a $,default
Jitotol-143_sit-1,,Jitotol,143_sit,pokʃpa,pokʃpa,p o k ʃ p a,<pokʃ-pa sit-INC '(he) sits' < pokʃ- 'to sit',Kondic2023,,false,^ p o k ʃ p a $,default
Jitotol-144_fall-1,,Jitotol,144_fall,kekpa,kekpa,k e k p a,<kek-pa fall-INC '(he) falls' < kek- 'to fall',Kondic2023,,false,^ k e k p a $,default
Jitotol-145_liedown-1,,Jitotol,145_liedown,kəmnaj,kəmnaj,k ə m n a j,<kəmn-aj liedown-? '(he) lies down' < kəmn- 'to lie down',Kondic2023,,false,^ k ə m n a j $,default
Jitotol-146_turn-1,,Jitotol,146_turn,widiba,widiba,w i d i b a,< witi-pa turn-INC '(he)turns' < witi- 'turn',Kondic2023,,false,^ w i d i b a $,default
Jitotol-147_climb-1,,Jitotol,147_climb,kimba,kimba,k i m b a,<kim-pa climb-INC '(he) climbs' < kim- 'to climb',Kondic2023,,false,^ k i m b a $,default
Jitotol-148_swim-1,,Jitotol,148_swim,hedba,hedba,h e d b a,< het-pa  swim-INC '(he) swims' < het-  'swim',Kondic2023,,false,^ h e d b a $,default
Jitotol-149_flyverb-1,,Jitotol,149_flyverb,petspa,petspa,p e ts p a,<pets-pa fly-INC '(he) flies' < pets-  'to fly',Kondic2023,,false,^ p e ts p a $,default
Jitotol-150_throw-1,,Jitotol,150_throw,wəʔəpəwa,wəʔəpəwa,w ə ʔ ə p ə w a,<wəʔəpə-pa throw-INC '(he) throws' < wəʔəpə- 'to throw',Kondic2023,,false,^ w əʔə p ə w a $,default
Jitotol-151_hide-1,,Jitotol,151_hide,kugutpa,kugutpa,k u g u t p a,<kugut-pa hide-INC '(he) hides' < kugut- 'to hide',Kondic2023,,false,^ k u g u t p a $,default
Jitotol-152_chew-1,,Jitotol,152_chew,wjaʃpa,wjaʃpa,w j a ʃ p a,<j-waʃ-pa 3SG-chew-INC 'he chews' < waʃ- 'to chew',Kondic2023,,false,^ w j a ʃ p a $,default
Jitotol-153_eat-1,,Jitotol,153_eat,wiʔikpa,wiʔikpa,w i ʔ i k p a,<wiʔik-pa eat-INC '(he) eats' < wiʔik- 'to eat',Kondic2023,,false,^ w iʔi k p a $,default
Jitotol-154_drink-1,,Jitotol,154_drink,tjoʔba,tjoʔba,t j o ʔ b a,<j-toʔ-pa  3SG-drink-INC 'he drinks' < toʔ- 'to drink',Kondic2023,,false,^ t j o ʔ b a $,default
Jitotol-155_bite-1,,Jitotol,155_bite,kjəʔəʃpa,kjəʔəʃpa,k j ə ʔ ə ʃ p a,<j-kəʔəʃ-pa 3SG-bite-INC 'he bites' <  kəʔəʃ- 'to bite',Kondic2023,,false,^ k j əʔə ʃ p a $,default
Jitotol-156_suck-1,,Jitotol,156_suck,nətʲiwətsuʔutsi,nətʲiwətsuʔutsi,n ə tʲ i w ə ts u ʔ u ts i,<nə-j-tiwə-tsuʔutsi PROGR-3SG-give-breast 'Le está dando pecho'< tiwətsuʔutsi- '(give) to suck',Kondic2023,,false,^ n ə tʲ i w ə ts uʔu ts i $,default
Jitotol-157_yawn-1,,Jitotol,157_yawn,nəʃutəwi,nəʃutəwi,n ə ʃ u t ə w i,<nə-j-sut-əwi PROGR-3SG-want-sleep 'he wants to sleep',Kondic2023,,false,^ n ə ʃ u t ə w i $,default
Jitotol-158_spit-1,,Jitotol,158_spit,tsuʔpa,tsuʔpa,ts u ʔ p a,<tsuʔ-pa spit-INC '(he) spits' < tsuʔ- 'to spit',Kondic2023,,false,^ ts u ʔ p a $,default
Jitotol-159_dream-1,,Jitotol,159_dream,mawaʃəj,mawaʃəj,m a w a ʃ ə j,<mawaʃ-əj dream-? '(he) dreams' < mawaʃ- 'to dream',Kondic2023,,false,^ m a w a ʃ ə j $,default
Jitotol-160_sleep-1,,Jitotol,160_sleep,əgba,əgba,ə g b a,< əg-ba  sleep-INC '(he) sleeps' < əg- 'to sleep',Kondic2023,,false,^ ə g b a $,default
Jitotol-161_live-1,,Jitotol,161_live,itpa,itpa,i t p a,<it-pa live-INC '(he) lives' < it-  'to live/exist',Kondic2023,,false,^ i t p a $,default
Jitotol-162_die-1,,Jitotol,162_die,kaʔwa,kaʔwa,k a ʔ w a,< kaʔ-pa die-INC '(he) dies' < kaʔ- 'die',Kondic2023,,false,^ k a ʔ w a $,default
Jitotol-163_kill-1,,Jitotol,163_kill,jakaʔwa,jakaʔwa,j a k a ʔ w a,<jak-kaʔ-pa  CAUS-die-INC '(he) kills' < jakaʔ- 'to kill',Kondic2023,,false,^ j a k a ʔ w a $,default
Jitotol-164_see-1,,Jitotol,164_see,kjedba,kjedba,k j e d b a,< j-ked-pa 3SG-see-INC  'he sees' < ked- 'to see',Kondic2023,,false,^ k j e d b a $,default
Jitotol-165_hear-1,,Jitotol,165_hear,maroŋoba,maroŋoba,m a r o ŋ o b a,<maroŋo-pa hear-INC 'he hears' < maroŋo- 'to hear',Kondic2023,,false,^ m a r o ŋ o b a $,default
Jitotol-166_sniffsmell-1,,Jitotol,166_sniffsmell,ʃuʔpa,ʃuʔpa,ʃ u ʔ p a,< ʃuʔ-pa  smell-INC '(he) smells' < ʃuʔ- 'to smell',Kondic2023,,false,^ ʃ u ʔ p a $,default
Jitotol-167_know-1,,Jitotol,167_know,mjuʃpa,mjuʃpa,m j u ʃ p a,< j-muʃ-pa 3SG-know-INC 'he knows' < muʃ-  'to know',Kondic2023,,false,^ m j u ʃ p a $,default
Jitotol-168_think-1,,Jitotol,168_think,kipʃpa,kipʃpa,k i p ʃ p a,< j-kipʃ-pa  3SG-think-INC 'he thinks' < kipʃ- 'to think',Kondic2023,,false,^ k i p ʃ p a $,default
Jitotol-169_laugh-1,,Jitotol,169_laugh,ʃikpa,ʃikpa,ʃ i k p a,<ʃik-pa laugh-INC '(he) laughs' < ʃik- 'to laugh',Kondic2023,,false,^ ʃ i k p a $,default
Jitotol-170_cry-1,,Jitotol,170_cry,həʔəbja,həʔəbja,h ə ʔ ə b j a,< həʔəj-pa cry-INC '(he) cries' < həʔəj- 'to cry',Kondic2023,,false,^ h əʔə b j a $,default
Jitotol-171_blow-1,,Jitotol,171_blow,nəpoj ʃawa,nəpoj ʃawa,n ə p o j + ʃ a w a,"<nə-poj PROGR-run ʃawa 'air,wind' 'it is blowing'",Kondic2023,,false,^ n ə p o j + ʃ a w a $,default
Jitotol-172_burn-1,,Jitotol,172_burn,poʔogba,poʔogba,p o ʔ o g b a,<poʔok-pa burn-INC '(it) burns' < poʔok- 'to burn',Kondic2023,,false,^ p oʔo g b a $,default
Jitotol-173_flow-1,,Jitotol,173_flow,hətpa,hətpa,h ə t p a,<hət-pa flow-INC '(it) flows' < hət- 'to flow',Kondic2023,,false,^ h ə t p a $,default
Jitotol-174_sew-1,,Jitotol,174_sew,natpa,natpa,n a t p a,<nat-pa sew-INC '(he) sews' < nat- 'to sew',Kondic2023,,false,^ n a t p a $,default
Jitotol-175_pound-1,,Jitotol,175_pound,mjaʔatspa,mjaʔatspa,m j a ʔ a ts p a,< j-maʔats-pa 3SG-pound-INC 'he pounds''< maʔats- 'to pound',Kondic2023,,false,^ m j aʔa ts p a $,default
Jitotol-176_hit-1,,Jitotol,176_hit,tʃiʔba,tʃiʔba,tʃ i ʔ b a,<tʃiʔ-pa hit-INC '(he) hits' < tʃiʔ- 'to hit',Kondic2023,,false,^ tʃ i ʔ b a $,default
Jitotol-177_cut-1,,Jitotol,177_cut,jakpa,jakpa,j a k p a,<jak-pa cut-INC '(he) cuts' < jak-  'to cut',Kondic2023,,false,^ j a k p a $,default
Jitotol-178_split-1,,Jitotol,178_split,pjowa,pjowa,p j o w a,<j-pow-pa 3SG-split-INC 'he splits (it)' < pow- 'to split',Kondic2023,,false,^ p j o w a $,default
Jitotol-179_dig-1,,Jitotol,179_dig,tʃaʔpa,tʃaʔpa,tʃ a ʔ p a,<j-tsaʔ-pa 3SG-dig-INC 'he digs' < tsaʔ- 'to dig',Kondic2023,,false,^ tʃ a ʔ p a $,default
Jitotol-180_hunt-1,,Jitotol,180_hunt,jakaʔwa kowət,jakaʔwa kowət,j a k a ʔ w a + k o w ə t,<jak-kaʔ-pa CAUS-die-INC 'kills' kowet 'animals' 'kills animals',Kondic2023,,false,^ j a k a ʔ w a + k o w ə t $,default
Jitotol-181_hold-1,,Jitotol,181_hold,ɲətpa,ɲətpa,ɲ ə t p a,<j-nət-pa 3SG-hold-INC 'he holds' < nət- 'to hold',Kondic2023,,false,^ ɲ ə t p a $,default
Jitotol-182_fear-1,,Jitotol,182_fear,naʔatspa,naʔatspa,n a ʔ a ts p a,< naʔats-pa fear-INC '(he) fears' < naʔats- 'to fear',Kondic2023,,false,^ n aʔa ts p a $,default
Jitotol-183_count-1,,Jitotol,183_count,maʔabia,maʔabia,m a ʔ a b i a,<maʔaj-pa count-INC '(he) counts' < maʔaj- 'to count',Kondic2023,,false,^ m aʔa b i a $,default
Jitotol-184_breathe-1,,Jitotol,184_breathe,pjəkpa ʃawa,pjəkpa ʃawa,p j ə k p a + ʃ a w a,< j-pək-pa  3SG-absorb-INC ʃawa 'air'  'he absorbs air' <pəkpa.ʃawa- 'breath',Kondic2023,,false,^ p j ə k p a + ʃ a w a $,default
Jitotol-185_vomit-1,,Jitotol,185_vomit,əʔətspa,əʔətspa,ə ʔ ə ts p a,<əʔəts-pa  vomit-INC '(he) vomits' < əʔəts- 'to vomit',Kondic2023,,false,^ əʔə ts p a $,default
Jitotol-186_tieup-1,,Jitotol,186_tieup,warej,warej,w a r e j,<war-ej tieup-? '(he) ties up' <war- 'to tie up',Kondic2023,,false,^ w a r e j $,default
Jitotol-187_squeeze-1,,Jitotol,187_squeeze,mjəʔətpa,mjəʔətpa,m j ə ʔ ə t p a,<j-məʔət-pa 3SG-squeeze-INC 'he squeezes' < məʔət- 'to squeeze',Kondic2023,,false,^ m j əʔə t p a $,default
Jitotol-188_swell-1,,Jitotol,188_swell,ʃikba,ʃikba,ʃ i k b a,<ʃik-ba swell-INC '(he) swells' < ʃik- 'to swell',Kondic2023,,false,^ ʃ i k b a $,default
Jitotol-189_say-1,,Jitotol,189_say,tʲamba,tʲamba,tʲ a m b a,< j-tam-pa  3SG-say-INC 'he sais'  < tam- 'to say',Kondic2023,,false,^ tʲ a m b a $,default
Jitotol-190_scratch-1,,Jitotol,190_scratch,jetspa,jetspa,j e ts p a,<jets-pa scratch-INC '(he) scratches' < jets- 'to scratch',Kondic2023,,false,^ j e ts p a $,default
Jitotol-191_stab-1,,Jitotol,191_stab,jutspa,jutspa,j u ts p a,<juts-pa  stab-INC '(he) stabs' < juts- 'to stab',Kondic2023,,false,^ j u ts p a $,default
Jitotol-192_buy-1,,Jitotol,192_buy,juʔubja,juʔubja,j u ʔ u b j a,<juʔuj-pa buy-INC '(he) buys' < juʔuj- 'to buy',Kondic2023,,false,^ j uʔu b j a $,default
Jitotol-193_steal-1,,Jitotol,193_steal,numba,numba,n u m b a,<num-pa steal-INC '(he) steals' < num- 'to steel',Kondic2023,,false,^ n u m b a $,default
Jitotol-194_choose-1,,Jitotol,194_choose,kjowimba,kjowimba,k j o w i m b a,< j-kowim-pa 3SG-choose-INC 'he chooses' < kowim- 'to choose',Kondic2023,,false,^ k j o w i m b a $,default
Jitotol-195_plant-1,,Jitotol,195_plant,ɲiʔpa,ɲiʔpa,ɲ i ʔ p a,< j-niʔ-pa  3SG-plant-INC  'he plants' <ni?- 'to plant',Kondic2023,,false,^ ɲ i ʔ p a $,default
Jitotol-196_cook-1,,Jitotol,196_cook,tʃəkwiʔiku,tʃəkwiʔiku,tʃ ə k w i ʔ i k u,<j-tək-wiʔik-u 3SG-make-food-COM 'he made food' < təkwiʔik- 'cook',Kondic2023,,false,^ tʃ ə k w iʔi k u $,default
Jitotol-197_shoot-1,,Jitotol,197_shoot,tuʔpa,tuʔpa,t u ʔ p a,< tuʔ-pa shoot-INC '(he) shoots' < tuʔ- 'to shoot',Kondic2023,,false,^ t u ʔ p a $,default
Jitotol-198_work-1,,Jitotol,198_work,joʃku,joʃku,j o ʃ k u,<joʃ-ku work-NOM 'working' < joʃ- 'to work',Kondic2023,,false,^ j o ʃ k u $,default
Jitotol-199_open-1,,Jitotol,199_open,tʃaʔabəwa,tʃaʔabəwa,tʃ a ʔ a b ə w a,<tʃaʔabə-wa  j-taʔabə-pa 3SG-open-INC 'he opens (it)' < taʔabə- 'to open',Kondic2023,,false,^ tʃ aʔa b ə w a $,default
Juquila-1_one-1,,Juquila,1_one,tuʔuk,tuʔuk,t u ʔ u k,,Kondic2019,,false,^ t uʔu k $,default
Juquila-2_two-1,,Juquila,2_two,mahtsk,mahtsk,m a h ts k,,Kondic2019,,false,^ m a h ts k $,default
Juquila-3_three-1,,Juquila,3_three,təgəʔək,təgəʔək,t ə g ə ʔ ə k,,Kondic2019,,false,^ t ə g əʔə k $,default
Juquila-4_four-1,,Juquila,4_four,mahtaʔaʃk,mahtaʔaʃk,m a h t a ʔ a ʃ k,,Kondic2019,,false,^ m a h t aʔa ʃ k $,default
Juquila-5_year-1,,Juquila,5_year,həməht,həməht,h ə m ə h t,,Kondic2019,,false,^ h ə m ə h t $,default
Juquila-6_right-1,,Juquila,6_right,agaʔaɲ,agaʔaɲ,a g a ʔ a ɲ,,Kondic2019,,false,^ a g aʔa ɲ $,default
Juquila-7_left-1,,Juquila,7_left,anaʔah,anaʔah,a n a ʔ a h,,Kondic2019,,false,^ a n aʔa h $,default
Juquila-8_i-1,,Juquila,8_i,əhts,əhts,ə h ts,,Kondic2019,,false,^ ə h ts $,default
Juquila-10_weallincl-1,,Juquila,10_weallincl,əʔəʣahtəm,əʔəʣahtəm,ə ʔ ə <<ʣ>> a h t ə m,,Kondic2019,,false,^ əʔə <ʣ> a h t ə m $,default
Juquila-11_yousg-1,,Juquila,11_yousg,mihts,mihts,m i h ts,,Kondic2019,,false,^ m i h ts $,default
Juquila-12_heshe-1,,Juquila,12_heshe,jəʔə,jəʔə,j ə ʔ ə,,Kondic2019,,false,^ j əʔə $,default
Juquila-13_theyall-1,,Juquila,13_theyall,həʔədəʔənətʲ,həʔədəʔənətʲ,h ə ʔ ə d ə ʔ ə n ə tʲ,,Kondic2019,,false,^ h əʔə d əʔə n ə tʲ $,default
Juquila-14_nonot-1,,Juquila,14_nonot,kʲah,kʲah,kʲ a h,,Kondic2019,,false,^ kʲ a h $,default
Juquila-15_what-1,,Juquila,15_what,tiʔidəʔən,tiʔidəʔən,t i ʔ i d ə ʔ ə n,,Kondic2019,,false,^ t iʔi d əʔə n $,default
Juquila-16_who-1,,Juquila,16_who,pənədəʔən,pənədəʔən,p ə n ə d ə ʔ ə n,,Kondic2019,,false,^ p ə n ə d əʔə n $,default
Juquila-17_where-1,,Juquila,17_where,moʔodəʔən,moʔodəʔən,m o ʔ o d ə ʔ ə n,,Kondic2019,,false,^ m oʔo d əʔə n $,default
Juquila-18_when-1,,Juquila,18_when,naʔadəʔən,naʔadəʔən,n a ʔ a d ə ʔ ə n,,Kondic2019,,false,^ n aʔa d əʔə n $,default
Juquila-19_how-1,,Juquila,19_how,wiʔiʃədəʔən,wiʔiʃədəʔən,w i ʔ i ʃ ə d ə ʔ ə n,,Kondic2019,,false,^ w iʔi ʃ ə d əʔə n $,default
Juquila-20_this-1,,Juquila,20_this,jəʔədəʔən,jəʔədəʔən,j ə ʔ ə d ə ʔ ə n,,Kondic2019,,false,^ j əʔə d əʔə n $,default
Juquila-21_that-1,,Juquila,21_that,ʃiʔimədə,ʃiʔimədə,ʃ i ʔ i m ə d ə,,Kondic2019,,false,^ ʃ iʔi m ə d ə $,default
Juquila-23_above-1,,Juquila,23_above,nikəhʃp,nikəhʃp,n i k ə h ʃ p,,Kondic2019,,false,^ n i k ə h ʃ p $,default
Juquila-24_below-1,,Juquila,24_below,naʔaʃʲpʲ,naʔaʃʲpʲ,n a ʔ a ʃʲ pʲ,,Kondic2019,,false,^ n aʔa ʃʲ pʲ $,default
Juquila-25_ininside-1,,Juquila,25_ininside,təgoʔotʲ,təgoʔotʲ,t ə g o ʔ o tʲ,,Kondic2019,,false,^ t ə g oʔo tʲ $,default
Juquila-27_head-1,,Juquila,27_head,kuwahk,kuwahk,k u w a h k,,Kondic2019,,false,^ k u w a h k $,default
Juquila-28_hair-1,,Juquila,28_hair,waʔaj,waʔaj,w a ʔ a j,,Kondic2019,,false,^ w aʔa j $,default
Juquila-29_eye-1,,Juquila,29_eye,wiʔin,wiʔin,w i ʔ i n,,Kondic2019,,false,^ w iʔi n $,default
Juquila-30_nose-1,,Juquila,30_nose,həʔəhp,həʔəhp,h ə ʔ ə h p,,Kondic2019,,false,^ h əʔə h p $,default
Juquila-31_ear-1,,Juquila,31_ear,taʔatsk,taʔatsk,t a ʔ a ts k,,Kondic2019,,false,^ t aʔa ts k $,default
Juquila-32_mouth-1,,Juquila,32_mouth,aʔa,aʔa,a ʔ a,,Kondic2019,,false,^ aʔa $,default
Juquila-33_tongue-1,,Juquila,33_tongue,jaʔan,jaʔan,j a ʔ a n,,Kondic2019,,false,^ j aʔa n $,default
Juquila-34_tooth-1,,Juquila,34_tooth,təʔəts,təʔəts,t ə ʔ ə ts,,Kondic2019,,false,^ t əʔə ts $,default
Juquila-35_hand-1,,Juquila,35_hand,kəʔə,kəʔə,k ə ʔ ə,,Kondic2019,,false,^ k əʔə $,default
Juquila-36_shoulder-1,,Juquila,36_shoulder,kehkʲ,kehkʲ,k e h kʲ,,Kondic2019,,false,^ k e h kʲ $,default
Juquila-37_neck-1,,Juquila,37_neck,jokn,jokn,j o k n,,Kondic2019,,false,^ j o k n $,default
Juquila-38_back-1,,Juquila,38_back,həwahk,həwahk,h ə w a h k,,Kondic2019,,false,^ h ə w a h k $,default
Juquila-39_leg-1,,Juquila,39_leg,puʔuj,puʔuj,p u ʔ u j,,Kondic2019,,false,^ p uʔu j $,default
Juquila-40_blood-1,,Juquila,40_blood,neʔepʲ,neʔepʲ,n e ʔ e pʲ,,Kondic2019,,false,^ n eʔe pʲ $,default
Juquila-41_bone-1,,Juquila,41_bone,pahk,pahk,p a h k,,Kondic2019,,false,^ p a h k $,default
Juquila-42_skin-1,,Juquila,42_skin,niʔak,niʔak,n i ʔ a k,<ni-ʔak POSS1-skin 'my skin',Kondic2019,,false,^ n i ʔ a k $,default
Juquila-43_belly-1,,Juquila,43_belly,hot,hot,h o t,,Kondic2019,,false,^ h o t $,default
Juquila-44_intestines-1,,Juquila,44_intestines,tiʔintʲ,tiʔintʲ,t i ʔ i n tʲ,,Kondic2019,,false,^ t iʔi n tʲ $,default
Juquila-45_breast-1,,Juquila,45_breast,tsiʔitsk,tsiʔitsk,ts i ʔ i ts k,,Kondic2019,,false,^ ts iʔi ts k $,default
Juquila-46_liver-1,,Juquila,46_liver,hot,hot,h o t,,Kondic2019,,false,^ h o t $,default
Juquila-47_dog-1,,Juquila,47_dog,uk,uk,u k,,Kondic2019,,false,^ u k $,default
Juquila-48_bird-1,,Juquila,48_bird,hoʔon,hoʔon,h o ʔ o n,,Kondic2019,,false,^ h oʔo n $,default
Juquila-49_fish-1,,Juquila,49_fish,ahkʃ,ahkʃ,a h k ʃ,,Kondic2019,,false,^ a h k ʃ $,default
Juquila-50_snake-1,,Juquila,50_snake,tsaʔaɲ,tsaʔaɲ,ts a ʔ a ɲ,,Kondic2019,,false,^ ts aʔa ɲ $,default
Juquila-51_worm-1,,Juquila,51_worm,naʃtənəʔək,naʃtənəʔək,n a ʃ t ə n ə ʔ ə k,<naʃ-tənəʔək land-worm,Kondic2019,,false,^ n a ʃ t ə n əʔə k $,default
Juquila-52_louse-1,,Juquila,52_louse,at,at,a t,,Kondic2019,,false,^ a t $,default
Juquila-53_rat-1,,Juquila,53_rat,tsuk,tsuk,ts u k,,Kondic2019,,false,^ ts u k $,default
Juquila-54_spider-1,,Juquila,54_spider,poʔoʃʲpʲ,poʔoʃʲpʲ,p o ʔ o ʃʲ pʲ,,Kondic2019,,false,^ p oʔo ʃʲ pʲ $,default
Juquila-55_mosquito-1,,Juquila,55_mosquito,tsuktsuʔuŋ,tsuktsuʔuŋ,ts u k ts u ʔ u ŋ,,Kondic2019,,false,^ ts u k ts uʔu ŋ $,default
Juquila-56_egg-1,,Juquila,56_egg,tutsaʔa,tutsaʔa,t u ts a ʔ a,,Kondic2019,,false,^ t u ts aʔa $,default
Juquila-57_tail-1,,Juquila,57_tail,piʔiʃʲ,piʔiʃʲ,p i ʔ i ʃʲ,,Kondic2019,,false,^ p iʔi ʃʲ $,default
Juquila-58_wing-1,,Juquila,58_wing,kaʔakn,kaʔakn,k a ʔ a k n,,Kondic2019,,false,^ k aʔa k n $,default
Juquila-59_feather-1,,Juquila,59_feather,həʔəmk,həʔəmk,h ə ʔ ə m k,,Kondic2019,,false,^ h əʔə m k $,default
Juquila-61_man-1,,Juquila,61_man,jejtʲəhk,jejtʲəhk,j e j tʲ ə h k,,Kondic2019,,false,^ j e j tʲ ə h k $,default
Juquila-62_woman-1,,Juquila,62_woman,toʃtʲəhk,toʃtʲəhk,t o ʃ tʲ ə h k,,Kondic2019,,false,^ t o ʃ tʲ ə h k $,default
Juquila-63_child-1,,Juquila,63_child,miʃuʔuŋ,miʃuʔuŋ,m i ʃ u ʔ u ŋ,,Kondic2019,,false,^ m i ʃ uʔu ŋ $,default
Juquila-64_name-1,,Juquila,64_name,ʃəʔə,ʃəʔə,ʃ ə ʔ ə,,Kondic2019,,false,^ ʃ əʔə $,default
Juquila-65_mother-1,,Juquila,65_mother,taʔak,taʔak,t a ʔ a k,,Kondic2019,,false,^ t aʔa k $,default
Juquila-66_father-1,,Juquila,66_father,teʔetʲ,teʔetʲ,t e ʔ e tʲ,,Kondic2019,,false,^ t eʔe tʲ $,default
Juquila-67_husband-1,,Juquila,67_husband,ɲaʔaj,ɲaʔaj,ɲ a ʔ a j,<n-jaʔaj POSS1-person 'my husband',Kondic2019,,false,^ ɲ aʔa j $,default
Juquila-68_wife-1,,Juquila,68_wife,ɲidoʔoʃʲ,ɲidoʔoʃʲ,ɲ i d o ʔ o ʃʲ,<n-jidoʔoʃʲ POSS1-wife 'my wife',Kondic2019,,false,^ ɲ i d oʔo ʃʲ $,default
Juquila-69_day-1,,Juquila,69_day,ʃəʔəɲ,ʃəʔəɲ,ʃ ə ʔ ə ɲ,,Kondic2019,,false,^ ʃ əʔə ɲ $,default
Juquila-70_night-1,,Juquila,70_night,koʔots,koʔots,k o ʔ o ts,,Kondic2019,,false,^ k oʔo ts $,default
Juquila-71_moon-1,,Juquila,71_moon,poʔo,poʔo,p o ʔ o,,Kondic2019,,false,^ p oʔo $,default
Juquila-72_star-1,,Juquila,72_star,məʣaʔa,məʣaʔa,m ə <<ʣ>> a ʔ a,,Kondic2019,,false,^ m ə <ʣ> aʔa $,default
Juquila-73_sky-1,,Juquila,73_sky,tsahp,tsahp,ts a h p,,Kondic2019,,false,^ ts a h p $,default
Juquila-74_water-1,,Juquila,74_water,nəʔə,nəʔə,n ə ʔ ə,,Kondic2019,,false,^ n əʔə $,default
Juquila-76_sea-1,,Juquila,76_sea,hikmʲəh,hikmʲəh,h i k mʲ ə h,,Kondic2019,,false,^ h i k mʲ ə h $,default
Juquila-77_fire-1,,Juquila,77_fire,həʔən,həʔən,h ə ʔ ə n,,Kondic2019,,false,^ h əʔə n $,default
Juquila-78_smoke-1,,Juquila,78_smoke,hok,hok,h o k,,Kondic2019,,false,^ h o k $,default
Juquila-79_ash-1,,Juquila,79_ash,haʔam,haʔam,h a ʔ a m,,Kondic2019,,false,^ h aʔa m $,default
Juquila-80_stone-1,,Juquila,80_stone,tsaʔa,tsaʔa,ts a ʔ a,,Kondic2019,,false,^ ts aʔa $,default
Juquila-81_earthsoil-1,,Juquila,81_earthsoil,naʃ,naʃ,n a ʃ,,Kondic2019,,false,^ n a ʃ $,default
Juquila-82_dust-1,,Juquila,82_dust,puʔuʃ,puʔuʃ,p u ʔ u ʃ,,Kondic2019,,false,^ p uʔu ʃ $,default
Juquila-83_sand-1,,Juquila,83_sand,kaʔan,kaʔan,k a ʔ a n,,Kondic2019,,false,^ k aʔa n $,default
Juquila-84_rain-1,,Juquila,84_rain,tuʔu,tuʔu,t u ʔ u,,Kondic2019,,false,^ t uʔu $,default
Juquila-85_cloud-1,,Juquila,85_cloud,joʔots,joʔots,j o ʔ o ts,,Kondic2019,,false,^ j oʔo ts $,default
Juquila-86_wind-1,,Juquila,86_wind,poh,poh,p o h,,Kondic2019,,false,^ p o h $,default
Juquila-88_thunder-1,,Juquila,88_thunder,anaʔa,anaʔa,a n a ʔ a,,Kondic2019,,false,^ a n aʔa $,default
Juquila-89_lightning-1,,Juquila,89_lightning,həʣuk,həʣuk,h ə <<ʣ>> u k,,Kondic2019,,false,^ h ə <ʣ> u k $,default
Juquila-90_meatflesh-1,,Juquila,90_meatflesh,tsuʔutʲ,tsuʔutʲ,ts u ʔ u tʲ,,Kondic2019,,false,^ ts uʔu tʲ $,default
Juquila-93_fruit-1,,Juquila,93_fruit,uhtstəʔəmt,uhtstəʔəmt,u h ts t ə ʔ ə m t,,Kondic2019,,false,^ u h ts t əʔə m t $,default
Juquila-94_woodsforest-1,,Juquila,94_woodsforest,kopk,kopk,k o p k,,Kondic2019,,false,^ k o p k $,default
Juquila-95_root-1,,Juquila,95_root,aʔats,aʔats,a ʔ a ts,,Kondic2019,,false,^ aʔa ts $,default
Juquila-96_branch-1,,Juquila,96_branch,kepʲaʐeʔeɲk,kepʲaʐeʔeɲk,k e pʲ a <<ʐ>> e ʔ e ɲ k,,Kondic2019,,false,^ k e pʲ a <ʐ> eʔe ɲ k $,default
Juquila-97_leaf-1,,Juquila,97_leaf,uhtsʔaʔaj,uhtsʔaʔaj,u h ts ʔ a ʔ a j,,Kondic2019,,false,^ u h ts ʔ aʔa j $,default
Juquila-98_wood-1,,Juquila,98_wood,kepʲ,kepʲ,k e pʲ,,Kondic2019,,false,^ k e pʲ $,default
Juquila-99_grass-1,,Juquila,99_grass,uhts,uhts,u h ts,,Kondic2019,,false,^ u h ts $,default
Juquila-100_flower-1,,Juquila,100_flower,pəhʲ,pəhʲ,p ə hʲ,,Kondic2019,,false,^ p ə hʲ $,default
Juquila-101_thatchroof-1,,Juquila,101_thatchroof,məʔəj tʲəhk,məʔəj tʲəhk,m ə ʔ ə j + tʲ ə h k,<məʔəj j-təhk thatch POSS3-house 'house's thatch roof',Kondic2019,,false,^ m əʔə j + tʲ ə h k $,default
Juquila-102_house-1,,Juquila,102_house,təhk,təhk,t ə h k,,Kondic2019,,false,^ t ə h k $,default
Juquila-103_rope-1,,Juquila,103_rope,tehʃʲ,tehʃʲ,t e h ʃʲ,,Kondic2019,,false,^ t e h ʃʲ $,default
Juquila-105_roadpath-1,,Juquila,105_roadpath,tuʔu,tuʔu,t u ʔ u,,Kondic2019,,false,^ t uʔu $,default
Juquila-106_black-1,,Juquila,106_black,jək,jək,j ə k,,Kondic2019,,false,^ j ə k $,default
Juquila-107_white-1,,Juquila,107_white,poʔop,poʔop,p o ʔ o p,,Kondic2019,,false,^ p oʔo p $,default
Juquila-108_red-1,,Juquila,108_red,tsapts,tsapts,ts a p ts,,Kondic2019,,false,^ ts a p ts $,default
Juquila-109_green-1,,Juquila,109_green,tsuʃk,tsuʃk,ts u ʃ k,,Kondic2019,,false,^ ts u ʃ k $,default
Juquila-110_yellow-1,,Juquila,110_yellow,puʔuts,puʔuts,p u ʔ u ts,,Kondic2019,,false,^ p uʔu ts $,default
Juquila-111_big-1,,Juquila,111_big,məh,məh,m ə h,,Kondic2019,,false,^ m ə h $,default
Juquila-112_small-1,,Juquila,112_small,mutskuʃu,mutskuʃu,m u ts k u ʃ u,,Kondic2019,,false,^ m u ts k u ʃ u $,default
Juquila-113_long-1,,Juquila,113_long,jeɲ,jeɲ,j e ɲ,,Kondic2019,,false,^ j e ɲ $,default
Juquila-114_short-1,,Juquila,114_short,naʔaʃʲpʲ,naʔaʃʲpʲ,n a ʔ a ʃʲ pʲ,,Kondic2019,,false,^ n aʔa ʃʲ pʲ $,default
Juquila-114_short-2,,Juquila,114_short,muʔutsk,muʔutsk,m u ʔ u ts k,,Kondic2019,,false,^ m uʔu ts k $,default
Juquila-115_thick-1,,Juquila,115_thick,məh,məh,m ə h,,Kondic2019,,false,^ m ə h $,default
Juquila-116_thin-1,,Juquila,116_thin,pehʲ,pehʲ,p e hʲ,,Kondic2019,,false,^ p e hʲ $,default
Juquila-117_narrow-1,,Juquila,117_narrow,ʃuʔuts,ʃuʔuts,ʃ u ʔ u ts,,Kondic2019,,false,^ ʃ uʔu ts $,default
Juquila-118_wide-1,,Juquila,118_wide,woʔoj,woʔoj,w o ʔ o j,,Kondic2019,,false,^ w oʔo j $,default
Juquila-119_sharp-1,,Juquila,119_sharp,həhpeʃʲ,həhpeʃʲ,h ə h p e ʃʲ,,Kondic2019,,false,^ h ə h p e ʃʲ $,default
Juquila-120_bluntdull-1,,Juquila,120_bluntdull,kəpʲəhp,kəpʲəhp,k ə pʲ ə h p,,Kondic2019,,false,^ k ə pʲ ə h p $,default
Juquila-121_shyashamed-1,,Juquila,121_shyashamed,tsotʲuʔump,tsotʲuʔump,ts o tʲ u ʔ u m p,,Kondic2019,,false,^ ts o tʲ uʔu m p $,default
Juquila-122_old-1,,Juquila,122_old,məhaʔaj,məhaʔaj,m ə h a ʔ a j,,Kondic2019,,false,^ m ə h aʔa j $,default
Juquila-123_painfulsick-1,,Juquila,123_painfulsick,adoʔomp,adoʔomp,a d o ʔ o m p,,Kondic2019,,false,^ a d oʔo m p $,default
Juquila-124_good-1,,Juquila,124_good,oj,oj,o j,,Kondic2019,,false,^ o j $,default
Juquila-125_bad-1,,Juquila,125_bad,aʐəkaʔaj,aʐəkaʔaj,a <<ʐ>> ə k a ʔ a j,,Kondic2019,,false,^ a <ʐ> ə k aʔa j $,default
Juquila-126_correcttrue-1,,Juquila,126_correcttrue,təjahndəʔən,təjahndəʔən,t ə j a h n d ə ʔ ə n,,Kondic2019,,false,^ t ə j a h n d əʔə n $,default
Juquila-127_dirty-1,,Juquila,127_dirty,aʐəʔək,aʐəʔək,a <<ʐ>> ə ʔ ə k,,Kondic2019,,false,^ a <ʐ> əʔə k $,default
Juquila-128_rotten-1,,Juquila,128_rotten,puʔuts,puʔuts,p u ʔ u ts,,Kondic2019,,false,^ p uʔu ts $,default
Juquila-129_all-1,,Juquila,129_all,niʔamukə,niʔamukə,n i ʔ a m u k ə,,Kondic2019,,false,^ n i ʔ a m u k ə $,default
Juquila-130_heavy-1,,Juquila,130_heavy,heʔemtʲ,heʔemtʲ,h e ʔ e m tʲ,,Kondic2019,,false,^ h eʔe m tʲ $,default
Juquila-131_far-1,,Juquila,131_far,hagam,hagam,h a g a m,,Kondic2019,,false,^ h a g a m $,default
Juquila-132_near-1,,Juquila,132_near,wingon,wingon,w i n g o n,,Kondic2019,,false,^ w i n g o n $,default
Juquila-134_cold-1,,Juquila,134_cold,ʃuhʃp,ʃuhʃp,ʃ u h ʃ p,,Kondic2019,,false,^ ʃ u h ʃ p $,default
Juquila-135_dry-1,,Juquila,135_dry,tətsp,tətsp,t ə ts p,<təts-p dry-GR 'dries',Kondic2019,,false,^ t ə ts p $,default
Juquila-136_wet-1,,Juquila,136_wet,ʃoʔok,ʃoʔok,ʃ o ʔ o k,,Kondic2019,,false,^ ʃ oʔo k $,default
Juquila-137_new-1,,Juquila,137_new,hem,hem,h e m,,Kondic2019,,false,^ h e m $,default
Juquila-138_other-1,,Juquila,138_other,wingpə,wingpə,w i n g p ə,,Kondic2019,,false,^ w i n g p ə $,default
Juquila-139_come-1,,Juquila,139_come,haʔahtp,haʔahtp,h a ʔ a h t p,<haʔaht-p come-GR 'comes',Kondic2019,,false,^ h aʔa h t p $,default
Juquila-140_walk-1,,Juquila,140_walk,joʔoj,joʔoj,j o ʔ o j,<joʔoj PAST 3SG,Kondic2019,,false,^ j oʔo j $,default
Juquila-142_stand-1,,Juquila,142_stand,taʔanə,taʔanə,t a ʔ a n ə,<taʔan-ə stand-IMP 'stand!',Kondic2019,,false,^ t aʔa n ə $,default
Juquila-143_sit-1,,Juquila,143_sit,uʔuɲə,uʔuɲə,u ʔ u ɲ ə,<uʔuɲ-ə sit-IMP 'sit!',Kondic2019,,false,^ uʔu ɲ ə $,default
Juquila-144_fall-1,,Juquila,144_fall,kədaʔap,kədaʔap,k ə d a ʔ a p,<kədaʔa-p fall-GR 'falls',Kondic2019,,false,^ k ə d aʔa p $,default
Juquila-145_liedown-1,,Juquila,145_liedown,najoʔkəm,najoʔkəm,n a j o ʔ k ə m,<najoʔk-əm liedown-GR 'lies down',Kondic2019,,false,^ n a j o ʔ k ə m $,default
Juquila-146_turn-1,,Juquila,146_turn,kohəmbət,kohəmbət,k o h ə m b ə t,<ko-həmb-ət head-turn-PAST 'turn the head',Kondic2019,,false,^ k o h ə m b ə t $,default
Juquila-147_climb-1,,Juquila,147_climb,bahtəm,bahtəm,b a h t ə m,<n-paht-əm 1A-climb-GR 'I climb',Kondic2019,,false,^ b a h t ə m $,default
Juquila-148_swim-1,,Juquila,148_swim,nəgəjaʔajəp,nəgəjaʔajəp,n ə g ə j a ʔ a j ə p,<nə-gəjaʔaj-əp water-swim?-GR 'swims',Kondic2019,,false,^ n ə g ə j aʔa j ə p $,default
Juquila-149_flyverb-1,,Juquila,149_flyverb,kaʔagədihtp,kaʔagədihtp,k a ʔ a g ə d i h t p,<kaʔakə-diht-p wing-fly-GR 'flies',Kondic2019,,false,^ k aʔa g ə d i h t p $,default
Juquila-150_throw-1,,Juquila,150_throw,gaʔtsəm,gaʔtsəm,g a ʔ ts ə m,<n-kaʔts-əm 1A-throw-GR 'I throw',Kondic2019,,false,^ g a ʔ ts ə m $,default
Juquila-151_hide-1,,Juquila,151_hide,najuʔutsəm,najuʔutsəm,n a j u ʔ u ts ə m,<na-juʔuts-əm 1A-hide-GR 'I hide',Kondic2019,,false,^ n a j uʔu ts ə m $,default
Juquila-153_eat-1,,Juquila,153_eat,kaʔap,kaʔap,k a ʔ a p,<kaʔa-p eat-GR 'eats',Kondic2019,,false,^ k aʔa p $,default
Juquila-154_drink-1,,Juquila,154_drink,ukəm,ukəm,u k ə m,<uk-əm drink-GR 'drinks',Kondic2019,,false,^ u k ə m $,default
Juquila-157_yawn-1,,Juquila,157_yawn,maʔajagahəm,maʔajagahəm,m a ʔ a j a g a h ə m,<maʔaj-agah-əm sleep-yawn-GR 'yawns',Kondic2019,,false,^ m aʔa j a g a h ə m $,default
Juquila-158_spit-1,,Juquila,158_spit,tsuhp,tsuhp,ts u h p,<tsuh-p spit-GR 'spits',Kondic2019,,false,^ ts u h p $,default
Juquila-159_dream-1,,Juquila,159_dream,gumaʔajəm,gumaʔajəm,g u m a ʔ a j ə m,<n-ku-maʔaj-əm 1A-head?-dream-GR 'I dream',Kondic2019,,false,^ g u m aʔa j ə m $,default
Juquila-160_sleep-1,,Juquila,160_sleep,maʔajəm,maʔajəm,m a ʔ a j ə m,<maʔaj-əm sleep-GR 'sleeps',Kondic2019,,false,^ m aʔa j ə m $,default
Juquila-161_live-1,,Juquila,161_live,higjahtən,higjahtən,h i g j a h t ə n,<life,Kondic2019,,false,^ h i g j a h t ə n $,default
Juquila-162_die-1,,Juquila,162_die,oʔokp,oʔokp,o ʔ o k p,<oʔok-p die-GR 'dies',Kondic2019,,false,^ oʔo k p $,default
Juquila-163_kill-1,,Juquila,163_kill,jaʔoʔokp,jaʔoʔokp,j a ʔ o ʔ o k p,<jaʔ-oʔok-p CAUS-die-GR 'kills',Kondic2019,,false,^ j a ʔ oʔo k p $,default
Juquila-164_see-1,,Juquila,164_see,ihʃəm,ihʃəm,i h ʃ ə m,<ihʃ-əm see-GR 'sees',Kondic2019,,false,^ i h ʃ ə m $,default
Juquila-165_hear-1,,Juquila,165_hear,mdoʔohəm,mdoʔohəm,m d o ʔ o h ə m,<mdoʔoh-əm hear-GR 'hears',Kondic2019,,false,^ m d oʔo h ə m $,default
Juquila-166_sniffsmell-1,,Juquila,166_sniffsmell,ʃuʔukum,ʃuʔukum,ʃ u ʔ u k u m,<ʃuʔuk-um sniff-GR 'smells',Kondic2019,,false,^ ʃ uʔu k u m $,default
Juquila-169_laugh-1,,Juquila,169_laugh,ʃikəm,ʃikəm,ʃ i k ə m,<ʃik-əm laugh-GR 'laughs',Kondic2019,,false,^ ʃ i k ə m $,default
Juquila-170_cry-1,,Juquila,170_cry,hiʔip,hiʔip,h i ʔ i p,IMP,Kondic2019,,false,^ h iʔi p $,default
Juquila-171_blow-1,,Juquila,171_blow,həmbahp,həmbahp,h ə m b a h p,<həmbah-p blow-GR 'blows',Kondic2019,,false,^ h ə m b a h p $,default
Juquila-172_burn-1,,Juquila,172_burn,teʔep,teʔep,t e ʔ e p,,Kondic2019,,false,^ t eʔe p $,default
Juquila-174_sew-1,,Juquila,174_sew,ʃiʔipʲ,ʃiʔipʲ,ʃ i ʔ i pʲ,<ʃiʔi-pʲ sew-GR 'sews',Kondic2019,,false,^ ʃ iʔi pʲ $,default
Juquila-175_pound-1,,Juquila,175_pound,gapawdihtəm,gapawdihtəm,g a p a w d i h t ə m,<n-kapawdiht-əm 1A-pound-GR 'I pound',Kondic2019,,false,^ g a p a w d i h t ə m $,default
Juquila-176_hit-1,,Juquila,176_hit,wohp,wohp,w o h p,<woh-p hit-GR 'hits',Kondic2019,,false,^ w o h p $,default
Juquila-177_cut-1,,Juquila,177_cut,potp,potp,p o t p,<pot-p cut-GR 'cuts',Kondic2019,,false,^ p o t p $,default
Juquila-178_split-1,,Juquila,178_split,niʔawakʃəm,niʔawakʃəm,n i ʔ a w a k ʃ ə m,<ni-ʔawakʃ-əm 1A-split-GR 'I split',Kondic2019,,false,^ n i ʔ a w a k ʃ ə m $,default
Juquila-179_dig-1,,Juquila,179_dig,pahp,pahp,p a h p,<pah-p dig-GR 'digs',Kondic2019,,false,^ p a h p $,default
Juquila-180_hunt-1,,Juquila,180_hunt,tuhp,tuhp,t u h p,<tuh-p hunt-GR 'hunts',Kondic2019,,false,^ t u h p $,default
Juquila-181_hold-1,,Juquila,181_hold,kəʔəhotʲmədahtəm,kəʔəhotʲmədahtəm,k ə ʔ ə h o tʲ m ə d a h t ə m,<kəʔə-hotʲ-mədaht-əm hand-at-hold-GR 'holds (in his hand)',Kondic2019,,false,^ k əʔə h o tʲ m ə d a h t ə m $,default
Juquila-182_fear-1,,Juquila,182_fear,ʣəkəm,ʣəkəm,<<ʣ>> ə k ə m,<n-tsəkəm 'I fear',Kondic2019,,false,^ <ʣ> ə k ə m $,default
Juquila-183_count-1,,Juquila,183_count,matʲoʔohəm,matʲoʔohəm,m a tʲ o ʔ o h ə m,<matʲoʔoh-əm count-GR 'counts',Kondic2019,,false,^ m a tʲ oʔo h ə m $,default
Juquila-184_breathe-1,,Juquila,184_breathe,ʃahp,ʃahp,ʃ a h p,<ʃah-p breath-GR 'breaths',Kondic2019,,false,^ ʃ a h p $,default
Juquila-185_vomit-1,,Juquila,185_vomit,əʔətsə,əʔətsə,ə ʔ ə ts ə,IMP,Kondic2019,,false,^ əʔə ts ə $,default
Juquila-186_tieup-1,,Juquila,186_tieup,ʃohtsp,ʃohtsp,ʃ o h ts p,<ʃohts-p tieup-GR 'ties up',Kondic2019,,false,^ ʃ o h ts p $,default
Juquila-187_squeeze-1,,Juquila,187_squeeze,maʔatsəm,maʔatsəm,m a ʔ a ts ə m,<maʔats-əm squeeze-GR 'squeezes',Kondic2019,,false,^ m aʔa ts ə m $,default
Juquila-188_swell-1,,Juquila,188_swell,kiʃp,kiʃp,k i ʃ p,<kiʃ-p swell-GR 'swells',Kondic2019,,false,^ k i ʃ p $,default
Juquila-189_say-1,,Juquila,189_say,kahʃp,kahʃp,k a h ʃ p,<kahʃ-p say-GR 'says',Kondic2019,,false,^ k a h ʃ p $,default
Juquila-190_scratch-1,,Juquila,190_scratch,aʔaʃp,aʔaʃp,a ʔ a ʃ p,<aʔaʃ-p scratch-GR 'scratches',Kondic2019,,false,^ aʔa ʃ p $,default
Juquila-191_stab-1,,Juquila,191_stab,kuʔump,kuʔump,k u ʔ u m p,<kuʔum-p stab-GR 'stabs',Kondic2019,,false,^ k uʔu m p $,default
Juquila-192_buy-1,,Juquila,192_buy,hiʔipʲ,hiʔipʲ,h i ʔ i pʲ,<hiʔi-pʲ buy-GR 'buys',Kondic2019,,false,^ h iʔi pʲ $,default
Juquila-193_steal-1,,Juquila,193_steal,maʔtsp,maʔtsp,m a ʔ ts p,<maʔts-p steal-GR 'steals',Kondic2019,,false,^ m a ʔ ts p $,default
Juquila-195_plant-1,,Juquila,195_plant,kohp,kohp,k o h p,koh-p plant-GR 'plants',Kondic2019,,false,^ k o h p $,default
Juquila-196_cook-1,,Juquila,196_cook,toʃojtʲuʔum,toʃojtʲuʔum,t o ʃ o j tʲ u ʔ u m,<toʃ-ojtʲuʔum food-prepare 'prepare food',Kondic2019,,false,^ t o ʃ o j tʲ uʔu m $,default
Juquila-198_work-1,,Juquila,198_work,tuʔump,tuʔump,t u ʔ u m p,<tuʔun-p work-GR 'works',Kondic2019,,false,^ t uʔu m p $,default
Juquila-199_open-1,,Juquila,199_open,awatsp,awatsp,a w a ts p,<awats-p open-GR 'opens',Kondic2019,,false,^ a w a ts p $,default
Nizaviguiti-1_one-1,,Nizaviguiti,1_one,tuʔuk,tuʔuk,t u ʔ u k,,Kondic2019,,false,^ t uʔu k $,default
Nizaviguiti-2_two-1,,Nizaviguiti,2_two,mahtsk,mahtsk,m a h ts k,,Kondic2019,,false,^ m a h ts k $,default
Nizaviguiti-3_three-1,,Nizaviguiti,3_three,təgəʔək,təgəʔək,t ə g ə ʔ ə k,,Kondic2019,,false,^ t ə g əʔə k $,default
Nizaviguiti-4_four-1,,Nizaviguiti,4_four,məktaʃk,məktaʃk,m ə k t a ʃ k,,Kondic2019,,false,^ m ə k t a ʃ k $,default
Nizaviguiti-5_year-1,,Nizaviguiti,5_year,həməht,həməht,h ə m ə h t,,Kondic2019,,false,^ h ə m ə h t $,default
Nizaviguiti-6_right-1,,Nizaviguiti,6_right,aʔoj,aʔoj,a ʔ o j,,Kondic2019,,false,^ a ʔ o j $,default
Nizaviguiti-7_left-1,,Nizaviguiti,7_left,anaʔah,anaʔah,a n a ʔ a h,,Kondic2019,,false,^ a n aʔa h $,default
Nizaviguiti-8_i-1,,Nizaviguiti,8_i,əhts,əhts,ə h ts,,Kondic2019,,false,^ ə h ts $,default
Nizaviguiti-10_weallincl-1,,Nizaviguiti,10_weallincl,əhtstəm,əhtstəm,ə h ts t ə m,,Kondic2019,,false,^ ə h ts t ə m $,default
Nizaviguiti-11_yousg-1,,Nizaviguiti,11_yousg,mihts,mihts,m i h ts,,Kondic2019,,false,^ m i h ts $,default
Nizaviguiti-12_heshe-1,,Nizaviguiti,12_heshe,jəʔə,jəʔə,j ə ʔ ə,,Kondic2019,,false,^ j əʔə $,default
Nizaviguiti-13_theyall-1,,Nizaviguiti,13_theyall,haʔaj,haʔaj,h a ʔ a j,,Kondic2019,,false,^ h aʔa j $,default
Nizaviguiti-14_nonot-1,,Nizaviguiti,14_nonot,ndi,ndi,n d i,,Kondic2019,,false,^ n d i $,default
Nizaviguiti-15_what-1,,Nizaviguiti,15_what,ti,ti,t i,,Kondic2019,,false,^ t i $,default
Nizaviguiti-16_who-1,,Nizaviguiti,16_who,pən,pən,p ə n,,Kondic2019,,false,^ p ə n $,default
Nizaviguiti-17_where-1,,Nizaviguiti,17_where,taɲəhʃn,taɲəhʃn,t a ɲ ə h ʃ n,,Kondic2019,,false,^ t a ɲ ə h ʃ n $,default
Nizaviguiti-18_when-1,,Nizaviguiti,18_when,juʔun,juʔun,j u ʔ u n,,Kondic2019,,false,^ j uʔu n $,default
Nizaviguiti-19_how-1,,Nizaviguiti,19_how,joʔojpə,joʔojpə,j o ʔ o j p ə,,Kondic2019,,false,^ j oʔo j p ə $,default
Nizaviguiti-20_this-1,,Nizaviguiti,20_this,jaʔats,jaʔats,j a ʔ a ts,,Kondic2019,,false,^ j aʔa ts $,default
Nizaviguiti-21_that-1,,Nizaviguiti,21_that,itagohaʔaj,itagohaʔaj,i t a g o h a ʔ a j,,Kondic2019,,false,^ i t a g o h aʔa j $,default
Nizaviguiti-22_and-1,,Nizaviguiti,22_and,nəhʃnəts,nəhʃnəts,n ə h ʃ n ə ts,,Kondic2019,,false,^ n ə h ʃ n ə ts $,default
Nizaviguiti-23_above-1,,Nizaviguiti,23_above,matspits,matspits,m a ts p i ts,,Kondic2019,,false,^ m a ts p i ts $,default
Nizaviguiti-24_below-1,,Nizaviguiti,24_below,naʔaʃʲpʲ,naʔaʃʲpʲ,n a ʔ a ʃʲ pʲ,,Kondic2019,,false,^ n aʔa ʃʲ pʲ $,default
Nizaviguiti-25_ininside-1,,Nizaviguiti,25_ininside,təgotʲ,təgotʲ,t ə g o tʲ,,Kondic2019,,false,^ t ə g o tʲ $,default
Nizaviguiti-26_at-1,,Nizaviguiti,26_at,maʔam tsəʔən,maʔam tsəʔən,m a ʔ a m + ts ə ʔ ə n,,Kondic2019,,false,^ m aʔa m + ts əʔə n $,default
Nizaviguiti-27_head-1,,Nizaviguiti,27_head,kuwahk,kuwahk,k u w a h k,,Kondic2019,,false,^ k u w a h k $,default
Nizaviguiti-28_hair-1,,Nizaviguiti,28_hair,kuwaj,kuwaj,k u w a j,<ku-waj head-hair,Kondic2019,,false,^ k u w a j $,default
Nizaviguiti-29_eye-1,,Nizaviguiti,29_eye,windəkʃp,windəkʃp,w i n d ə k ʃ p,,Kondic2019,,false,^ w i n d ə k ʃ p $,default
Nizaviguiti-30_nose-1,,Nizaviguiti,30_nose,həhp,həhp,h ə h p,,Kondic2019,,false,^ h ə h p $,default
Nizaviguiti-31_ear-1,,Nizaviguiti,31_ear,tatsk,tatsk,t a ts k,,Kondic2019,,false,^ t a ts k $,default
Nizaviguiti-32_mouth-1,,Nizaviguiti,32_mouth,aʔaw,aʔaw,a ʔ a w,,Kondic2019,,false,^ aʔa w $,default
Nizaviguiti-33_tongue-1,,Nizaviguiti,33_tongue,ijan,ijan,i j a n,,Kondic2019,,false,^ i j a n $,default
Nizaviguiti-34_tooth-1,,Nizaviguiti,34_tooth,təts,təts,t ə ts,,Kondic2019,,false,^ t ə ts $,default
Nizaviguiti-35_hand-1,,Nizaviguiti,35_hand,kəʔə,kəʔə,k ə ʔ ə,,Kondic2019,,false,^ k əʔə $,default
Nizaviguiti-36_shoulder-1,,Nizaviguiti,36_shoulder,kakna,kakna,k a k n a,,Kondic2019,,false,^ k a k n a $,default
Nizaviguiti-37_neck-1,,Nizaviguiti,37_neck,jokt,jokt,j o k t,,Kondic2019,,false,^ j o k t $,default
Nizaviguiti-38_back-1,,Nizaviguiti,38_back,həʔəʃk,həʔəʃk,h ə ʔ ə ʃ k,,Kondic2019,,false,^ h əʔə ʃ k $,default
Nizaviguiti-39_leg-1,,Nizaviguiti,39_leg,puʔuj,puʔuj,p u ʔ u j,,Kondic2019,,false,^ p uʔu j $,default
Nizaviguiti-40_blood-1,,Nizaviguiti,40_blood,nepɲ,nepɲ,n e p ɲ,,Kondic2019,,false,^ n e p ɲ $,default
Nizaviguiti-41_bone-1,,Nizaviguiti,41_bone,pahk,pahk,p a h k,,Kondic2019,,false,^ p a h k $,default
Nizaviguiti-42_skin-1,,Nizaviguiti,42_skin,nəʔak,nəʔak,n ə ʔ a k,<nə-ʔak POSS1-skin 'my skin',Kondic2019,,false,^ n ə ʔ a k $,default
Nizaviguiti-43_belly-1,,Nizaviguiti,43_belly,moʃ,moʃ,m o ʃ,,Kondic2019,,false,^ m o ʃ $,default
Nizaviguiti-44_intestines-1,,Nizaviguiti,44_intestines,tintʲ,tintʲ,t i n tʲ,,Kondic2019,,false,^ t i n tʲ $,default
Nizaviguiti-45_breast-1,,Nizaviguiti,45_breast,tsitsk,tsitsk,ts i ts k,,Kondic2019,,false,^ ts i ts k $,default
Nizaviguiti-46_liver-1,,Nizaviguiti,46_liver,maʔats,maʔats,m a ʔ a ts,,Kondic2019,,false,^ m aʔa ts $,default
Nizaviguiti-47_dog-1,,Nizaviguiti,47_dog,uk,uk,u k,,Kondic2019,,false,^ u k $,default
Nizaviguiti-48_bird-1,,Nizaviguiti,48_bird,juhkuŋ,juhkuŋ,j u h k u ŋ,,Kondic2019,,false,^ j u h k u ŋ $,default
Nizaviguiti-49_fish-1,,Nizaviguiti,49_fish,akʔ,akʔ,a k ʔ,,Kondic2019,,false,^ a k ʔ $,default
Nizaviguiti-50_snake-1,,Nizaviguiti,50_snake,tsaʔaɲ,tsaʔaɲ,ts a ʔ a ɲ,,Kondic2019,,false,^ ts aʔa ɲ $,default
Nizaviguiti-51_worm-1,,Nizaviguiti,51_worm,tenəʔək,tenəʔək,t e n ə ʔ ə k,,Kondic2019,,false,^ t e n əʔə k $,default
Nizaviguiti-52_louse-1,,Nizaviguiti,52_louse,aʔatk,aʔatk,a ʔ a t k,,Kondic2019,,false,^ aʔa t k $,default
Nizaviguiti-53_rat-1,,Nizaviguiti,53_rat,tsuk,tsuk,ts u k,,Kondic2019,,false,^ ts u k $,default
Nizaviguiti-54_spider-1,,Nizaviguiti,54_spider,tsaʔakʃ,tsaʔakʃ,ts a ʔ a k ʃ,,Kondic2019,,false,^ ts aʔa k ʃ $,default
Nizaviguiti-55_mosquito-1,,Nizaviguiti,55_mosquito,tsukts,tsukts,ts u k ts,,Kondic2019,,false,^ ts u k ts $,default
Nizaviguiti-56_egg-1,,Nizaviguiti,56_egg,ʃuntsaʔa,ʃuntsaʔa,ʃ u n ts a ʔ a,,Kondic2019,,false,^ ʃ u n ts aʔa $,default
Nizaviguiti-57_tail-1,,Nizaviguiti,57_tail,piʔiʃʲ,piʔiʃʲ,p i ʔ i ʃʲ,,Kondic2019,,false,^ p iʔi ʃʲ $,default
Nizaviguiti-58_wing-1,,Nizaviguiti,58_wing,kaʔaknə,kaʔaknə,k a ʔ a k n ə,,Kondic2019,,false,^ k aʔa k n ə $,default
Nizaviguiti-59_feather-1,,Nizaviguiti,59_feather,pəhk,pəhk,p ə h k,,Kondic2019,,false,^ p ə h k $,default
Nizaviguiti-60_person-1,,Nizaviguiti,60_person,haʔaj,haʔaj,h a ʔ a j,,Kondic2019,,false,^ h aʔa j $,default
Nizaviguiti-61_man-1,,Nizaviguiti,61_man,jatʲəhk,jatʲəhk,j a tʲ ə h k,,Kondic2019,,false,^ j a tʲ ə h k $,default
Nizaviguiti-62_woman-1,,Nizaviguiti,62_woman,toʔoʃʲ,toʔoʃʲ,t o ʔ o ʃʲ,,Kondic2019,,false,^ t oʔo ʃʲ $,default
Nizaviguiti-63_child-1,,Nizaviguiti,63_child,nakoŋ,nakoŋ,n a k o ŋ,,Kondic2019,,false,^ n a k o ŋ $,default
Nizaviguiti-64_name-1,,Nizaviguiti,64_name,hajʃʲəʔəw,hajʃʲəʔəw,h a j ʃʲ ə ʔ ə w,<haj-j-ʃəʔəw ?-3POSS-name 'his name?',Kondic2019,,false,^ h a j ʃʲ əʔə w $,default
Nizaviguiti-65_mother-1,,Nizaviguiti,65_mother,naʔan,naʔan,n a ʔ a n,,Kondic2019,,false,^ n aʔa n $,default
Nizaviguiti-66_father-1,,Nizaviguiti,66_father,ndat,ndat,n d a t,<n-tat 1POSS-father 'my father',Kondic2019,,false,^ n d a t $,default
Nizaviguiti-67_husband-1,,Nizaviguiti,67_husband,maʔaməh,maʔaməh,m a ʔ a m ə h,,Kondic2019,,false,^ m aʔa m ə h $,default
Nizaviguiti-68_wife-1,,Nizaviguiti,68_wife,nedoʔoxʲ,nedoʔoxʲ,n e d o ʔ o x <<ʲ>>,<ne-toʔoxʲ 1POSS-woman 'my woman',Kondic2019,,false,^ n e d oʔo x <ʲ> $,default
Nizaviguiti-69_day-1,,Nizaviguiti,69_day,ʃəʔəɲ,ʃəʔəɲ,ʃ ə ʔ ə ɲ,,Kondic2019,,false,^ ʃ əʔə ɲ $,default
Nizaviguiti-70_night-1,,Nizaviguiti,70_night,koʔots,koʔots,k o ʔ o ts,,Kondic2019,,false,^ k oʔo ts $,default
Nizaviguiti-71_moon-1,,Nizaviguiti,71_moon,poʔo,poʔo,p o ʔ o,,Kondic2019,,false,^ p oʔo $,default
Nizaviguiti-72_star-1,,Nizaviguiti,72_star,məʣaʔa,məʣaʔa,m ə <<ʣ>> a ʔ a,,Kondic2019,,false,^ m ə <ʣ> aʔa $,default
Nizaviguiti-73_sky-1,,Nizaviguiti,73_sky,tsahp,tsahp,ts a h p,,Kondic2019,,false,^ ts a h p $,default
Nizaviguiti-74_water-1,,Nizaviguiti,74_water,nəʔə,nəʔə,n ə ʔ ə,,Kondic2019,,false,^ n əʔə $,default
Nizaviguiti-76_sea-1,,Nizaviguiti,76_sea,meh,meh,m e h,,Kondic2019,,false,^ m e h $,default
Nizaviguiti-77_fire-1,,Nizaviguiti,77_fire,kəjahpən,kəjahpən,k ə j a h p ə n,,Kondic2019,,false,^ k ə j a h p ə n $,default
Nizaviguiti-78_smoke-1,,Nizaviguiti,78_smoke,hohkp,hohkp,h o h k p,,Kondic2019,,false,^ h o h k p $,default
Nizaviguiti-79_ash-1,,Nizaviguiti,79_ash,haʔam,haʔam,h a ʔ a m,,Kondic2019,,false,^ h aʔa m $,default
Nizaviguiti-80_stone-1,,Nizaviguiti,80_stone,tsaʔa,tsaʔa,ts a ʔ a,,Kondic2019,,false,^ ts aʔa $,default
Nizaviguiti-81_earthsoil-1,,Nizaviguiti,81_earthsoil,naʃ,naʃ,n a ʃ,,Kondic2019,,false,^ n a ʃ $,default
Nizaviguiti-82_dust-1,,Nizaviguiti,82_dust,naʃhok,naʃhok,n a ʃ h o k,,Kondic2019,,false,^ n a ʃ h o k $,default
Nizaviguiti-83_sand-1,,Nizaviguiti,83_sand,puʔu,puʔu,p u ʔ u,,Kondic2019,,false,^ p uʔu $,default
Nizaviguiti-84_rain-1,,Nizaviguiti,84_rain,tuʔuw,tuʔuw,t u ʔ u w,,Kondic2019,,false,^ t uʔu w $,default
Nizaviguiti-85_cloud-1,,Nizaviguiti,85_cloud,nəmaʔa,nəmaʔa,n ə m a ʔ a,,Kondic2019,,false,^ n ə m aʔa $,default
Nizaviguiti-86_wind-1,,Nizaviguiti,86_wind,poh,poh,p o h,,Kondic2019,,false,^ p o h $,default
Nizaviguiti-87_fog-1,,Nizaviguiti,87_fog,ʃuʃ,ʃuʃ,ʃ u ʃ,,Kondic2019,,false,^ ʃ u ʃ $,default
Nizaviguiti-88_thunder-1,,Nizaviguiti,88_thunder,kəməʔəmp,kəməʔəmp,k ə m ə ʔ ə m p,,Kondic2019,,false,^ k ə m əʔə m p $,default
Nizaviguiti-89_lightning-1,,Nizaviguiti,89_lightning,wiʣuk,wiʣuk,w i <<ʣ>> u k,,Kondic2019,,false,^ w i <ʣ> u k $,default
Nizaviguiti-90_meatflesh-1,,Nizaviguiti,90_meatflesh,tsuʔutʲ,tsuʔutʲ,ts u ʔ u tʲ,,Kondic2019,,false,^ ts uʔu tʲ $,default
Nizaviguiti-91_salt-1,,Nizaviguiti,91_salt,kaʔan,kaʔan,k a ʔ a n,,Kondic2019,,false,^ k aʔa n $,default
Nizaviguiti-92_fatgrease-1,,Nizaviguiti,92_fatgrease,on,on,o n,,Kondic2019,,false,^ o n $,default
Nizaviguiti-93_fruit-1,,Nizaviguiti,93_fruit,uʃtsaʔam,uʃtsaʔam,u ʃ ts a ʔ a m,,Kondic2019,,false,^ u ʃ ts aʔa m $,default
Nizaviguiti-94_woodsforest-1,,Nizaviguiti,94_woodsforest,kopk,kopk,k o p k,,Kondic2019,,false,^ k o p k $,default
Nizaviguiti-95_root-1,,Nizaviguiti,95_root,aʔats,aʔats,a ʔ a ts,,Kondic2019,,false,^ aʔa ts $,default
Nizaviguiti-96_branch-1,,Nizaviguiti,96_branch,ʃan,ʃan,ʃ a n,,Kondic2019,,false,^ ʃ a n $,default
Nizaviguiti-97_leaf-1,,Nizaviguiti,97_leaf,uhtsʔaʔaj,uhtsʔaʔaj,u h ts ʔ a ʔ a j,,Kondic2019,,false,^ u h ts ʔ aʔa j $,default
Nizaviguiti-99_grass-1,,Nizaviguiti,99_grass,uhts,uhts,u h ts,,Kondic2019,,false,^ u h ts $,default
Nizaviguiti-100_flower-1,,Nizaviguiti,100_flower,pəhʲ,pəhʲ,p ə hʲ,,Kondic2019,,false,^ p ə hʲ $,default
Nizaviguiti-101_thatchroof-1,,Nizaviguiti,101_thatchroof,məʔəj,məʔəj,m ə ʔ ə j,,Kondic2019,,false,^ m əʔə j $,default
Nizaviguiti-102_house-1,,Nizaviguiti,102_house,təhk,təhk,t ə h k,,Kondic2019,,false,^ t ə h k $,default
Nizaviguiti-103_rope-1,,Nizaviguiti,103_rope,paʔam,paʔam,p a ʔ a m,,Kondic2019,,false,^ p aʔa m $,default
Nizaviguiti-104_needle-1,,Nizaviguiti,104_needle,ʃuʔuɲ,ʃuʔuɲ,ʃ u ʔ u ɲ,,Kondic2019,,false,^ ʃ uʔu ɲ $,default
Nizaviguiti-105_roadpath-1,,Nizaviguiti,105_roadpath,tuʔu,tuʔu,t u ʔ u,,Kondic2019,,false,^ t uʔu $,default
Nizaviguiti-106_black-1,,Nizaviguiti,106_black,jək,jək,j ə k,,Kondic2019,,false,^ j ə k $,default
Nizaviguiti-107_white-1,,Nizaviguiti,107_white,poʔop,poʔop,p o ʔ o p,,Kondic2019,,false,^ p oʔo p $,default
Nizaviguiti-108_red-1,,Nizaviguiti,108_red,tsapts,tsapts,ts a p ts,,Kondic2019,,false,^ ts a p ts $,default
Nizaviguiti-109_green-1,,Nizaviguiti,109_green,tsuʃk,tsuʃk,ts u ʃ k,,Kondic2019,,false,^ ts u ʃ k $,default
Nizaviguiti-110_yellow-1,,Nizaviguiti,110_yellow,puts,puts,p u ts,,Kondic2019,,false,^ p u ts $,default
Nizaviguiti-111_big-1,,Nizaviguiti,111_big,məh,məh,m ə h,,Kondic2019,,false,^ m ə h $,default
Nizaviguiti-112_small-1,,Nizaviguiti,112_small,muʔutsk,muʔutsk,m u ʔ u ts k,,Kondic2019,,false,^ m uʔu ts k $,default
Nizaviguiti-113_long-1,,Nizaviguiti,113_long,jeɲ,jeɲ,j e ɲ,,Kondic2019,,false,^ j e ɲ $,default
Nizaviguiti-114_short-1,,Nizaviguiti,114_short,naʔaʃʲpʲ,naʔaʃʲpʲ,n a ʔ a ʃʲ pʲ,,Kondic2019,,false,^ n aʔa ʃʲ pʲ $,default
Nizaviguiti-115_thick-1,,Nizaviguiti,115_thick,nekʃ,nekʃ,n e k ʃ,,Kondic2019,,false,^ n e k ʃ $,default
Nizaviguiti-116_thin-1,,Nizaviguiti,116_thin,pehʲ,pehʲ,p e hʲ,,Kondic2019,,false,^ p e hʲ $,default
Nizaviguiti-117_narrow-1,,Nizaviguiti,117_narrow,ʃuʔuts,ʃuʔuts,ʃ u ʔ u ts,,Kondic2019,,false,^ ʃ uʔu ts $,default
Nizaviguiti-118_wide-1,,Nizaviguiti,118_wide,məhwin,məhwin,m ə h w i n,,Kondic2019,,false,^ m ə h w i n $,default
Nizaviguiti-119_sharp-1,,Nizaviguiti,119_sharp,həhp,həhp,h ə h p,,Kondic2019,,false,^ h ə h p $,default
Nizaviguiti-120_bluntdull-1,,Nizaviguiti,120_bluntdull,tihewkuʔupənt,tihewkuʔupənt,t i h e w k u ʔ u p ə n t,,Kondic2019,,false,^ t i h e w k uʔu p ə n t $,default
Nizaviguiti-121_shyashamed-1,,Nizaviguiti,121_shyashamed,tsəʔəkp,tsəʔəkp,ts ə ʔ ə k p,,Kondic2019,,false,^ ts əʔə k p $,default
Nizaviguiti-122_old-1,,Nizaviguiti,122_old,aməh,aməh,a m ə h,,Kondic2019,,false,^ a m ə h $,default
Nizaviguiti-123_painfulsick-1,,Nizaviguiti,123_painfulsick,adoʔomp,adoʔomp,a d o ʔ o m p,,Kondic2019,,false,^ a d oʔo m p $,default
Nizaviguiti-124_good-1,,Nizaviguiti,124_good,oj,oj,o j,,Kondic2019,,false,^ o j $,default
Nizaviguiti-125_bad-1,,Nizaviguiti,125_bad,koʔoj,koʔoj,k o ʔ o j,,Kondic2019,,false,^ k oʔo j $,default
Nizaviguiti-126_correcttrue-1,,Nizaviguiti,126_correcttrue,dəʔən,dəʔən,d ə ʔ ə n,,Kondic2019,,false,^ d əʔə n $,default
Nizaviguiti-127_dirty-1,,Nizaviguiti,127_dirty,puʔutʲ,puʔutʲ,p u ʔ u tʲ,,Kondic2019,,false,^ p uʔu tʲ $,default
Nizaviguiti-128_rotten-1,,Nizaviguiti,128_rotten,tiʔiʔohʲ,tiʔiʔohʲ,t i ʔ i ʔ o hʲ,,Kondic2019,,false,^ t iʔi ʔ o hʲ $,default
Nizaviguiti-129_all-1,,Nizaviguiti,129_all,niwʲent,niwʲent,n i wʲ e n t,,Kondic2019,,false,^ n i wʲ e n t $,default
Nizaviguiti-130_heavy-1,,Nizaviguiti,130_heavy,hemtʲ,hemtʲ,h e m tʲ,,Kondic2019,,false,^ h e m tʲ $,default
Nizaviguiti-131_far-1,,Nizaviguiti,131_far,hagam,hagam,h a g a m,,Kondic2019,,false,^ h a g a m $,default
Nizaviguiti-132_near-1,,Nizaviguiti,132_near,kem,kem,k e m,,Kondic2019,,false,^ k e m $,default
Nizaviguiti-133_warm-1,,Nizaviguiti,133_warm,aʔambəhkp,aʔambəhkp,a ʔ a m b ə h k p,,Kondic2019,,false,^ aʔa m b ə h k p $,default
Nizaviguiti-134_cold-1,,Nizaviguiti,134_cold,ʃuhʃp,ʃuhʃp,ʃ u h ʃ p,,Kondic2019,,false,^ ʃ u h ʃ p $,default
Nizaviguiti-135_dry-1,,Nizaviguiti,135_dry,təʔətsp,təʔətsp,t ə ʔ ə ts p,,Kondic2019,,false,^ t əʔə ts p $,default
Nizaviguiti-136_wet-1,,Nizaviguiti,136_wet,ʃoktaʔaɲ,ʃoktaʔaɲ,ʃ o k t a ʔ a ɲ,,Kondic2019,,false,^ ʃ o k t aʔa ɲ $,default
Nizaviguiti-137_new-1,,Nizaviguiti,137_new,hen,hen,h e n,,Kondic2019,,false,^ h e n $,default
Nizaviguiti-138_other-1,,Nizaviguiti,138_other,hatuʔukpə,hatuʔukpə,h a t u ʔ u k p ə,,Kondic2019,,false,^ h a t uʔu k p ə $,default
Nizaviguiti-139_come-1,,Nizaviguiti,139_come,haʔahtm,haʔahtm,h a ʔ a h t m,<haʔaht-m come-GR 'comes',Kondic2019,,false,^ h aʔa h t m $,default
Nizaviguiti-140_walk-1,,Nizaviguiti,140_walk,joʔoj,joʔoj,j o ʔ o j,,Kondic2019,,false,^ j oʔo j $,default
Nizaviguiti-141_grow-1,,Nizaviguiti,141_grow,jaʔkp,jaʔkp,j a ʔ k p,<jaʔk-p grow-GR 'grows',Kondic2019,,false,^ j a ʔ k p $,default
Nizaviguiti-142_stand-1,,Nizaviguiti,142_stand,tan,tan,t a n,,Kondic2019,,false,^ t a n $,default
Nizaviguiti-143_sit-1,,Nizaviguiti,143_sit,poʔokʃ,poʔokʃ,p o ʔ o k ʃ,,Kondic2019,,false,^ p oʔo k ʃ $,default
Nizaviguiti-144_fall-1,,Nizaviguiti,144_fall,kaʔap,kaʔap,k a ʔ a p,,Kondic2019,,false,^ k aʔa p $,default
Nizaviguiti-145_liedown-1,,Nizaviguiti,145_liedown,najgʲoʔok,najgʲoʔok,n a j gʲ o ʔ o k,,Kondic2019,,false,^ n a j gʲ oʔo k $,default
Nizaviguiti-146_turn-1,,Nizaviguiti,146_turn,həmbit,həmbit,h ə m b i t,,Kondic2019,,false,^ h ə m b i t $,default
Nizaviguiti-147_climb-1,,Nizaviguiti,147_climb,pahtəm,pahtəm,p a h t ə m,,Kondic2019,,false,^ p a h t ə m $,default
Nizaviguiti-148_swim-1,,Nizaviguiti,148_swim,nəjaʔo,nəjaʔo,n ə j a ʔ o,<nə-jaʔo water-swim,Kondic2019,,false,^ n ə j a ʔ o $,default
Nizaviguiti-149_flyverb-1,,Nizaviguiti,149_flyverb,tenjehkʃʲ,tenjehkʃʲ,t e n j e h k ʃʲ,,Kondic2019,,false,^ t e n j e h k ʃʲ $,default
Nizaviguiti-150_throw-1,,Nizaviguiti,150_throw,kuh,kuh,k u h,,Kondic2019,,false,^ k u h $,default
Nizaviguiti-151_hide-1,,Nizaviguiti,151_hide,najuʔuht,najuʔuht,n a j u ʔ u h t,,Kondic2019,,false,^ n a j uʔu h t $,default
Nizaviguiti-152_chew-1,,Nizaviguiti,152_chew,puj,puj,p u j,,Kondic2019,,false,^ p u j $,default
Nizaviguiti-153_eat-1,,Nizaviguiti,153_eat,kaj,kaj,k a j,,Kondic2019,,false,^ k a j $,default
Nizaviguiti-154_drink-1,,Nizaviguiti,154_drink,uʔuk,uʔuk,u ʔ u k,,Kondic2019,,false,^ uʔu k $,default
Nizaviguiti-155_bite-1,,Nizaviguiti,155_bite,tsuʔuts,tsuʔuts,ts u ʔ u ts,,Kondic2019,,false,^ ts uʔu ts $,default
Nizaviguiti-156_suck-1,,Nizaviguiti,156_suck,tsiʔits,tsiʔits,ts i ʔ i ts,,Kondic2019,,false,^ ts iʔi ts $,default
Nizaviguiti-157_yawn-1,,Nizaviguiti,157_yawn,oh,oh,o h,,Kondic2019,,false,^ o h $,default
Nizaviguiti-158_spit-1,,Nizaviguiti,158_spit,tsuh,tsuh,ts u h,,Kondic2019,,false,^ ts u h $,default
Nizaviguiti-159_dream-1,,Nizaviguiti,159_dream,kumaʔap,kumaʔap,k u m a ʔ a p,,Kondic2019,,false,^ k u m aʔa p $,default
Nizaviguiti-160_sleep-1,,Nizaviguiti,160_sleep,maw,maw,m a w,,Kondic2019,,false,^ m a w $,default
Nizaviguiti-161_live-1,,Nizaviguiti,161_live,higʲahtən,higʲahtən,h i gʲ a h t ə n,,Kondic2019,,false,^ h i gʲ a h t ə n $,default
Nizaviguiti-162_die-1,,Nizaviguiti,162_die,paʔoʔokəp,paʔoʔokəp,p a ʔ o ʔ o k ə p,<pa-ʔoʔok-əp ?-die-GR 'dies',Kondic2019,,false,^ p a ʔ oʔo k ə p $,default
Nizaviguiti-163_kill-1,,Nizaviguiti,163_kill,njaoʔokm,njaoʔokm,n j a o ʔ o k m,<n-ja-oʔok-m 1A?-CAUS?-die-GR 'I kill?',Kondic2019,,false,^ n j a oʔo k m $,default
Nizaviguiti-164_see-1,,Nizaviguiti,164_see,miiʃp,miiʃp,m i i ʃ p,<miiʃ-p see-GR 'sees',Kondic2019,,false,^ m i i ʃ p $,default
Nizaviguiti-165_hear-1,,Nizaviguiti,165_hear,mədoʔop,mədoʔop,m ə d o ʔ o p,<mədoʔo-p hear-GR 'hears',Kondic2019,,false,^ m ə d oʔo p $,default
Nizaviguiti-166_sniffsmell-1,,Nizaviguiti,166_sniffsmell,ʃuʔuk,ʃuʔuk,ʃ u ʔ u k,,Kondic2019,,false,^ ʃ uʔu k $,default
Nizaviguiti-167_know-1,,Nizaviguiti,167_know,eʃpek,eʃpek,e ʃ p e k,,Kondic2019,,false,^ e ʃ p e k $,default
Nizaviguiti-168_think-1,,Nizaviguiti,168_think,hangʲuk,hangʲuk,h a n gʲ u k,,Kondic2019,,false,^ h a n gʲ u k $,default
Nizaviguiti-169_laugh-1,,Nizaviguiti,169_laugh,ʃiʔik,ʃiʔik,ʃ i ʔ i k,,Kondic2019,,false,^ ʃ iʔi k $,default
Nizaviguiti-170_cry-1,,Nizaviguiti,170_cry,həʔəj,həʔəj,h ə ʔ ə j,,Kondic2019,,false,^ h əʔə j $,default
Nizaviguiti-171_blow-1,,Nizaviguiti,171_blow,ʃahp,ʃahp,ʃ a h p,,Kondic2019,,false,^ ʃ a h p $,default
Nizaviguiti-172_burn-1,,Nizaviguiti,172_burn,tsaʔem,tsaʔem,ts a ʔ e m,,Kondic2019,,false,^ ts a ʔ e m $,default
Nizaviguiti-173_flow-1,,Nizaviguiti,173_flow,pəjəkp,pəjəkp,p ə j ə k p,,Kondic2019,,false,^ p ə j ə k p $,default
Nizaviguiti-174_sew-1,,Nizaviguiti,174_sew,ʃuj,ʃuj,ʃ u j,,Kondic2019,,false,^ ʃ u j $,default
Nizaviguiti-175_pound-1,,Nizaviguiti,175_pound,kaʔap,kaʔap,k a ʔ a p,,Kondic2019,,false,^ k aʔa p $,default
Nizaviguiti-176_hit-1,,Nizaviguiti,176_hit,wohpm,wohpm,w o h p m,<wohp-m hit-GR 'hits',Kondic2019,,false,^ w o h p m $,default
Nizaviguiti-177_cut-1,,Nizaviguiti,177_cut,puʃ,puʃ,p u ʃ,,Kondic2019,,false,^ p u ʃ $,default
Nizaviguiti-178_split-1,,Nizaviguiti,178_split,najakʃm,najakʃm,n a j a k ʃ m,<najakʃ-m split-GR 'splits',Kondic2019,,false,^ n a j a k ʃ m $,default
Nizaviguiti-179_dig-1,,Nizaviguiti,179_dig,tah,tah,t a h,,Kondic2019,,false,^ t a h $,default
Nizaviguiti-180_hunt-1,,Nizaviguiti,180_hunt,ʃomʲaʔoʔokm,ʃomʲaʔoʔokm,ʃ o mʲ a ʔ o ʔ o k m,<ʃomʲa-ʔoʔok-m ?-die-GR,Kondic2019,,false,^ ʃ o mʲ a ʔ oʔo k m $,default
Nizaviguiti-181_hold-1,,Nizaviguiti,181_hold,mamgəʔə,mamgəʔə,m a m g ə ʔ ə,,Kondic2019,,false,^ m a m g əʔə $,default
Nizaviguiti-182_fear-1,,Nizaviguiti,182_fear,tsəʔəkp,tsəʔəkp,ts ə ʔ ə k p,,Kondic2019,,false,^ ts əʔə k p $,default
Nizaviguiti-183_count-1,,Nizaviguiti,183_count,madʲow,madʲow,m a dʲ o w,,Kondic2019,,false,^ m a dʲ o w $,default
Nizaviguiti-184_breathe-1,,Nizaviguiti,184_breathe,ʃah,ʃah,ʃ a h,,Kondic2019,,false,^ ʃ a h $,default
Nizaviguiti-185_vomit-1,,Nizaviguiti,185_vomit,əʔəts,əʔəts,ə ʔ ə ts,,Kondic2019,,false,^ əʔə ts $,default
Nizaviguiti-186_tieup-1,,Nizaviguiti,186_tieup,tsaʔe,tsaʔe,ts a ʔ e,,Kondic2019,,false,^ ts a ʔ e $,default
Nizaviguiti-187_squeeze-1,,Nizaviguiti,187_squeeze,wimaʔats,wimaʔats,w i m a ʔ a ts,,Kondic2019,,false,^ w i m aʔa ts $,default
Nizaviguiti-188_swell-1,,Nizaviguiti,188_swell,kiʃp,kiʃp,k i ʃ p,,Kondic2019,,false,^ k i ʃ p $,default
Nizaviguiti-189_say-1,,Nizaviguiti,189_say,kapʃp,kapʃp,k a p ʃ p,<kapʃ-p say-GR 'says',Kondic2019,,false,^ k a p ʃ p $,default
Nizaviguiti-190_scratch-1,,Nizaviguiti,190_scratch,wimoʔots,wimoʔots,w i m o ʔ o ts,,Kondic2019,,false,^ w i m oʔo ts $,default
Nizaviguiti-191_stab-1,,Nizaviguiti,191_stab,tsuʔunkoʔom,tsuʔunkoʔom,ts u ʔ u n k o ʔ o m,,Kondic2019,,false,^ ts uʔu n k oʔo m $,default
Nizaviguiti-192_buy-1,,Nizaviguiti,192_buy,huj,huj,h u j,,Kondic2019,,false,^ h u j $,default
Nizaviguiti-193_steal-1,,Nizaviguiti,193_steal,maʔatsəm,maʔatsəm,m a ʔ a ts ə m,<maʔats-əm steal-GR 'steals',Kondic2019,,false,^ m aʔa ts ə m $,default
Nizaviguiti-194_choose-1,,Nizaviguiti,194_choose,wiwew,wiwew,w i w e w,,Kondic2019,,false,^ w i w e w $,default
Nizaviguiti-195_plant-1,,Nizaviguiti,195_plant,kohəm,kohəm,k o h ə m,<koh-əm plat-GR 'plants',Kondic2019,,false,^ k o h ə m $,default
Nizaviguiti-196_cook-1,,Nizaviguiti,196_cook,jahjoʔojəm tookʃ,jahjoʔojəm tookʃ,j a h j o ʔ o j ə m + t o o k ʃ,<jah-joʔoj-əm tookʃ CAUS-prepare-GR food,Kondic2019,,false,^ j a h j oʔo j ə m + t o o k ʃ $,default
Nizaviguiti-197_shoot-1,,Nizaviguiti,197_shoot,tuhum,tuhum,t u h u m,<tuh-um shoot-GR 'shoots',Kondic2019,,false,^ t u h u m $,default
Nizaviguiti-198_work-1,,Nizaviguiti,198_work,tuʔunəm,tuʔunəm,t u ʔ u n ə m,<tuʔun-əm work-GR 'works',Kondic2019,,false,^ t uʔu n ə m $,default
Nizaviguiti-199_open-1,,Nizaviguiti,199_open,jawaʔats,jawaʔats,j a w a ʔ a ts,<ja-waʔats CAUS-open,Kondic2019,,false,^ j a w aʔa ts $,default
Ocotepec-1_one-1,,Ocotepec,1_one,►,►,,,Kondic2019,,false,,
Ocotepec-2_two-1,,Ocotepec,2_two,►,►,,,Kondic2019,,false,,
Ocotepec-3_three-1,,Ocotepec,3_three,►,►,,,Kondic2019,,false,,
Ocotepec-4_four-1,,Ocotepec,4_four,►,►,,,Kondic2019,,false,,
Ocotepec-5_year-1,,Ocotepec,5_year,►,►,,,Kondic2019,,false,,
Ocotepec-6_right-1,,Ocotepec,6_right,►,►,,,Kondic2019,,false,,
Ocotepec-7_left-1,,Ocotepec,7_left,►,►,,,Kondic2019,,false,,
Ocotepec-8_i-1,,Ocotepec,8_i,►,►,,,Kondic2019,,false,,
Ocotepec-10_weallincl-1,,Ocotepec,10_weallincl,►,►,,,Kondic2019,,false,,
Ocotepec-11_yousg-1,,Ocotepec,11_yousg,►,►,,,Kondic2019,,false,,
Ocotepec-12_heshe-1,,Ocotepec,12_heshe,►,►,,,Kondic2019,,false,,
Ocotepec-13_theyall-1,,Ocotepec,13_theyall,►,►,,,Kondic2019,,false,,
Ocotepec-15_what-1,,Ocotepec,15_what,►,►,,,Kondic2019,,false,,
Ocotepec-16_who-1,,Ocotepec,16_who,►,►,,,Kondic2019,,false,,
Ocotepec-17_where-1,,Ocotepec,17_where,►,►,,,Kondic2019,,false,,
Ocotepec-18_when-1,,Ocotepec,18_when,►,►,,,Kondic2019,,false,,
Ocotepec-19_how-1,,Ocotepec,19_how,►,►,,,Kondic2019,,false,,
Ocotepec-20_this-1,,Ocotepec,20_this,►,►,,,Kondic2019,,false,,
Ocotepec-21_that-1,,Ocotepec,21_that,►,►,,,Kondic2019,,false,,
Ocotepec-22_and-1,,Ocotepec,22_and,►,►,,,Kondic2019,,false,,
Ocotepec-23_above-1,,Ocotepec,23_above,►,►,,,Kondic2019,,false,,
Ocotepec-24_below-1,,Ocotepec,24_below,►,►,,,Kondic2019,,false,,
Ocotepec-25_ininside-1,,Ocotepec,25_ininside,►,►,,,Kondic2019,,false,,
Ocotepec-26_at-1,,Ocotepec,26_at,►,►,,,Kondic2019,,false,,
Ocotepec-27_head-1,,Ocotepec,27_head,►,►,,,Kondic2019,,false,,
Ocotepec-28_hair-1,,Ocotepec,28_hair,►,►,,,Kondic2019,,false,,
Ocotepec-29_eye-1,,Ocotepec,29_eye,►,►,,,Kondic2019,,false,,
Ocotepec-30_nose-1,,Ocotepec,30_nose,►,►,,,Kondic2019,,false,,
Ocotepec-31_ear-1,,Ocotepec,31_ear,►,►,,,Kondic2019,,false,,
Ocotepec-32_mouth-1,,Ocotepec,32_mouth,►,►,,,Kondic2019,,false,,
Ocotepec-33_tongue-1,,Ocotepec,33_tongue,►,►,,,Kondic2019,,false,,
Ocotepec-34_tooth-1,,Ocotepec,34_tooth,►,►,,,Kondic2019,,false,,
Ocotepec-35_hand-1,,Ocotepec,35_hand,►,►,,,Kondic2019,,false,,
Ocotepec-36_shoulder-1,,Ocotepec,36_shoulder,►,►,,,Kondic2019,,false,,
Ocotepec-37_neck-1,,Ocotepec,37_neck,►,►,,,Kondic2019,,false,,
Ocotepec-38_back-1,,Ocotepec,38_back,►,►,,,Kondic2019,,false,,
Ocotepec-39_leg-1,,Ocotepec,39_leg,►,►,,,Kondic2019,,false,,
Ocotepec-40_blood-1,,Ocotepec,40_blood,►,►,,,Kondic2019,,false,,
Ocotepec-41_bone-1,,Ocotepec,41_bone,►,►,,,Kondic2019,,false,,
Ocotepec-42_skin-1,,Ocotepec,42_skin,►,►,,,Kondic2019,,false,,
Ocotepec-43_belly-1,,Ocotepec,43_belly,►,►,,,Kondic2019,,false,,
Ocotepec-44_intestines-1,,Ocotepec,44_intestines,►,►,,,Kondic2019,,false,,
Ocotepec-45_breast-1,,Ocotepec,45_breast,►,►,,,Kondic2019,,false,,
Ocotepec-46_liver-1,,Ocotepec,46_liver,►,►,,,Kondic2019,,false,,
Ocotepec-47_dog-1,,Ocotepec,47_dog,►,►,,,Kondic2019,,false,,
Ocotepec-48_bird-1,,Ocotepec,48_bird,►,►,,,Kondic2019,,false,,
Ocotepec-49_fish-1,,Ocotepec,49_fish,►,►,,,Kondic2019,,false,,
Ocotepec-50_snake-1,,Ocotepec,50_snake,►,►,,,Kondic2019,,false,,
Ocotepec-51_worm-1,,Ocotepec,51_worm,►,►,,,Kondic2019,,false,,
Ocotepec-52_louse-1,,Ocotepec,52_louse,►,►,,,Kondic2019,,false,,
Ocotepec-53_rat-1,,Ocotepec,53_rat,►,►,,,Kondic2019,,false,,
Ocotepec-54_spider-1,,Ocotepec,54_spider,►,►,,,Kondic2019,,false,,
Ocotepec-55_mosquito-1,,Ocotepec,55_mosquito,►,►,,,Kondic2019,,false,,
Ocotepec-56_egg-1,,Ocotepec,56_egg,►,►,,,Kondic2019,,false,,
Ocotepec-57_tail-1,,Ocotepec,57_tail,►,►,,,Kondic2019,,false,,
Ocotepec-58_wing-1,,Ocotepec,58_wing,►,►,,,Kondic2019,,false,,
Ocotepec-59_feather-1,,Ocotepec,59_feather,►,►,,,Kondic2019,,false,,
Ocotepec-60_person-1,,Ocotepec,60_person,►,►,,,Kondic2019,,false,,
Ocotepec-61_man-1,,Ocotepec,61_man,►,►,,,Kondic2019,,false,,
Ocotepec-62_woman-1,,Ocotepec,62_woman,►,►,,,Kondic2019,,false,,
Ocotepec-63_child-1,,Ocotepec,63_child,►,►,,,Kondic2019,,false,,
Ocotepec-64_name-1,,Ocotepec,64_name,►,►,,,Kondic2019,,false,,
Ocotepec-65_mother-1,,Ocotepec,65_mother,►,►,,,Kondic2019,,false,,
Ocotepec-66_father-1,,Ocotepec,66_father,►,►,,,Kondic2019,,false,,
Ocotepec-67_husband-1,,Ocotepec,67_husband,►,►,,,Kondic2019,,false,,
Ocotepec-68_wife-1,,Ocotepec,68_wife,►,►,,,Kondic2019,,false,,
Ocotepec-69_day-1,,Ocotepec,69_day,►,►,,,Kondic2019,,false,,
Ocotepec-70_night-1,,Ocotepec,70_night,►,►,,,Kondic2019,,false,,
Ocotepec-71_moon-1,,Ocotepec,71_moon,►,►,,,Kondic2019,,false,,
Ocotepec-72_star-1,,Ocotepec,72_star,►,►,,,Kondic2019,,false,,
Ocotepec-73_sky-1,,Ocotepec,73_sky,►,►,,,Kondic2019,,false,,
Ocotepec-74_water-1,,Ocotepec,74_water,►,►,,,Kondic2019,,false,,
Ocotepec-75_lake-1,,Ocotepec,75_lake,►,►,,,Kondic2019,,false,,
Ocotepec-76_sea-1,,Ocotepec,76_sea,►,►,,,Kondic2019,,false,,
Ocotepec-77_fire-1,,Ocotepec,77_fire,►,►,,,Kondic2019,,false,,
Ocotepec-78_smoke-1,,Ocotepec,78_smoke,►,►,,,Kondic2019,,false,,
Ocotepec-79_ash-1,,Ocotepec,79_ash,►,►,,,Kondic2019,,false,,
Ocotepec-80_stone-1,,Ocotepec,80_stone,►,►,,,Kondic2019,,false,,
Ocotepec-81_earthsoil-1,,Ocotepec,81_earthsoil,►,►,,,Kondic2019,,false,,
Ocotepec-82_dust-1,,Ocotepec,82_dust,►,►,,,Kondic2019,,false,,
Ocotepec-83_sand-1,,Ocotepec,83_sand,►,►,,,Kondic2019,,false,,
Ocotepec-84_rain-1,,Ocotepec,84_rain,►,►,,,Kondic2019,,false,,
Ocotepec-85_cloud-1,,Ocotepec,85_cloud,►,►,,,Kondic2019,,false,,
Ocotepec-86_wind-1,,Ocotepec,86_wind,►,►,,,Kondic2019,,false,,
Ocotepec-87_fog-1,,Ocotepec,87_fog,►,►,,,Kondic2019,,false,,
Ocotepec-88_thunder-1,,Ocotepec,88_thunder,►,►,,,Kondic2019,,false,,
Ocotepec-89_lightning-1,,Ocotepec,89_lightning,►,►,,,Kondic2019,,false,,
Ocotepec-90_meatflesh-1,,Ocotepec,90_meatflesh,►,►,,,Kondic2019,,false,,
Ocotepec-91_salt-1,,Ocotepec,91_salt,►,►,,,Kondic2019,,false,,
Ocotepec-92_fatgrease-1,,Ocotepec,92_fatgrease,►,►,,,Kondic2019,,false,,
Ocotepec-93_fruit-1,,Ocotepec,93_fruit,►,►,,,Kondic2019,,false,,
Ocotepec-94_woodsforest-1,,Ocotepec,94_woodsforest,►,►,,,Kondic2019,,false,,
Ocotepec-95_root-1,,Ocotepec,95_root,►,►,,,Kondic2019,,false,,
Ocotepec-96_branch-1,,Ocotepec,96_branch,►,►,,,Kondic2019,,false,,
Ocotepec-97_leaf-1,,Ocotepec,97_leaf,►,►,,,Kondic2019,,false,,
Ocotepec-98_wood-1,,Ocotepec,98_wood,►,►,,,Kondic2019,,false,,
Ocotepec-99_grass-1,,Ocotepec,99_grass,►,►,,,Kondic2019,,false,,
Ocotepec-100_flower-1,,Ocotepec,100_flower,►,►,,,Kondic2019,,false,,
Ocotepec-102_house-1,,Ocotepec,102_house,►,►,,,Kondic2019,,false,,
Ocotepec-103_rope-1,,Ocotepec,103_rope,►,►,,,Kondic2019,,false,,
Ocotepec-104_needle-1,,Ocotepec,104_needle,►,►,,,Kondic2019,,false,,
Ocotepec-105_roadpath-1,,Ocotepec,105_roadpath,►,►,,,Kondic2019,,false,,
Ocotepec-106_black-1,,Ocotepec,106_black,►,►,,,Kondic2019,,false,,
Ocotepec-107_white-1,,Ocotepec,107_white,►,►,,,Kondic2019,,false,,
Ocotepec-108_red-1,,Ocotepec,108_red,►,►,,,Kondic2019,,false,,
Ocotepec-109_green-1,,Ocotepec,109_green,►,►,,,Kondic2019,,false,,
Ocotepec-110_yellow-1,,Ocotepec,110_yellow,►,►,,,Kondic2019,,false,,
Ocotepec-111_big-1,,Ocotepec,111_big,►,►,,,Kondic2019,,false,,
Ocotepec-112_small-1,,Ocotepec,112_small,►,►,,,Kondic2019,,false,,
Ocotepec-113_long-1,,Ocotepec,113_long,►,►,,,Kondic2019,,false,,
Ocotepec-114_short-1,,Ocotepec,114_short,►,►,,,Kondic2019,,false,,
Ocotepec-115_thick-1,,Ocotepec,115_thick,►,►,,,Kondic2019,,false,,
Ocotepec-116_thin-1,,Ocotepec,116_thin,►,►,,,Kondic2019,,false,,
Ocotepec-117_narrow-1,,Ocotepec,117_narrow,►,►,,,Kondic2019,,false,,
Ocotepec-118_wide-1,,Ocotepec,118_wide,►,►,,,Kondic2019,,false,,
Ocotepec-119_sharp-1,,Ocotepec,119_sharp,►,►,,,Kondic2019,,false,,
Ocotepec-120_bluntdull-1,,Ocotepec,120_bluntdull,►,►,,,Kondic2019,,false,,
Ocotepec-121_shyashamed-1,,Ocotepec,121_shyashamed,►,►,,,Kondic2019,,false,,
Ocotepec-122_old-1,,Ocotepec,122_old,►,►,,,Kondic2019,,false,,
Ocotepec-123_painfulsick-1,,Ocotepec,123_painfulsick,►,►,,,Kondic2019,,false,,
Ocotepec-124_good-1,,Ocotepec,124_good,►,►,,,Kondic2019,,false,,
Ocotepec-125_bad-1,,Ocotepec,125_bad,►,►,,,Kondic2019,,false,,
Ocotepec-126_correcttrue-1,,Ocotepec,126_correcttrue,►,►,,,Kondic2019,,false,,
Ocotepec-127_dirty-1,,Ocotepec,127_dirty,►,►,,,Kondic2019,,false,,
Ocotepec-128_rotten-1,,Ocotepec,128_rotten,►,►,,,Kondic2019,,false,,
Ocotepec-129_all-1,,Ocotepec,129_all,►,►,,,Kondic2019,,false,,
Ocotepec-130_heavy-1,,Ocotepec,130_heavy,►,►,,,Kondic2019,,false,,
Ocotepec-131_far-1,,Ocotepec,131_far,►,►,,,Kondic2019,,false,,
Ocotepec-132_near-1,,Ocotepec,132_near,►,►,,,Kondic2019,,false,,
Ocotepec-133_warm-1,,Ocotepec,133_warm,►,►,,,Kondic2019,,false,,
Ocotepec-134_cold-1,,Ocotepec,134_cold,►,►,,,Kondic2019,,false,,
Ocotepec-135_dry-1,,Ocotepec,135_dry,►,►,,,Kondic2019,,false,,
Ocotepec-136_wet-1,,Ocotepec,136_wet,►,►,,,Kondic2019,,false,,
Ocotepec-137_new-1,,Ocotepec,137_new,►,►,,,Kondic2019,,false,,
Ocotepec-138_other-1,,Ocotepec,138_other,►,►,,,Kondic2019,,false,,
Ocotepec-139_come-1,,Ocotepec,139_come,►,►,,,Kondic2019,,false,,
Ocotepec-140_walk-1,,Ocotepec,140_walk,►,►,,,Kondic2019,,false,,
Ocotepec-141_grow-1,,Ocotepec,141_grow,►,►,,,Kondic2019,,false,,
Ocotepec-142_stand-1,,Ocotepec,142_stand,►,►,,,Kondic2019,,false,,
Ocotepec-143_sit-1,,Ocotepec,143_sit,►,►,,,Kondic2019,,false,,
Ocotepec-144_fall-1,,Ocotepec,144_fall,►,►,,,Kondic2019,,false,,
Ocotepec-145_liedown-1,,Ocotepec,145_liedown,►,►,,,Kondic2019,,false,,
Ocotepec-146_turn-1,,Ocotepec,146_turn,►,►,,,Kondic2019,,false,,
Ocotepec-147_climb-1,,Ocotepec,147_climb,►,►,,,Kondic2019,,false,,
Ocotepec-148_swim-1,,Ocotepec,148_swim,►,►,,,Kondic2019,,false,,
Ocotepec-149_flyverb-1,,Ocotepec,149_flyverb,►,►,,,Kondic2019,,false,,
Ocotepec-150_throw-1,,Ocotepec,150_throw,►,►,,,Kondic2019,,false,,
Ocotepec-151_hide-1,,Ocotepec,151_hide,►,►,,,Kondic2019,,false,,
Ocotepec-152_chew-1,,Ocotepec,152_chew,►,►,,,Kondic2019,,false,,
Ocotepec-153_eat-1,,Ocotepec,153_eat,►,►,,,Kondic2019,,false,,
Ocotepec-154_drink-1,,Ocotepec,154_drink,►,►,,,Kondic2019,,false,,
Ocotepec-155_bite-1,,Ocotepec,155_bite,►,►,,,Kondic2019,,false,,
Ocotepec-156_suck-1,,Ocotepec,156_suck,►,►,,,Kondic2019,,false,,
Ocotepec-157_yawn-1,,Ocotepec,157_yawn,►,►,,,Kondic2019,,false,,
Ocotepec-158_spit-1,,Ocotepec,158_spit,►,►,,,Kondic2019,,false,,
Ocotepec-159_dream-1,,Ocotepec,159_dream,►,►,,,Kondic2019,,false,,
Ocotepec-160_sleep-1,,Ocotepec,160_sleep,►,►,,,Kondic2019,,false,,
Ocotepec-161_live-1,,Ocotepec,161_live,►,►,,,Kondic2019,,false,,
Ocotepec-162_die-1,,Ocotepec,162_die,►,►,,,Kondic2019,,false,,
Ocotepec-163_kill-1,,Ocotepec,163_kill,►,►,,,Kondic2019,,false,,
Ocotepec-164_see-1,,Ocotepec,164_see,►,►,,,Kondic2019,,false,,
Ocotepec-165_hear-1,,Ocotepec,165_hear,►,►,,,Kondic2019,,false,,
Ocotepec-166_sniffsmell-1,,Ocotepec,166_sniffsmell,►,►,,,Kondic2019,,false,,
Ocotepec-167_know-1,,Ocotepec,167_know,►,►,,,Kondic2019,,false,,
Ocotepec-168_think-1,,Ocotepec,168_think,►,►,,,Kondic2019,,false,,
Ocotepec-169_laugh-1,,Ocotepec,169_laugh,►,►,,,Kondic2019,,false,,
Ocotepec-170_cry-1,,Ocotepec,170_cry,►,►,,,Kondic2019,,false,,
Ocotepec-171_blow-1,,Ocotepec,171_blow,►,►,,,Kondic2019,,false,,
Ocotepec-172_burn-1,,Ocotepec,172_burn,►,►,,,Kondic2019,,false,,
Ocotepec-173_flow-1,,Ocotepec,173_flow,►,►,,,Kondic2019,,false,,
Ocotepec-174_sew-1,,Ocotepec,174_sew,►,►,,,Kondic2019,,false,,
Ocotepec-175_pound-1,,Ocotepec,175_pound,►,►,,,Kondic2019,,false,,
Ocotepec-176_hit-1,,Ocotepec,176_hit,►,►,,,Kondic2019,,false,,
Ocotepec-177_cut-1,,Ocotepec,177_cut,►,►,,,Kondic2019,,false,,
Ocotepec-178_split-1,,Ocotepec,178_split,►,►,,,Kondic2019,,false,,
Ocotepec-179_dig-1,,Ocotepec,179_dig,►,►,,,Kondic2019,,false,,
Ocotepec-180_hunt-1,,Ocotepec,180_hunt,►,►,,,Kondic2019,,false,,
Ocotepec-181_hold-1,,Ocotepec,181_hold,►,►,,,Kondic2019,,false,,
Ocotepec-182_fear-1,,Ocotepec,182_fear,►,►,,,Kondic2019,,false,,
Ocotepec-183_count-1,,Ocotepec,183_count,►,►,,,Kondic2019,,false,,
Ocotepec-184_breathe-1,,Ocotepec,184_breathe,►,►,,,Kondic2019,,false,,
Ocotepec-185_vomit-1,,Ocotepec,185_vomit,►,►,,,Kondic2019,,false,,
Ocotepec-186_tieup-1,,Ocotepec,186_tieup,►,►,,,Kondic2019,,false,,
Ocotepec-187_squeeze-1,,Ocotepec,187_squeeze,►,►,,,Kondic2019,,false,,
Ocotepec-188_swell-1,,Ocotepec,188_swell,►,►,,,Kondic2019,,false,,
Ocotepec-189_say-1,,Ocotepec,189_say,►,►,,,Kondic2019,,false,,
Ocotepec-190_scratch-1,,Ocotepec,190_scratch,►,►,,,Kondic2019,,false,,
Ocotepec-191_stab-1,,Ocotepec,191_stab,►,►,,,Kondic2019,,false,,
Ocotepec-192_buy-1,,Ocotepec,192_buy,►,►,,,Kondic2019,,false,,
Ocotepec-193_steal-1,,Ocotepec,193_steal,►,►,,,Kondic2019,,false,,
Ocotepec-194_choose-1,,Ocotepec,194_choose,►,►,,,Kondic2019,,false,,
Ocotepec-195_plant-1,,Ocotepec,195_plant,►,►,,,Kondic2019,,false,,
Ocotepec-196_cook-1,,Ocotepec,196_cook,►,►,,,Kondic2019,,false,,
Ocotepec-197_shoot-1,,Ocotepec,197_shoot,►,►,,,Kondic2019,,false,,
Ocotepec-198_work-1,,Ocotepec,198_work,►,►,,,Kondic2019,,false,,
Ocotepec-199_open-1,,Ocotepec,199_open,►,►,,,Kondic2019,,false,,
Ocotepecspkr1-1_one-1,,Ocotepecspkr1,1_one,►,►,,,Kondic2019,,false,,
Ocotepecspkr1-2_two-1,,Ocotepecspkr1,2_two,►,►,,,Kondic2019,,false,,
Ocotepecspkr1-3_three-1,,Ocotepecspkr1,3_three,►,►,,,Kondic2019,,false,,
Ocotepecspkr1-4_four-1,,Ocotepecspkr1,4_four,►,►,,,Kondic2019,,false,,
Ocotepecspkr1-6_right-1,,Ocotepecspkr1,6_right,►,►,,,Kondic2019,,false,,
Ocotepecspkr1-7_left-1,,Ocotepecspkr1,7_left,►,►,,,Kondic2019,,false,,
Ocotepecspkr1-8_i-1,,Ocotepecspkr1,8_i,►,►,,,Kondic2019,,false,,
Ocotepecspkr1-10_weallincl-1,,Ocotepecspkr1,10_weallincl,►,►,,,Kondic2019,,false,,
Ocotepecspkr1-11_yousg-1,,Ocotepecspkr1,11_yousg,►,►,,,Kondic2019,,false,,
Ocotepecspkr1-12_heshe-1,,Ocotepecspkr1,12_heshe,►,►,,,Kondic2019,,false,,
Ocotepecspkr1-13_theyall-1,,Ocotepecspkr1,13_theyall,►,►,,,Kondic2019,,false,,
Ocotepecspkr1-14_nonot-1,,Ocotepecspkr1,14_nonot,►,►,,,Kondic2019,,false,,
Ocotepecspkr1-15_what-1,,Ocotepecspkr1,15_what,►,►,,,Kondic2019,,false,,
Ocotepecspkr1-16_who-1,,Ocotepecspkr1,16_who,►,►,,,Kondic2019,,false,,
Ocotepecspkr1-17_where-1,,Ocotepecspkr1,17_where,►,►,,,Kondic2019,,false,,
Ocotepecspkr1-18_when-1,,Ocotepecspkr1,18_when,►,►,,,Kondic2019,,false,,
Ocotepecspkr1-19_how-1,,Ocotepecspkr1,19_how,►,►,,,Kondic2019,,false,,
Ocotepecspkr1-20_this-1,,Ocotepecspkr1,20_this,►,►,,,Kondic2019,,false,,
Ocotepecspkr1-21_that-1,,Ocotepecspkr1,21_that,►,►,,,Kondic2019,,false,,
Ocotepecspkr1-23_above-1,,Ocotepecspkr1,23_above,►,►,,,Kondic2019,,false,,
Ocotepecspkr1-24_below-1,,Ocotepecspkr1,24_below,►,►,,,Kondic2019,,false,,
Ocotepecspkr1-25_ininside-1,,Ocotepecspkr1,25_ininside,►,►,,,Kondic2019,,false,,
Ocotepecspkr1-27_head-1,,Ocotepecspkr1,27_head,►,►,,,Kondic2019,,false,,
Ocotepecspkr1-28_hair-1,,Ocotepecspkr1,28_hair,►,►,,,Kondic2019,,false,,
Ocotepecspkr1-29_eye-1,,Ocotepecspkr1,29_eye,►,►,,,Kondic2019,,false,,
Ocotepecspkr1-30_nose-1,,Ocotepecspkr1,30_nose,►,►,,,Kondic2019,,false,,
Ocotepecspkr1-31_ear-1,,Ocotepecspkr1,31_ear,►,►,,,Kondic2019,,false,,
Ocotepecspkr1-32_mouth-1,,Ocotepecspkr1,32_mouth,►,►,,,Kondic2019,,false,,
Ocotepecspkr1-33_tongue-1,,Ocotepecspkr1,33_tongue,►,►,,,Kondic2019,,false,,
Ocotepecspkr1-34_tooth-1,,Ocotepecspkr1,34_tooth,►,►,,,Kondic2019,,false,,
Ocotepecspkr1-35_hand-1,,Ocotepecspkr1,35_hand,►,►,,,Kondic2019,,false,,
Ocotepecspkr1-37_neck-1,,Ocotepecspkr1,37_neck,►,►,,,Kondic2019,,false,,
Ocotepecspkr1-38_back-1,,Ocotepecspkr1,38_back,►,►,,,Kondic2019,,false,,
Ocotepecspkr1-39_leg-1,,Ocotepecspkr1,39_leg,►,►,,,Kondic2019,,false,,
Ocotepecspkr1-40_blood-1,,Ocotepecspkr1,40_blood,►,►,,,Kondic2019,,false,,
Ocotepecspkr1-41_bone-1,,Ocotepecspkr1,41_bone,►,►,,,Kondic2019,,false,,
Ocotepecspkr1-43_belly-1,,Ocotepecspkr1,43_belly,►,►,,,Kondic2019,,false,,
Ocotepecspkr1-46_liver-1,,Ocotepecspkr1,46_liver,►,►,,,Kondic2019,,false,,
Ocotepecspkr1-47_dog-1,,Ocotepecspkr1,47_dog,►,►,,,Kondic2019,,false,,
Ocotepecspkr1-48_bird-1,,Ocotepecspkr1,48_bird,►,►,,,Kondic2019,,false,,
Ocotepecspkr1-50_snake-1,,Ocotepecspkr1,50_snake,►,►,,,Kondic2019,,false,,
Ocotepecspkr1-52_louse-1,,Ocotepecspkr1,52_louse,►,►,,,Kondic2019,,false,,
Ocotepecspkr1-53_rat-1,,Ocotepecspkr1,53_rat,►,►,,,Kondic2019,,false,,
Ocotepecspkr1-55_mosquito-1,,Ocotepecspkr1,55_mosquito,►,►,,,Kondic2019,,false,,
Ocotepecspkr1-56_egg-1,,Ocotepecspkr1,56_egg,►,►,,,Kondic2019,,false,,
Ocotepecspkr1-57_tail-1,,Ocotepecspkr1,57_tail,►,►,,,Kondic2019,,false,,
Ocotepecspkr1-60_person-1,,Ocotepecspkr1,60_person,►,►,,,Kondic2019,,false,,
Ocotepecspkr1-61_man-1,,Ocotepecspkr1,61_man,►,►,,,Kondic2019,,false,,
Ocotepecspkr1-62_woman-1,,Ocotepecspkr1,62_woman,►,►,,,Kondic2019,,false,,
Ocotepecspkr1-63_child-1,,Ocotepecspkr1,63_child,►,►,,,Kondic2019,,false,,
Ocotepecspkr1-64_name-1,,Ocotepecspkr1,64_name,►,►,,,Kondic2019,,false,,
Ocotepecspkr1-65_mother-1,,Ocotepecspkr1,65_mother,►,►,,,Kondic2019,,false,,
Ocotepecspkr1-66_father-1,,Ocotepecspkr1,66_father,►,►,,,Kondic2019,,false,,
Ocotepecspkr1-67_husband-1,,Ocotepecspkr1,67_husband,►,►,,,Kondic2019,,false,,
Ocotepecspkr1-68_wife-1,,Ocotepecspkr1,68_wife,►,►,,,Kondic2019,,false,,
Ocotepecspkr1-69_day-1,,Ocotepecspkr1,69_day,►,►,,,Kondic2019,,false,,
Ocotepecspkr1-70_night-1,,Ocotepecspkr1,70_night,►,►,,,Kondic2019,,false,,
Ocotepecspkr1-73_sky-1,,Ocotepecspkr1,73_sky,►,►,,,Kondic2019,,false,,
Ocotepecspkr1-74_water-1,,Ocotepecspkr1,74_water,►,►,,,Kondic2019,,false,,
Ocotepecspkr1-76_sea-1,,Ocotepecspkr1,76_sea,►,►,,,Kondic2019,,false,,
Ocotepecspkr1-77_fire-1,,Ocotepecspkr1,77_fire,►,►,,,Kondic2019,,false,,
Ocotepecspkr1-78_smoke-1,,Ocotepecspkr1,78_smoke,►,►,,,Kondic2019,,false,,
Ocotepecspkr1-80_stone-1,,Ocotepecspkr1,80_stone,►,►,,,Kondic2019,,false,,
Ocotepecspkr1-81_earthsoil-1,,Ocotepecspkr1,81_earthsoil,►,►,,,Kondic2019,,false,,
Ocotepecspkr1-82_dust-1,,Ocotepecspkr1,82_dust,►,►,,,Kondic2019,,false,,
Ocotepecspkr1-84_rain-1,,Ocotepecspkr1,84_rain,►,►,,,Kondic2019,,false,,
Ocotepecspkr1-85_cloud-1,,Ocotepecspkr1,85_cloud,►,►,,,Kondic2019,,false,,
Ocotepecspkr1-86_wind-1,,Ocotepecspkr1,86_wind,►,►,,,Kondic2019,,false,,
Ocotepecspkr1-90_meatflesh-1,,Ocotepecspkr1,90_meatflesh,►,►,,,Kondic2019,,false,,
Ocotepecspkr1-91_salt-1,,Ocotepecspkr1,91_salt,►,►,,,Kondic2019,,false,,
Ocotepecspkr1-94_woodsforest-1,,Ocotepecspkr1,94_woodsforest,►,►,,,Kondic2019,,false,,
Ocotepecspkr1-95_root-1,,Ocotepecspkr1,95_root,►,►,,,Kondic2019,,false,,
Ocotepecspkr1-96_branch-1,,Ocotepecspkr1,96_branch,►,►,,,Kondic2019,,false,,
Ocotepecspkr1-98_wood-1,,Ocotepecspkr1,98_wood,►,►,,,Kondic2019,,false,,
Ocotepecspkr1-99_grass-1,,Ocotepecspkr1,99_grass,►,►,,,Kondic2019,,false,,
Ocotepecspkr1-100_flower-1,,Ocotepecspkr1,100_flower,►,►,,,Kondic2019,,false,,
Ocotepecspkr1-102_house-1,,Ocotepecspkr1,102_house,►,►,,,Kondic2019,,false,,
Ocotepecspkr1-103_rope-1,,Ocotepecspkr1,103_rope,►,►,,,Kondic2019,,false,,
Ocotepecspkr1-105_roadpath-1,,Ocotepecspkr1,105_roadpath,►,►,,,Kondic2019,,false,,
Ocotepecspkr1-106_black-1,,Ocotepecspkr1,106_black,►,►,,,Kondic2019,,false,,
Ocotepecspkr1-107_white-1,,Ocotepecspkr1,107_white,►,►,,,Kondic2019,,false,,
Ocotepecspkr1-108_red-1,,Ocotepecspkr1,108_red,►,►,,,Kondic2019,,false,,
Ocotepecspkr1-109_green-1,,Ocotepecspkr1,109_green,►,►,,,Kondic2019,,false,,
Ocotepecspkr1-110_yellow-1,,Ocotepecspkr1,110_yellow,►,►,,,Kondic2019,,false,,
Ocotepecspkr1-111_big-1,,Ocotepecspkr1,111_big,►,►,,,Kondic2019,,false,,
Ocotepecspkr1-112_small-1,,Ocotepecspkr1,112_small,►,►,,,Kondic2019,,false,,
Ocotepecspkr1-113_long-1,,Ocotepecspkr1,113_long,►,►,,,Kondic2019,,false,,
Ocotepecspkr1-114_short-1,,Ocotepecspkr1,114_short,►,►,,,Kondic2019,,false,,
Ocotepecspkr1-115_thick-1,,Ocotepecspkr1,115_thick,►,►,,,Kondic2019,,false,,
Ocotepecspkr1-116_thin-1,,Ocotepecspkr1,116_thin,►,►,,,Kondic2019,,false,,
Ocotepecspkr1-121_shyashamed-1,,Ocotepecspkr1,121_shyashamed,►,►,,,Kondic2019,,false,,
Ocotepecspkr1-122_old-1,,Ocotepecspkr1,122_old,►,►,,,Kondic2019,,false,,
Ocotepecspkr1-123_painfulsick-1,,Ocotepecspkr1,123_painfulsick,►,►,,,Kondic2019,,false,,
Ocotepecspkr1-124_good-1,,Ocotepecspkr1,124_good,►,►,,,Kondic2019,,false,,
Ocotepecspkr1-128_rotten-1,,Ocotepecspkr1,128_rotten,►,►,,,Kondic2019,,false,,
Ocotepecspkr1-129_all-1,,Ocotepecspkr1,129_all,►,►,,,Kondic2019,,false,,
Ocotepecspkr1-130_heavy-1,,Ocotepecspkr1,130_heavy,►,►,,,Kondic2019,,false,,
Ocotepecspkr1-131_far-1,,Ocotepecspkr1,131_far,►,►,,,Kondic2019,,false,,
Ocotepecspkr1-132_near-1,,Ocotepecspkr1,132_near,►,►,,,Kondic2019,,false,,
Ocotepecspkr1-133_warm-1,,Ocotepecspkr1,133_warm,►,►,,,Kondic2019,,false,,
Ocotepecspkr1-134_cold-1,,Ocotepecspkr1,134_cold,►,►,,,Kondic2019,,false,,
Ocotepecspkr1-135_dry-1,,Ocotepecspkr1,135_dry,►,►,,,Kondic2019,,false,,
Ocotepecspkr1-136_wet-1,,Ocotepecspkr1,136_wet,►,►,,,Kondic2019,,false,,
Ocotepecspkr1-137_new-1,,Ocotepecspkr1,137_new,►,►,,,Kondic2019,,false,,
Ocotepecspkr1-138_other-1,,Ocotepecspkr1,138_other,►,►,,,Kondic2019,,false,,
Ocotepecspkr1-139_come-1,,Ocotepecspkr1,139_come,►,►,,,Kondic2019,,false,,
Ocotepecspkr1-140_walk-1,,Ocotepecspkr1,140_walk,►,►,,,Kondic2019,,false,,
Ocotepecspkr1-141_grow-1,,Ocotepecspkr1,141_grow,►,►,,,Kondic2019,,false,,
Ocotepecspkr1-142_stand-1,,Ocotepecspkr1,142_stand,►,►,,,Kondic2019,,false,,
Ocotepecspkr1-143_sit-1,,Ocotepecspkr1,143_sit,►,►,,,Kondic2019,,false,,
Ocotepecspkr1-144_fall-1,,Ocotepecspkr1,144_fall,►,►,,,Kondic2019,,false,,
Ocotepecspkr1-145_liedown-1,,Ocotepecspkr1,145_liedown,►,►,,,Kondic2019,,false,,
Ocotepecspkr1-146_turn-1,,Ocotepecspkr1,146_turn,►,►,,,Kondic2019,,false,,
Ocotepecspkr1-147_climb-1,,Ocotepecspkr1,147_climb,►,►,,,Kondic2019,,false,,
Ocotepecspkr1-148_swim-1,,Ocotepecspkr1,148_swim,►,►,,,Kondic2019,,false,,
Ocotepecspkr1-149_flyverb-1,,Ocotepecspkr1,149_flyverb,►,►,,,Kondic2019,,false,,
Ocotepecspkr1-150_throw-1,,Ocotepecspkr1,150_throw,►,►,,,Kondic2019,,false,,
Ocotepecspkr1-151_hide-1,,Ocotepecspkr1,151_hide,►,►,,,Kondic2019,,false,,
Ocotepecspkr1-152_chew-1,,Ocotepecspkr1,152_chew,►,►,,,Kondic2019,,false,,
Ocotepecspkr1-153_eat-1,,Ocotepecspkr1,153_eat,►,►,,,Kondic2019,,false,,
Ocotepecspkr1-154_drink-1,,Ocotepecspkr1,154_drink,►,►,,,Kondic2019,,false,,
Ocotepecspkr1-155_bite-1,,Ocotepecspkr1,155_bite,►,►,,,Kondic2019,,false,,
Ocotepecspkr1-156_suck-1,,Ocotepecspkr1,156_suck,►,►,,,Kondic2019,,false,,
Ocotepecspkr1-157_yawn-1,,Ocotepecspkr1,157_yawn,►,►,,,Kondic2019,,false,,
Ocotepecspkr1-158_spit-1,,Ocotepecspkr1,158_spit,►,►,,,Kondic2019,,false,,
Ocotepecspkr1-159_dream-1,,Ocotepecspkr1,159_dream,►,►,,,Kondic2019,,false,,
Ocotepecspkr1-160_sleep-1,,Ocotepecspkr1,160_sleep,►,►,,,Kondic2019,,false,,
Ocotepecspkr1-161_live-1,,Ocotepecspkr1,161_live,►,►,,,Kondic2019,,false,,
Ocotepecspkr1-162_die-1,,Ocotepecspkr1,162_die,►,►,,,Kondic2019,,false,,
Ocotepecspkr1-163_kill-1,,Ocotepecspkr1,163_kill,►,►,,,Kondic2019,,false,,
Ocotepecspkr1-164_see-1,,Ocotepecspkr1,164_see,►,►,,,Kondic2019,,false,,
Ocotepecspkr1-165_hear-1,,Ocotepecspkr1,165_hear,►,►,,,Kondic2019,,false,,
Ocotepecspkr1-167_know-1,,Ocotepecspkr1,167_know,►,►,,,Kondic2019,,false,,
Ocotepecspkr1-168_think-1,,Ocotepecspkr1,168_think,►,►,,,Kondic2019,,false,,
Ocotepecspkr1-169_laugh-1,,Ocotepecspkr1,169_laugh,►,►,,,Kondic2019,,false,,
Ocotepecspkr1-170_cry-1,,Ocotepecspkr1,170_cry,►,►,,,Kondic2019,,false,,
Ocotepecspkr1-171_blow-1,,Ocotepecspkr1,171_blow,►,►,,,Kondic2019,,false,,
Ocotepecspkr1-172_burn-1,,Ocotepecspkr1,172_burn,►,►,,,Kondic2019,,false,,
Ocotepecspkr1-173_flow-1,,Ocotepecspkr1,173_flow,►,►,,,Kondic2019,,false,,
Ocotepecspkr1-174_sew-1,,Ocotepecspkr1,174_sew,►,►,,,Kondic2019,,false,,
Ocotepecspkr1-175_pound-1,,Ocotepecspkr1,175_pound,►,►,,,Kondic2019,,false,,
Ocotepecspkr1-176_hit-1,,Ocotepecspkr1,176_hit,►,►,,,Kondic2019,,false,,
Ocotepecspkr1-181_hold-1,,Ocotepecspkr1,181_hold,►,►,,,Kondic2019,,false,,
Ocotepecspkr1-182_fear-1,,Ocotepecspkr1,182_fear,►,►,,,Kondic2019,,false,,
Ocotepecspkr1-183_count-1,,Ocotepecspkr1,183_count,►,►,,,Kondic2019,,false,,
Ocotepecspkr1-185_vomit-1,,Ocotepecspkr1,185_vomit,►,►,,,Kondic2019,,false,,
Ocotepecspkr1-186_tieup-1,,Ocotepecspkr1,186_tieup,►,►,,,Kondic2019,,false,,
Ocotepecspkr1-187_squeeze-1,,Ocotepecspkr1,187_squeeze,►,►,,,Kondic2019,,false,,
Ocotepecspkr1-188_swell-1,,Ocotepecspkr1,188_swell,►,►,,,Kondic2019,,false,,
Ocotepecspkr1-189_say-1,,Ocotepecspkr1,189_say,►,►,,,Kondic2019,,false,,
Ocotepecspkr1-190_scratch-1,,Ocotepecspkr1,190_scratch,►,►,,,Kondic2019,,false,,
Ocotepecspkr1-191_stab-1,,Ocotepecspkr1,191_stab,►,►,,,Kondic2019,,false,,
Ocotepecspkr1-192_buy-1,,Ocotepecspkr1,192_buy,►,►,,,Kondic2019,,false,,
Ocotepecspkr1-193_steal-1,,Ocotepecspkr1,193_steal,►,►,,,Kondic2019,,false,,
Ocotepecspkr1-194_choose-1,,Ocotepecspkr1,194_choose,►,►,,,Kondic2019,,false,,
Ocotepecspkr1-195_plant-1,,Ocotepecspkr1,195_plant,►,►,,,Kondic2019,,false,,
Ocotepecspkr1-198_work-1,,Ocotepecspkr1,198_work,►,►,,,Kondic2019,,false,,
Ocotepecspkr1-199_open-1,,Ocotepecspkr1,199_open,►,►,,,Kondic2019,,false,,
Pantepec-1_one-1,,Pantepec,1_one,tumə,tumə,t u m ə,,Kondic2019,,false,^ t u m ə $,default
Pantepec-2_two-1,,Pantepec,2_two,metsa,metsa,m e ts a,,Kondic2019,,false,^ m e ts a $,default
Pantepec-3_three-1,,Pantepec,3_three,tukaj,tukaj,t u k a j,,Kondic2019,,false,^ t u k a j $,default
Pantepec-4_four-1,,Pantepec,4_four,makʃkuj,makʃkuj,m a k ʃ k u j,,Kondic2019,,false,^ m a k ʃ k u j $,default
Pantepec-5_year-1,,Pantepec,5_year,ame,ame,a m e,,Kondic2019,,false,^ a m e $,default
Pantepec-6_right-1,,Pantepec,6_right,təʔənak,təʔənak,t ə ʔ ə n a k,,Kondic2019,,false,^ t əʔə n a k $,default
Pantepec-7_left-1,,Pantepec,7_left,agɲak,agɲak,a g ɲ a k,,Kondic2019,,false,^ a g ɲ a k $,default
Pantepec-8_i-1,,Pantepec,8_i,əjt,əjt,ə j t,,Kondic2019,,false,^ ə j t $,default
Pantepec-10_weallincl-1,,Pantepec,10_weallincl,ətət,ətət,ə t ə t,,Kondic2019,,false,^ ə t ə t $,default
Pantepec-11_yousg-1,,Pantepec,11_yousg,miht,miht,m i h t,,Kondic2019,,false,^ m i h t $,default
Pantepec-12_heshe-1,,Pantepec,12_heshe,hikə,hikə,h i k ə,,Kondic2019,,false,^ h i k ə $,default
Pantepec-13_theyall-1,,Pantepec,13_theyall,hiktʲa,hiktʲa,h i k tʲ a,,Kondic2019,,false,^ h i k tʲ a $,default
Pantepec-14_nonot-1,,Pantepec,14_nonot,hinda,hinda,h i n d a,,Kondic2019,,false,^ h i n d a $,default
Pantepec-15_what-1,,Pantepec,15_what,tijə,tijə,t i j ə,,Kondic2019,,false,^ t i j ə $,default
Pantepec-16_who-1,,Pantepec,16_who,eja,eja,e j a,,Kondic2019,,false,^ e j a $,default
Pantepec-17_where-1,,Pantepec,17_where,huwə,huwə,h u w ə,,Kondic2019,,false,^ h u w ə $,default
Pantepec-18_when-1,,Pantepec,18_when,huhtʲeʔek,huhtʲeʔek,h u h tʲ e ʔ e k,,Kondic2019,,false,^ h u h tʲ eʔe k $,default
Pantepec-19_how-1,,Pantepec,19_how,huʔutsə,huʔutsə,h u ʔ u ts ə,,Kondic2019,,false,^ h uʔu ts ə $,default
Pantepec-20_this-1,,Pantepec,20_this,jənə,jənə,j ə n ə,,Kondic2019,,false,^ j ə n ə $,default
Pantepec-21_that-1,,Pantepec,21_that,hikə,hikə,h i k ə,,Kondic2019,,false,^ h i k ə $,default
Pantepec-23_above-1,,Pantepec,23_above,wiŋəsi,wiŋəsi,w i ŋ ə s i,,Kondic2019,,false,^ w i ŋ ə s i $,default
Pantepec-24_below-1,,Pantepec,24_below,kəʔji,kəʔji,k ə ʔ j i,,Kondic2019,,false,^ k ə ʔ j i $,default
Pantepec-25_ininside-1,,Pantepec,25_ininside,homo,homo,h o m o,,Kondic2019,,false,^ h o m o $,default
Pantepec-27_head-1,,Pantepec,27_head,kowahk,kowahk,k o w a h k,,Kondic2019,,false,^ k o w a h k $,default
Pantepec-28_hair-1,,Pantepec,28_hair,wʲahʲ,wʲahʲ,wʲ a hʲ,<j-wahʲ POSS3-hair 'his hair',Kondic2019,,false,^ wʲ a hʲ $,default
Pantepec-29_eye-1,,Pantepec,29_eye,wʲiʔidəp,wʲiʔidəp,wʲ i ʔ i d ə p,<j-wiʔidəp POSS3-eye 'his eye',Kondic2019,,false,^ wʲ iʔi d ə p $,default
Pantepec-30_nose-1,,Pantepec,30_nose,kinə,kinə,k i n ə,,Kondic2019,,false,^ k i n ə $,default
Pantepec-31_ear-1,,Pantepec,31_ear,tʲaʔatsək,tʲaʔatsək,tʲ a ʔ a ts ə k,<j-taʔatsək POSS3-ear 'his ear',Kondic2019,,false,^ tʲ aʔa ts ə k $,default
Pantepec-32_mouth-1,,Pantepec,32_mouth,jahnaka,jahnaka,j a h n a k a,,Kondic2019,,false,^ j a h n a k a $,default
Pantepec-33_tongue-1,,Pantepec,33_tongue,tʲoʔohts,tʲoʔohts,tʲ o ʔ o h ts,<j-toʔohts POSS3-tongue 'his tongue',Kondic2019,,false,^ tʲ oʔo h ts $,default
Pantepec-34_tooth-1,,Pantepec,34_tooth,tʲəʔəhts,tʲəʔəhts,tʲ ə ʔ ə h ts,<j-təʔəhts POSS3-tooth 'his tooth',Kondic2019,,false,^ tʲ əʔə h ts $,default
Pantepec-35_hand-1,,Pantepec,35_hand,kə,kə,k ə,,Kondic2019,,false,^ k ə $,default
Pantepec-36_shoulder-1,,Pantepec,36_shoulder,pʲeki,pʲeki,pʲ e k i,<j-peki POSS3-shoulder 'his shoulder',Kondic2019,,false,^ pʲ e k i $,default
Pantepec-37_neck-1,,Pantepec,37_neck,kʲənə,kʲənə,kʲ ə n ə,<j-kənə POSS3-heck 'his neck',Kondic2019,,false,^ kʲ ə n ə $,default
Pantepec-38_back-1,,Pantepec,38_back,uka,uka,u k a,,Kondic2019,,false,^ u k a $,default
Pantepec-39_leg-1,,Pantepec,39_leg,tsuhk,tsuhk,ts u h k,,Kondic2019,,false,^ ts u h k $,default
Pantepec-40_blood-1,,Pantepec,40_blood,nəwit,nəwit,n ə w i t,,Kondic2019,,false,^ n ə w i t $,default
Pantepec-41_bone-1,,Pantepec,41_bone,pʲahk,pʲahk,pʲ a h k,<j-pahk POSS3-bone 'his bone',Kondic2019,,false,^ pʲ a h k $,default
Pantepec-42_skin-1,,Pantepec,42_skin,naka,naka,n a k a,<n-aka POSS1-sin 'my skin',Kondic2019,,false,^ n a k a $,default
Pantepec-43_belly-1,,Pantepec,43_belly,tʲoko,tʲoko,tʲ o k o,<j-toko POSS3-belly 'his belly',Kondic2019,,false,^ tʲ o k o $,default
Pantepec-44_intestines-1,,Pantepec,44_intestines,pʲuʔu,pʲuʔu,pʲ u ʔ u,<j-puʔu POSS3-intestines 'his intestines',Kondic2019,,false,^ pʲ uʔu $,default
Pantepec-45_breast-1,,Pantepec,45_breast,tʲuʔutsi,tʲuʔutsi,tʲ u ʔ u ts i,<j-tuʔutsi POSS3-breasts 'her breasts',Kondic2019,,false,^ tʲ uʔu ts i $,default
Pantepec-46_liver-1,,Pantepec,46_liver,pʲat,pʲat,pʲ a t,<j-pat POSS3-liver 'his liver',Kondic2019,,false,^ pʲ a t $,default
Pantepec-47_dog-1,,Pantepec,47_dog,tuwi,tuwi,t u w i,,Kondic2019,,false,^ t u w i $,default
Pantepec-48_bird-1,,Pantepec,48_bird,paloma,paloma,p a l o m a,Spanish,Kondic2019,,false,^ p a l o m a $,default
Pantepec-49_fish-1,,Pantepec,49_fish,punu,punu,p u n u,,Kondic2019,,false,^ p u n u $,default
Pantepec-50_snake-1,,Pantepec,50_snake,tsat,tsat,ts a t,,Kondic2019,,false,^ ts a t $,default
Pantepec-51_worm-1,,Pantepec,51_worm,tot,tot,t o t,,Kondic2019,,false,^ t o t $,default
Pantepec-52_louse-1,,Pantepec,52_louse,awat,awat,a w a t,,Kondic2019,,false,^ a w a t $,default
Pantepec-53_rat-1,,Pantepec,53_rat,tsuhk,tsuhk,ts u h k,,Kondic2019,,false,^ ts u h k $,default
Pantepec-54_spider-1,,Pantepec,54_spider,aʔamu,aʔamu,a ʔ a m u,,Kondic2019,,false,^ aʔa m u $,default
Pantepec-55_mosquito-1,,Pantepec,55_mosquito,usuk,usuk,u s u k,,Kondic2019,,false,^ u s u k $,default
Pantepec-56_egg-1,,Pantepec,56_egg,poʔoka,poʔoka,p o ʔ o k a,,Kondic2019,,false,^ p oʔo k a $,default
Pantepec-57_tail-1,,Pantepec,57_tail,tʲuʔuts,tʲuʔuts,tʲ u ʔ u ts,<j-tuʔuts POSS3-tail 'his tail',Kondic2019,,false,^ tʲ uʔu ts $,default
Pantepec-58_wing-1,,Pantepec,58_wing,sʲaha►,sʲaha►,sʲ a h a,<j-saha POSS3-wing 'his wing',Kondic2019,,false,^ sʲ a h a ► $,default
Pantepec-59_feather-1,,Pantepec,59_feather,pəhk,pəhk,p ə h k,,Kondic2019,,false,^ p ə h k $,default
Pantepec-60_person-1,,Pantepec,60_person,pət,pət,p ə t,,Kondic2019,,false,^ p ə t $,default
Pantepec-61_man-1,,Pantepec,61_man,pət,pət,p ə t,,Kondic2019,,false,^ p ə t $,default
Pantepec-62_woman-1,,Pantepec,62_woman,jomoʔ,jomoʔ,j o m o ʔ,,Kondic2019,,false,^ j o m o ʔ $,default
Pantepec-63_child-1,,Pantepec,63_child,une,une,u n e,,Kondic2019,,false,^ u n e $,default
Pantepec-64_name-1,,Pantepec,64_name,nʲəʔəji,nʲəʔəji,nʲ ə ʔ ə j i,<j-nəʔəji POSS3-name 'his name',Kondic2019,,false,^ nʲ əʔə j i $,default
Pantepec-65_mother-1,,Pantepec,65_mother,mʲama,mʲama,mʲ a m a,<j-mama POSS3-mother 'his mother',Kondic2019,,false,^ mʲ a m a $,default
Pantepec-66_father-1,,Pantepec,66_father,hʲaʔada,hʲaʔada,hʲ a ʔ a d a,<j-haʔada POSS3-father 'his father',Kondic2019,,false,^ hʲ aʔa d a $,default
Pantepec-67_husband-1,,Pantepec,67_husband,haja,haja,h a j a,,Kondic2019,,false,^ h a j a $,default
Pantepec-68_wife-1,,Pantepec,68_wife,jomoʔ,jomoʔ,j o m o ʔ,,Kondic2019,,false,^ j o m o ʔ $,default
Pantepec-69_day-1,,Pantepec,69_day,hama,hama,h a m a,,Kondic2019,,false,^ h a m a $,default
Pantepec-70_night-1,,Pantepec,70_night,tsuʔ,tsuʔ,ts u ʔ,,Kondic2019,,false,^ ts u ʔ $,default
Pantepec-71_moon-1,,Pantepec,71_moon,mamantʲuwe,mamantʲuwe,m a m a n tʲ u w e,,Kondic2019,,false,^ m a m a n tʲ u w e $,default
Pantepec-72_star-1,,Pantepec,72_star,matsa,matsa,m a ts a,,Kondic2019,,false,^ m a ts a $,default
Pantepec-73_sky-1,,Pantepec,73_sky,tsahp,tsahp,ts a h p,,Kondic2019,,false,^ ts a h p $,default
Pantepec-74_water-1,,Pantepec,74_water,nəʔ,nəʔ,n ə ʔ,,Kondic2019,,false,^ n ə ʔ $,default
Pantepec-75_lake-1,,Pantepec,75_lake,meja,meja,m e j a,,Kondic2019,,false,^ m e j a $,default
Pantepec-76_sea-1,,Pantepec,76_sea,hopak,hopak,h o p a k,,Kondic2019,,false,^ h o p a k $,default
Pantepec-77_fire-1,,Pantepec,77_fire,huktək,huktək,h u k t ə k,,Kondic2019,,false,^ h u k t ə k $,default
Pantepec-78_smoke-1,,Pantepec,78_smoke,hoko,hoko,h o k o,,Kondic2019,,false,^ h o k o $,default
Pantepec-79_ash-1,,Pantepec,79_ash,hap,hap,h a p,,Kondic2019,,false,^ h a p $,default
Pantepec-80_stone-1,,Pantepec,80_stone,tsaʔ,tsaʔ,ts a ʔ,,Kondic2019,,false,^ ts a ʔ $,default
Pantepec-81_earthsoil-1,,Pantepec,81_earthsoil,nas,nas,n a s,,Kondic2019,,false,^ n a s $,default
Pantepec-82_dust-1,,Pantepec,82_dust,poʔojo,poʔojo,p o ʔ o j o,,Kondic2019,,false,^ p oʔo j o $,default
Pantepec-83_sand-1,,Pantepec,83_sand,poʔojo,poʔojo,p o ʔ o j o,,Kondic2019,,false,^ p oʔo j o $,default
Pantepec-84_rain-1,,Pantepec,84_rain,tuh,tuh,t u h,,Kondic2019,,false,^ t u h $,default
Pantepec-85_cloud-1,,Pantepec,85_cloud,oʔona,oʔona,o ʔ o n a,,Kondic2019,,false,^ oʔo n a $,default
Pantepec-86_wind-1,,Pantepec,86_wind,sawa,sawa,s a w a,,Kondic2019,,false,^ s a w a $,default
Pantepec-87_fog-1,,Pantepec,87_fog,oʔona,oʔona,o ʔ o n a,,Kondic2019,,false,^ oʔo n a $,default
Pantepec-88_thunder-1,,Pantepec,88_thunder,məhə,məhə,m ə h ə,,Kondic2019,,false,^ m ə h ə $,default
Pantepec-89_lightning-1,,Pantepec,89_lightning,neʔemaʔ,neʔemaʔ,n e ʔ e m a ʔ,,Kondic2019,,false,^ n eʔe m a ʔ $,default
Pantepec-90_meatflesh-1,,Pantepec,90_meatflesh,sʲis,sʲis,sʲ i s,<j-sis POSS3-meat 'his/her/its meat',Kondic2019,,false,^ sʲ i s $,default
Pantepec-91_salt-1,,Pantepec,91_salt,kana,kana,k a n a,,Kondic2019,,false,^ k a n a $,default
Pantepec-92_fatgrease-1,,Pantepec,92_fatgrease,manteka,manteka,m a n t e k a,Spanish,Kondic2019,,false,^ m a n t e k a $,default
Pantepec-93_fruit-1,,Pantepec,93_fruit,təʔəp,təʔəp,t ə ʔ ə p,,Kondic2019,,false,^ t əʔə p $,default
Pantepec-94_woodsforest-1,,Pantepec,94_woodsforest,tsaʔamə,tsaʔamə,ts a ʔ a m ə,,Kondic2019,,false,^ ts aʔa m ə $,default
Pantepec-95_root-1,,Pantepec,95_root,wʲatsi,wʲatsi,wʲ a ts i,,Kondic2019,,false,^ wʲ a ts i $,default
Pantepec-96_branch-1,,Pantepec,96_branch,jamwets,jamwets,j a m w e ts,,Kondic2019,,false,^ j a m w e ts $,default
Pantepec-97_leaf-1,,Pantepec,97_leaf,ahʲ,ahʲ,a hʲ,,Kondic2019,,false,^ a hʲ $,default
Pantepec-98_wood-1,,Pantepec,98_wood,kuhʲ,kuhʲ,k u hʲ,,Kondic2019,,false,^ k u hʲ $,default
Pantepec-99_grass-1,,Pantepec,99_grass,tanə,tanə,t a n ə,,Kondic2019,,false,^ t a n ə $,default
Pantepec-100_flower-1,,Pantepec,100_flower,həjə,həjə,h ə j ə,,Kondic2019,,false,^ h ə j ə $,default
Pantepec-101_thatchroof-1,,Pantepec,101_thatchroof,nekseʔedek,nekseʔedek,n e k s e ʔ e d e k,,Kondic2019,,false,^ n e k s eʔe d e k $,default
Pantepec-102_house-1,,Pantepec,102_house,tʲəhk,tʲəhk,tʲ ə h k,<j-təhk POSS3-house 'his house',Kondic2019,,false,^ tʲ ə h k $,default
Pantepec-103_rope-1,,Pantepec,103_rope,tsahʲ,tsahʲ,ts a hʲ,,Kondic2019,,false,^ ts a hʲ $,default
Pantepec-104_needle-1,,Pantepec,104_needle,akuʃʲa,akuʃʲa,a k u ʃʲ a,,Kondic2019,,false,^ a k u ʃʲ a $,default
Pantepec-105_roadpath-1,,Pantepec,105_roadpath,tuk,tuk,t u k,,Kondic2019,,false,^ t u k $,default
Pantepec-106_black-1,,Pantepec,106_black,jəhkək,jəhkək,j ə h k ə k,,Kondic2019,,false,^ j ə h k ə k $,default
Pantepec-107_white-1,,Pantepec,107_white,pobo,pobo,p o b o,,Kondic2019,,false,^ p o b o $,default
Pantepec-108_red-1,,Pantepec,108_red,tsawas,tsawas,ts a w a s,,Kondic2019,,false,^ ts a w a s $,default
Pantepec-109_green-1,,Pantepec,109_green,tsuhtsu,tsuhtsu,ts u h ts u,,Kondic2019,,false,^ ts u h ts u $,default
Pantepec-110_yellow-1,,Pantepec,110_yellow,puʔutʲ,puʔutʲ,p u ʔ u tʲ,,Kondic2019,,false,^ p uʔu tʲ $,default
Pantepec-111_big-1,,Pantepec,111_big,məhabə,məhabə,m ə h a b ə,,Kondic2019,,false,^ m ə h a b ə $,default
Pantepec-112_small-1,,Pantepec,112_small,tʲepə,tʲepə,tʲ e p ə,,Kondic2019,,false,^ tʲ e p ə $,default
Pantepec-113_long-1,,Pantepec,113_long,pəhiʔiwə,pəhiʔiwə,p ə h i ʔ i w ə,,Kondic2019,,false,^ p ə h iʔi w ə $,default
Pantepec-114_short-1,,Pantepec,114_short,tʲətəpə,tʲətəpə,tʲ ə t ə p ə,,Kondic2019,,false,^ tʲ ə t ə p ə $,default
Pantepec-115_thick-1,,Pantepec,115_thick,tsaŋawə,tsaŋawə,ts a ŋ a w ə,,Kondic2019,,false,^ ts a ŋ a w ə $,default
Pantepec-116_thin-1,,Pantepec,116_thin,kajiʔiwə,kajiʔiwə,k a j i ʔ i w ə,,Kondic2019,,false,^ k a j iʔi w ə $,default
Pantepec-117_narrow-1,,Pantepec,117_narrow,konowə,konowə,k o n o w ə,,Kondic2019,,false,^ k o n o w ə $,default
Pantepec-118_wide-1,,Pantepec,118_wide,peʔtsi,peʔtsi,p e ʔ ts i,,Kondic2019,,false,^ p e ʔ ts i $,default
Pantepec-119_sharp-1,,Pantepec,119_sharp,winaʔ,winaʔ,w i n a ʔ,,Kondic2019,,false,^ w i n a ʔ $,default
Pantepec-120_bluntdull-1,,Pantepec,120_bluntdull,wit,wit,w i t,,Kondic2019,,false,^ w i t $,default
Pantepec-121_shyashamed-1,,Pantepec,121_shyashamed,naʔtseʔewə,naʔtseʔewə,n a ʔ ts e ʔ e w ə,,Kondic2019,,false,^ n a ʔ ts eʔe w ə $,default
Pantepec-122_old-1,,Pantepec,122_old,tsaʔampə,tsaʔampə,ts a ʔ a m p ə,,Kondic2019,,false,^ ts aʔa m p ə $,default
Pantepec-123_painfulsick-1,,Pantepec,123_painfulsick,toʔobija,toʔobija,t o ʔ o b i j a,,Kondic2019,,false,^ t oʔo b i j a $,default
Pantepec-124_good-1,,Pantepec,124_good,wəbə,wəbə,w ə b ə,,Kondic2019,,false,^ w ə b ə $,default
Pantepec-125_bad-1,,Pantepec,125_bad,malowə,malowə,m a l o w ə,<malo-wə  malo(Spanish)-ADJ bad-ADJ,Kondic2019,,false,^ m a l o w ə $,default
Pantepec-126_correcttrue-1,,Pantepec,126_correcttrue,wəbə,wəbə,w ə b ə,,Kondic2019,,false,^ w ə b ə $,default
Pantepec-127_dirty-1,,Pantepec,127_dirty,nasəju,nasəju,n a s ə j u,,Kondic2019,,false,^ n a s ə j u $,default
Pantepec-128_rotten-1,,Pantepec,128_rotten,pujtsu,pujtsu,p u j ts u,,Kondic2019,,false,^ p u j ts u $,default
Pantepec-129_all-1,,Pantepec,129_all,mumu,mumu,m u m u,,Kondic2019,,false,^ m u m u $,default
Pantepec-130_heavy-1,,Pantepec,130_heavy,hemets,hemets,h e m e ts,,Kondic2019,,false,^ h e m e ts $,default
Pantepec-131_far-1,,Pantepec,131_far,jaj,jaj,j a j,,Kondic2019,,false,^ j a j $,default
Pantepec-132_near-1,,Pantepec,132_near,tome,tome,t o m e,,Kondic2019,,false,^ t o m e $,default
Pantepec-133_warm-1,,Pantepec,133_warm,niŋə,niŋə,n i ŋ ə,,Kondic2019,,false,^ n i ŋ ə $,default
Pantepec-134_cold-1,,Pantepec,134_cold,pakak,pakak,p a k a k,,Kondic2019,,false,^ p a k a k $,default
Pantepec-135_dry-1,,Pantepec,135_dry,təhtsu,təhtsu,t ə h ts u,,Kondic2019,,false,^ t ə h ts u $,default
Pantepec-136_wet-1,,Pantepec,136_wet,tsoko,tsoko,ts o k o,,Kondic2019,,false,^ ts o k o $,default
Pantepec-137_new-1,,Pantepec,137_new,homʲewə,homʲewə,h o mʲ e w ə,,Kondic2019,,false,^ h o mʲ e w ə $,default
Pantepec-138_other-1,,Pantepec,138_other,ejawə,ejawə,e j a w ə,,Kondic2019,,false,^ e j a w ə $,default
Pantepec-139_come-1,,Pantepec,139_come,miʔinu,miʔinu,m i ʔ i n u,<miʔin-u come-COM 'came',Kondic2019,,false,^ m iʔi n u $,default
Pantepec-140_walk-1,,Pantepec,140_walk,witkuj,witkuj,w i t k u j,<wit-kuj walk-NOM 'walking',Kondic2019,,false,^ w i t k u j $,default
Pantepec-141_grow-1,,Pantepec,141_grow,jeʔeŋu,jeʔeŋu,j e ʔ e ŋ u,<j-jeʔeŋ-u A3-grow-COM 'he grew',Kondic2019,,false,^ j eʔe ŋ u $,default
Pantepec-142_stand-1,,Pantepec,142_stand,tenawʲa,tenawʲa,t e n a wʲ a,<tenaj-pa stand-INC,Kondic2019,,false,^ t e n a wʲ a $,default
Pantepec-143_sit-1,,Pantepec,143_sit,poʔokspa,poʔokspa,p o ʔ o k s p a,<poʔoks-pa sit-INC,Kondic2019,,false,^ p oʔo k s p a $,default
Pantepec-144_fall-1,,Pantepec,144_fall,kuʔunu,kuʔunu,k u ʔ u n u,<kuʔun-u fall-COM 'fell',Kondic2019,,false,^ k uʔu n u $,default
Pantepec-145_liedown-1,,Pantepec,145_liedown,əʔəmba,əʔəmba,ə ʔ ə m b a,<əʔən-pa sleep-INC,Kondic2019,,false,^ əʔə m b a $,default
Pantepec-146_turn-1,,Pantepec,146_turn,tsenkseʔedu,tsenkseʔedu,ts e n k s e ʔ e d u,<tsenkseʔed-u turn-COM 'turned',Kondic2019,,false,^ ts e n k s eʔe d u $,default
Pantepec-147_climb-1,,Pantepec,147_climb,kiʔimu,kiʔimu,k i ʔ i m u,<kiʔim-u climb-COM 'climbed',Kondic2019,,false,^ k iʔi m u $,default
Pantepec-148_swim-1,,Pantepec,148_swim,suʔumu,suʔumu,s u ʔ u m u,<suʔum-u swim-COM 'swam',Kondic2019,,false,^ s uʔu m u $,default
Pantepec-149_flyverb-1,,Pantepec,149_flyverb,kejeʔeju,kejeʔeju,k e j e ʔ e j u,<kejeʔej-u fly-COM,Kondic2019,,false,^ k e j eʔe j u $,default
Pantepec-150_throw-1,,Pantepec,150_throw,wʲəpəʔəw,wʲəpəʔəw,wʲ ə p ə ʔ ə w,<j-wəpəʔəw A3-throw 'he threw',Kondic2019,,false,^ wʲ ə p əʔə w $,default
Pantepec-151_hide-1,,Pantepec,151_hide,kəwəʔənu,kəwəʔənu,k ə w ə ʔ ə n u,<kəwəʔən-u hide-COM 'hid',Kondic2019,,false,^ k ə w əʔə n u $,default
Pantepec-152_chew-1,,Pantepec,152_chew,waspa,waspa,w a s p a,<was-pa chew-INC 'chews',Kondic2019,,false,^ w a s p a $,default
Pantepec-153_eat-1,,Pantepec,153_eat,kutpa,kutpa,k u t p a,<kut-pa eat-INC 'eats',Kondic2019,,false,^ k u t p a $,default
Pantepec-154_drink-1,,Pantepec,154_drink,jukpa,jukpa,j u k p a,<juk-pa drink-INC,Kondic2019,,false,^ j u k p a $,default
Pantepec-155_bite-1,,Pantepec,155_bite,kəʔəsowʲa,kəʔəsowʲa,k ə ʔ ə s o wʲ a,<kəʔəsoj-pa bite-INC,Kondic2019,,false,^ k əʔə s o wʲ a $,default
Pantepec-156_suck-1,,Pantepec,156_suck,tʲiwatsuʔutsi,tʲiwatsuʔutsi,tʲ i w a ts u ʔ u ts i,<j-tiwa-tsuʔutsi 3A-offer?-breast 'gives her breasts',Kondic2019,,false,^ tʲ i w a ts uʔu ts i $,default
Pantepec-157_yawn-1,,Pantepec,157_yawn,hawaspa,hawaspa,h a w a s p a,<hawas-pa yawn-INC,Kondic2019,,false,^ h a w a s p a $,default
Pantepec-158_spit-1,,Pantepec,158_spit,tsuhpa,tsuhpa,ts u h p a,<tsuh-pa split-INC 'splits',Kondic2019,,false,^ ts u h p a $,default
Pantepec-159_dream-1,,Pantepec,159_dream,mawasʲəʔəwʲa,mawasʲəʔəwʲa,m a w a sʲ ə ʔ ə wʲ a,<mawa-sʲəʔəj-pa sleep-dream-INC,Kondic2019,,false,^ m a w a sʲ əʔə wʲ a $,default
Pantepec-160_sleep-1,,Pantepec,160_sleep,əʔəmba,əʔəmba,ə ʔ ə m b a,<əʔən-pa sleep-INC,Kondic2019,,false,^ əʔə m b a $,default
Pantepec-161_live-1,,Pantepec,161_live,ijtu,ijtu,i j t u,<ijt-u live-COM,Kondic2019,,false,^ i j t u $,default
Pantepec-162_die-1,,Pantepec,162_die,kaw,kaw,k a w,,Kondic2019,,false,^ k a w $,default
Pantepec-163_kill-1,,Pantepec,163_kill,jahkaw,jahkaw,j a h k a w,<jahk-kaw CAUS-die,Kondic2019,,false,^ j a h k a w $,default
Pantepec-164_see-1,,Pantepec,164_see,kembah,kembah,k e m b a h,IMP,Kondic2019,,false,^ k e m b a h $,default
Pantepec-165_hear-1,,Pantepec,165_hear,madəhoʔowʲa,madəhoʔowʲa,m a d ə h o ʔ o wʲ a,<madəhoʔoj-pa hear-INC,Kondic2019,,false,^ m a d ə h oʔo wʲ a $,default
Pantepec-166_sniffsmell-1,,Pantepec,166_sniffsmell,hʲuʔukispa,hʲuʔukispa,hʲ u ʔ u k i s p a,<j-huʔuk-is-pa A3-smell-?-INC 'he smells it',Kondic2019,,false,^ hʲ uʔu k i s p a $,default
Pantepec-167_know-1,,Pantepec,167_know,mʲuspa,mʲuspa,mʲ u s p a,<j-mus-pa A3-know-INC 'he knows',Kondic2019,,false,^ mʲ u s p a $,default
Pantepec-168_think-1,,Pantepec,168_think,kipspa,kipspa,k i p s p a,<kips-pa thik-INC,Kondic2019,,false,^ k i p s p a $,default
Pantepec-169_laugh-1,,Pantepec,169_laugh,sikpa,sikpa,s i k p a,<sik-pa laugh-INC 'laughs',Kondic2019,,false,^ s i k p a $,default
Pantepec-170_cry-1,,Pantepec,170_cry,həʔəwʲa,həʔəwʲa,h ə ʔ ə wʲ a,<həʔəj-pa cry-INC 'cries',Kondic2019,,false,^ h əʔə wʲ a $,default
Pantepec-171_blow-1,,Pantepec,171_blow,sawa,sawa,s a w a,,Kondic2019,,false,^ s a w a $,default
Pantepec-172_burn-1,,Pantepec,172_burn,pombow,pombow,p o m b o w,,Kondic2019,,false,^ p o m b o w $,default
Pantepec-173_flow-1,,Pantepec,173_flow,poju,poju,p o j u,<poj-u run-COM 'ran',Kondic2019,,false,^ p o j u $,default
Pantepec-174_sew-1,,Pantepec,174_sew,nʲaʔaku,nʲaʔaku,nʲ a ʔ a k u,<j-naʔak-u A3-sew-COM 'he sow it',Kondic2019,,false,^ nʲ aʔa k u $,default
Pantepec-175_pound-1,,Pantepec,175_pound,wʲəʔədu,wʲəʔədu,wʲ ə ʔ ə d u,<j-wəʔəd-u A3-pound-COM 'he pounded',Kondic2019,,false,^ wʲ əʔə d u $,default
Pantepec-176_hit-1,,Pantepec,176_hit,nʲaksu,nʲaksu,nʲ a k s u,<j-naks-u A3-hit-COM 'he hit',Kondic2019,,false,^ nʲ a k s u $,default
Pantepec-177_cut-1,,Pantepec,177_cut,tʲəksu,tʲəksu,tʲ ə k s u,<j-təks-u A3-cut-COM 'he cut',Kondic2019,,false,^ tʲ ə k s u $,default
Pantepec-178_split-1,,Pantepec,178_split,wʲeʔenu,wʲeʔenu,wʲ e ʔ e n u,<j-weʔen-u A3-split-COM 'he split',Kondic2019,,false,^ wʲ eʔe n u $,default
Pantepec-179_dig-1,,Pantepec,179_dig,hʲeʔenu,hʲeʔenu,hʲ e ʔ e n u,<j-heʔen-u A3-dig-COM 'he dag',Kondic2019,,false,^ hʲ eʔe n u $,default
Pantepec-180_hunt-1,,Pantepec,180_hunt,mangmake,mangmake,m a n g m a k e,?,Kondic2019,,false,^ m a n g m a k e $,default
Pantepec-181_hold-1,,Pantepec,181_hold,nʲujku,nʲujku,nʲ u j k u,<j-nujk-u A3-hold-COM 'he held',Kondic2019,,false,^ nʲ u j k u $,default
Pantepec-182_fear-1,,Pantepec,182_fear,natspa,natspa,n a ts p a,<nats-pa fear-INC,Kondic2019,,false,^ n a ts p a $,default
Pantepec-183_count-1,,Pantepec,183_count,maʔajə,maʔajə,m a ʔ a j ə,IMP,Kondic2019,,false,^ m aʔa j ə $,default
Pantepec-184_breathe-1,,Pantepec,184_breathe,heʔekaʔawʲa,heʔekaʔawʲa,h e ʔ e k a ʔ a wʲ a,<heʔekaʔaj-pa breath-INC,Kondic2019,,false,^ h eʔe k aʔa wʲ a $,default
Pantepec-185_vomit-1,,Pantepec,185_vomit,əʔətsu,əʔətsu,ə ʔ ə ts u,<əʔəts-u vomit-COM 'vomited',Kondic2019,,false,^ əʔə ts u $,default
Pantepec-186_tieup-1,,Pantepec,186_tieup,sʲiʔinu,sʲiʔinu,sʲ i ʔ i n u,<j-siʔin-u A3-tieup-COM 'he tied it up',Kondic2019,,false,^ sʲ iʔi n u $,default
Pantepec-187_squeeze-1,,Pantepec,187_squeeze,kʲomiʔitsu,kʲomiʔitsu,kʲ o m i ʔ i ts u,<j-komiʔits-u A3-squeeze-COM 'he squeezed',Kondic2019,,false,^ kʲ o m iʔi ts u $,default
Pantepec-188_swell-1,,Pantepec,188_swell,siŋu,siŋu,s i ŋ u,<siŋ-u swell-COM 'it swoll',Kondic2019,,false,^ s i ŋ u $,default
Pantepec-189_say-1,,Pantepec,189_say,tʲaʔamu,tʲaʔamu,tʲ a ʔ a m u,<j-taʔam-u A3-say-COM 'he said',Kondic2019,,false,^ tʲ aʔa m u $,default
Pantepec-190_scratch-1,,Pantepec,190_scratch,mʲoʔotsu,mʲoʔotsu,mʲ o ʔ o ts u,<j-moʔots-u A3-steal-COM 'he stole',Kondic2019,,false,^ mʲ oʔo ts u $,default
Pantepec-191_stab-1,,Pantepec,191_stab,hʲuʔutsu,hʲuʔutsu,hʲ u ʔ u ts u,<j-huʔuts-u A3-stab-COM 'he stabbed',Kondic2019,,false,^ hʲ uʔu ts u $,default
Pantepec-192_buy-1,,Pantepec,192_buy,hʲuju,hʲuju,hʲ u j u,<j-huj-u A3-buy-COM 'he bought',Kondic2019,,false,^ hʲ u j u $,default
Pantepec-193_steal-1,,Pantepec,193_steal,nʲuʔumu,nʲuʔumu,nʲ u ʔ u m u,<j-nuʔum-u A3-steal-COM 'he stole',Kondic2019,,false,^ nʲ uʔu m u $,default
Pantepec-194_choose-1,,Pantepec,194_choose,kʲowiʔiŋu,kʲowiʔiŋu,kʲ o w i ʔ i ŋ u,<j-kowiʔiŋ-u E3-choose-COM 'he chose',Kondic2019,,false,^ kʲ o w iʔi ŋ u $,default
Pantepec-195_plant-1,,Pantepec,195_plant,nʲihpu,nʲihpu,nʲ i h p u,<j-nihp-u A3-plant-COM 'he planted',Kondic2019,,false,^ nʲ i h p u $,default
Pantepec-196_cook-1,,Pantepec,196_cook,tʲətpakʲutkuj,tʲətpakʲutkuj,tʲ ə t p a kʲ u t k u j,<j-tət-pa j-kut-kuj A3-prepare-INC POSS3-eat-NOM 'prepares his eating',Kondic2019,,false,^ tʲ ə t p a kʲ u t k u j $,default
Pantepec-197_shoot-1,,Pantepec,197_shoot,tʲuhu,tʲuhu,tʲ u h u,<j-tuh-u A3-shoot-COM 'he shot',Kondic2019,,false,^ tʲ u h u $,default
Pantepec-198_work-1,,Pantepec,198_work,josu,josu,j o s u,<j-jos-u A3-work-COM 'he worked',Kondic2019,,false,^ j o s u $,default
Protomixe-6_right-1,,Protomixe,6_right,ʔoj-in,ʔoj-in,,,Wichmann1995,,false,,
Protomixe-10_weallincl-1,,Protomixe,10_weallincl,ʔïːtsi-at,ʔïːtsi-at,,,Wichmann1995,,false,,
Protomixe-23_above-1,,Protomixe,23_above,juk-mï,juk-mï,,,Wichmann1995,,false,,
Protomixe-35_hand-1,,Protomixe,35_hand,kïʔ,kïʔ,,,Wichmann1995,,false,,
Protomixe-39_leg-1,,Protomixe,39_leg,huʔ-pak,huʔ-pak,,,Wichmann1995,,false,,
Protomixe-44_intestines-1,,Protomixe,44_intestines,tihn-tsaj,tihn-tsaj,,,Wichmann1995,,false,,
Protomixe-46_liver-1,,Protomixe,46_liver,hoːht,hoːht,,,Wichmann1995,,false,,
Protomixe-47_dog-1,,Protomixe,47_dog,ʔuku,ʔuku,,,Wichmann1995,,false,,
Protomixe-49_fish-1,,Protomixe,49_fish,ʔakʃa,ʔakʃa,,,Wichmann1995,,false,,
Protomixe-50_snake-1,,Protomixe,50_snake,tsaːnaj,tsaːnaj,,,Wichmann1995,,false,,
Protomixe-50_snake-2,,Protomixe,50_snake,tsaːʔnaj,tsaːʔnaj,,,Wichmann1995,,false,,
Protomixe-56_egg-1,,Protomixe,56_egg,tuʔt-i,tuʔt-i,,,Wichmann1995,,false,,
Protomixe-56_egg-2,,Protomixe,56_egg,tuʔt-ik,tuʔt-ik,,,Wichmann1995,,false,,
Protomixe-58_wing-1,,Protomixe,58_wing,keːk-an,keːk-an,,,Wichmann1995,,false,,
Protomixe-66_father-1,,Protomixe,66_father,teːtE,teːtE,,,Wichmann1995,,false,,
Protomixe-67_husband-1,,Protomixe,67_husband,nï-jaʔwe,nï-jaʔwe,,,Wichmann1995,,false,,
Protomixe-77_fire-1,,Protomixe,77_fire,hïhn,hïhn,,,Wichmann1995,,false,,
Protomixe-82_dust-1,,Protomixe,82_dust,puʔʃu,puʔʃu,,,Wichmann1995,,false,,
Protomixe-82_dust-2,,Protomixe,82_dust,puʔʃum,puʔʃum,,,Wichmann1995,,false,,
Protomixe-83_sand-1,,Protomixe,83_sand,puʔ,puʔ,,,Wichmann1995,,false,,
Protomixe-88_thunder-1,,Protomixe,88_thunder,ʔan-i-waj,ʔan-i-waj,,,Wichmann1995,,false,,
Protomixe-92_fatgrease-1,,Protomixe,92_fatgrease,ʔona,ʔona,,,Wichmann1995,,false,,
Protomixe-95_root-1,,Protomixe,95_root,tiktsik,tiktsik,,,Wichmann1995,,false,,
Protomixe-101_thatchroof-1,,Protomixe,101_thatchroof,mïhj,mïhj,,,Wichmann1995,,false,,
Protomixe-114_short-1,,Protomixe,114_short,naːhʃ-pi,naːhʃ-pi,,,Wichmann1995,,false,,
Protomixe-114_short-2,,Protomixe,114_short,naːhʃ-pik,naːhʃ-pik,,,Wichmann1995,,false,,
Protomixe-115_thick-1,,Protomixe,115_thick,mapʃi,mapʃi,,,Wichmann1995,,false,,
Protomixe-115_thick-2,,Protomixe,115_thick,mapʃin,mapʃin,,,Wichmann1995,,false,,
Protomixe-116_thin-1,,Protomixe,116_thin,pehaj,pehaj,,,Wichmann1995,,false,,
Protomixe-121_shyashamed-1,,Protomixe,121_shyashamed,tsoʔj,tsoʔj,,,Wichmann1995,,false,,
Protomixe-121_shyashamed-2,,Protomixe,121_shyashamed,tsoʔʲ-tuːn,tsoʔʲ-tuːn,,,Wichmann1995,,false,,
Protomixe-123_painfulsick-1,,Protomixe,123_painfulsick,pïk,pïk,,,Wichmann1995,,false,,
Protomixe-127_dirty-1,,Protomixe,127_dirty,aw-ʃïːʔk-ʔïj,aw-ʃïːʔk-ʔïj,,,Wichmann1995,,false,,
Protomixe-138_other-1,,Protomixe,138_other,hatuʔuk,hatuʔuk,,,Wichmann1995,,false,,
Protomixe-141_grow-1,,Protomixe,141_grow,jeːʔk,jeːʔk,,,Wichmann1995,,false,,
Protomixe-144_fall-1,,Protomixe,144_fall,kaʔw,kaʔw,,,Wichmann1995,,false,,
Protomixe-146_turn-1,,Protomixe,146_turn,hup,hup,,,Wichmann1995,,false,,
Protomixe-147_climb-1,,Protomixe,147_climb,pet,pet,,,Wichmann1995,,false,,
Protomixe-152_chew-1,,Protomixe,152_chew,puʔj,puʔj,,,Wichmann1995,,false,,
Protomixe-153_eat-1,,Protomixe,153_eat,kaj,kaj,,,Wichmann1995,,false,,
Protomixe-156_suck-1,,Protomixe,156_suck,tsiʔts,tsiʔts,,,Wichmann1995,,false,,
Protomixe-161_live-1,,Protomixe,161_live,hutVk,hutVk,,,Wichmann1995,,false,,
Protomixe-162_die-1,,Protomixe,162_die,ʔoːʔk,ʔoːʔk,,,Wichmann1995,,false,,
Protomixe-163_kill-1,,Protomixe,163_kill,jak-ʔoːʔk,jak-ʔoːʔk,,,Wichmann1995,,false,,
Protomixe-170_cry-1,,Protomixe,170_cry,jaːʃ - jaʔʃ,jaːʃ - jaʔʃ,,,Wichmann1995,,false,,
Protomixe-175_pound-1,,Protomixe,175_pound,hïts,hïts,,,Wichmann1995,,false,,
Protomixe-176_hit-1,,Protomixe,176_hit,wop,wop,,,Wichmann1995,,false,,
Protomixe-179_dig-1,,Protomixe,179_dig,jum,jum,,,Wichmann1995,,false,,
Protomixe-182_fear-1,,Protomixe,182_fear,tsïʔk-ʔʒj,tsïʔk-ʔʒj,,,Wichmann1995,,false,,
Protomixe-184_breathe-1,,Protomixe,184_breathe,ʃeh,ʃeh,,,Wichmann1995,,false,,
Protomixe-186_tieup-1,,Protomixe,186_tieup,tih,tih,,,Wichmann1995,,false,,
Protomixe-188_swell-1,,Protomixe,188_swell,timam,timam,,,Wichmann1995,,false,,
Protomixezoque-1_one-1,,Protomixezoque,1_one,tuʔ,tuʔ,,,Wichmann1995,,false,,
Protomixezoque-1_one-2,,Protomixezoque,1_one,tum,tum,,,Wichmann1995,,false,,
Protomixezoque-2_two-1,,Protomixezoque,2_two,mets-,mets-,,,Wichmann1995,,false,,
Protomixezoque-3_three-1,,Protomixezoque,3_three,tuk-,tuk-,,,Wichmann1995,,false,,
Protomixezoque-4_four-1,,Protomixezoque,4_four,maktaːs-,maktaːs-,,,Wichmann1995,,false,,
Protomixezoque-7_left-1,,Protomixezoque,7_left,ʔaw-nah-in,ʔaw-nah-in,,,Wichmann1995,,false,,
Protomixezoque-8_i-1,,Protomixezoque,8_i,ʔïːtsi-ʔïts,ʔïːtsi-ʔïts,,,Wichmann1995,,false,,
Protomixezoque-12_heshe-1,,Protomixezoque,12_heshe,he,he,,,Wichmann1995,,false,,
Protomixezoque-12_heshe-2,,Protomixezoque,12_heshe,heʔ,heʔ,,,Wichmann1995,,false,,
Protomixezoque-15_what-1,,Protomixezoque,15_what,ti,ti,,,Wichmann1995,,false,,
Protomixezoque-16_who-1,,Protomixezoque,16_who,pïn,pïn,,,Wichmann1995,,false,,
Protomixezoque-20_this-1,,Protomixezoque,20_this,jïʔ,jïʔ,,,Wichmann1995,,false,,
Protomixezoque-23_above-1,,Protomixezoque,23_above,kïs-mï,kïs-mï,,,Wichmann1995,,false,,
Protomixezoque-27_head-1,,Protomixezoque,27_head,ko-pak,ko-pak,,,Wichmann1995,,false,,
Protomixezoque-28_hair-1,,Protomixezoque,28_hair,waj,waj,,,Wichmann1995,,false,,
Protomixezoque-28_hair-2,,Protomixezoque,28_hair,waʔj,waʔj,,,Wichmann1995,,false,,
Protomixezoque-29_eye-1,,Protomixezoque,29_eye,win,win,,,Wichmann1995,,false,,
Protomixezoque-30_nose-1,,Protomixezoque,30_nose,hïp,hïp,,,Wichmann1995,,false,,
Protomixezoque-30_nose-2,,Protomixezoque,30_nose,hïpï,hïpï,,,Wichmann1995,,false,,
Protomixezoque-32_mouth-1,,Protomixezoque,32_mouth,ʔaw,ʔaw,,,Wichmann1995,,false,,
Protomixezoque-33_tongue-1,,Protomixezoque,33_tongue,toːts,toːts,,,Wichmann1995,,false,,
Protomixezoque-34_tooth-1,,Protomixezoque,34_tooth,tïːts,tïːts,,,Wichmann1995,,false,,
Protomixezoque-35_hand-1,,Protomixezoque,35_hand,kïʔ,kïʔ,,,Wichmann1995,,false,,
Protomixezoque-37_neck-1,,Protomixezoque,37_neck,joʔk,joʔk,,,Wichmann1995,,false,,
Protomixezoque-37_neck-2,,Protomixezoque,37_neck,joʔk-tu,joʔk-tu,,,Wichmann1995,,false,,
Protomixezoque-39_leg-1,,Protomixezoque,39_leg,puj,puj,,,Wichmann1995,,false,,
Protomixezoque-40_blood-1,,Protomixezoque,40_blood,nïʔpin,nïʔpin,,,Wichmann1995,,false,,
Protomixezoque-41_bone-1,,Protomixezoque,41_bone,pak,pak,,,Wichmann1995,,false,,
Protomixezoque-42_skin-1,,Protomixezoque,42_skin,ʔak,ʔak,,,Wichmann1995,,false,,
Protomixezoque-42_skin-2,,Protomixezoque,42_skin,ʔakï,ʔakï,,,Wichmann1995,,false,,
Protomixezoque-45_breast-1,,Protomixezoque,45_breast,tsuʔts-i,tsuʔts-i,,,Wichmann1995,,false,,
Protomixezoque-47_dog-1,,Protomixezoque,47_dog,ʔuku,ʔuku,,,Wichmann1995,,false,,
Protomixezoque-48_bird-1,,Protomixezoque,48_bird,hon,hon,,,Wichmann1995,,false,,
Protomixezoque-49_fish-1,,Protomixezoque,49_fish,ʔaksa,ʔaksa,,,Wichmann1995,,false,,
Protomixezoque-52_louse-1,,Protomixezoque,52_louse,ʔaːwat,ʔaːwat,,,Wichmann1995,,false,,
Protomixezoque-53_rat-1,,Protomixezoque,53_rat,tsuːk,tsuːk,,,Wichmann1995,,false,,
Protomixezoque-55_mosquito-1,,Protomixezoque,55_mosquito,ʔuːsu,ʔuːsu,,,Wichmann1995,,false,,
Protomixezoque-55_mosquito-2,,Protomixezoque,55_mosquito,ʔuːsuk,ʔuːsuk,,,Wichmann1995,,false,,
Protomixezoque-55_mosquito-3,,Protomixezoque,55_mosquito,heːhe,heːhe,,,Wichmann1995,,false,,
Protomixezoque-59_feather-1,,Protomixezoque,59_feather,pïk,pïk,,,Wichmann1995,,false,,
Protomixezoque-60_person-1,,Protomixezoque,60_person,hajá,hajá,,,Wichmann1995,,false,,
Protomixezoque-60_person-2,,Protomixezoque,60_person,hajáw,hajáw,,,Wichmann1995,,false,,
Protomixezoque-61_man-1,,Protomixezoque,61_man,hajá,hajá,,,Wichmann1995,,false,,
Protomixezoque-61_man-2,,Protomixezoque,61_man,hajáw,hajáw,,,Wichmann1995,,false,,
Protomixezoque-63_child-1,,Protomixezoque,63_child,ʔunV,ʔunV,,,Wichmann1995,,false,,
Protomixezoque-63_child-2,,Protomixezoque,63_child,ʔunVk,ʔunVk,,,Wichmann1995,,false,,
Protomixezoque-64_name-1,,Protomixezoque,64_name,sïw,sïw,,,Wichmann1995,,false,,
Protomixezoque-70_night-1,,Protomixezoque,70_night,tsuːʔ,tsuːʔ,,,Wichmann1995,,false,,
Protomixezoque-71_moon-1,,Protomixezoque,71_moon,pojʔa,pojʔa,,,Wichmann1995,,false,,
Protomixezoque-72_star-1,,Protomixezoque,72_star,maːtsaʔk,maːtsaʔk,,,Wichmann1995,,false,,
Protomixezoque-72_star-2,,Protomixezoque,72_star,maːtsaʔak,maːtsaʔak,,,Wichmann1995,,false,,
Protomixezoque-73_sky-1,,Protomixezoque,73_sky,tsap,tsap,,,Wichmann1995,,false,,
Protomixezoque-73_sky-2,,Protomixezoque,73_sky,tsap-hï,tsap-hï,,,Wichmann1995,,false,,
Protomixezoque-74_water-1,,Protomixezoque,74_water,nïːʔ,nïːʔ,,,Wichmann1995,,false,,
Protomixezoque-76_sea-1,,Protomixezoque,76_sea,meja,meja,,,Wichmann1995,,false,,
Protomixezoque-76_sea-2,,Protomixezoque,76_sea,mehja,mehja,,,Wichmann1995,,false,,
Protomixezoque-77_fire-1,,Protomixezoque,77_fire,hukʔ-ut,hukʔ-ut,,,Wichmann1995,,false,,
Protomixezoque-78_smoke-1,,Protomixezoque,78_smoke,hoko,hoko,,,Wichmann1995,,false,,
Protomixezoque-79_ash-1,,Protomixezoque,79_ash,kuj-ham,kuj-ham,,,Wichmann1995,,false,,
Protomixezoque-80_stone-1,,Protomixezoque,80_stone,tsaːʔ,tsaːʔ,,,Wichmann1995,,false,,
Protomixezoque-81_earthsoil-1,,Protomixezoque,81_earthsoil,naːs,naːs,,,Wichmann1995,,false,,
Protomixezoque-84_rain-1,,Protomixezoque,84_rain,tuːh,tuːh,,,Wichmann1995,,false,,
Protomixezoque-90_meatflesh-1,,Protomixezoque,90_meatflesh,tsuʔts,tsuʔts,,,Wichmann1995,,false,,
Protomixezoque-90_meatflesh-2,,Protomixezoque,90_meatflesh,sisi,sisi,,,Wichmann1995,,false,,
Protomixezoque-90_meatflesh-3,,Protomixezoque,90_meatflesh,sis,sis,,,Wichmann1995,,false,,
Protomixezoque-91_salt-1,,Protomixezoque,91_salt,kaːna,kaːna,,,Wichmann1995,,false,,
Protomixezoque-93_fruit-1,,Protomixezoque,93_fruit,tïm,tïm,,,Wichmann1995,,false,,
Protomixezoque-97_leaf-1,,Protomixezoque,97_leaf,ʔaj,ʔaj,,,Wichmann1995,,false,,
Protomixezoque-98_wood-1,,Protomixezoque,98_wood,kuj,kuj,,,Wichmann1995,,false,,
Protomixezoque-98_wood-2,,Protomixezoque,98_wood,kïpi,kïpi,,,Wichmann1995,,false,,
Protomixezoque-100_flower-1,,Protomixezoque,100_flower,pïhi,pïhi,,,Wichmann1995,,false,,
Protomixezoque-100_flower-2,,Protomixezoque,100_flower,pïhik,pïhik,,,Wichmann1995,,false,,
Protomixezoque-102_house-1,,Protomixezoque,102_house,tïk,tïk,,,Wichmann1995,,false,,
Protomixezoque-103_rope-1,,Protomixezoque,103_rope,tsaj,tsaj,,,Wichmann1995,,false,,
Protomixezoque-105_roadpath-1,,Protomixezoque,105_roadpath,tuːʔ-ʔaw,tuːʔ-ʔaw,,,Wichmann1995,,false,,
Protomixezoque-106_black-1,,Protomixezoque,106_black,jïk,jïk,,,Wichmann1995,,false,,
Protomixezoque-106_black-2,,Protomixezoque,106_black,jïkït,jïkït,,,Wichmann1995,,false,,
Protomixezoque-107_white-1,,Protomixezoque,107_white,poːpʔoʔ,poːpʔoʔ,,,Wichmann1995,,false,,
Protomixezoque-108_red-1,,Protomixezoque,108_red,tsapats,tsapats,,,Wichmann1995,,false,,
Protomixezoque-109_green-1,,Protomixezoque,109_green,tsus,tsus,,,Wichmann1995,,false,,
Protomixezoque-109_green-2,,Protomixezoque,109_green,tsusu,tsusu,,,Wichmann1995,,false,,
Protomixezoque-109_green-3,,Protomixezoque,109_green,tsusuk,tsusuk,,,Wichmann1995,,false,,
Protomixezoque-110_yellow-1,,Protomixezoque,110_yellow,puʔts,puʔts,,,Wichmann1995,,false,,
Protomixezoque-110_yellow-2,,Protomixezoque,110_yellow,puʔtsV,puʔtsV,,,Wichmann1995,,false,,
Protomixezoque-112_small-1,,Protomixezoque,112_small,mutsVC,mutsVC,,,Wichmann1995,,false,,
Protomixezoque-113_long-1,,Protomixezoque,113_long,pïhi,pïhi,,,Wichmann1995,,false,,
Protomixezoque-113_long-2,,Protomixezoque,113_long,pïhik,pïhik,,,Wichmann1995,,false,,
Protomixezoque-117_narrow-1,,Protomixezoque,117_narrow,kahi,kahi,,,Wichmann1995,,false,,
Protomixezoque-119_sharp-1,,Protomixezoque,119_sharp,meːhʔ,meːhʔ,,,Wichmann1995,,false,,
Protomixezoque-123_painfulsick-1,,Protomixezoque,123_painfulsick,toːʔj-a,toːʔj-a,,,Wichmann1995,,false,,
Protomixezoque-124_good-1,,Protomixezoque,124_good,ʔojV,ʔojV,,,Wichmann1995,,false,,
Protomixezoque-128_rotten-1,,Protomixezoque,128_rotten,puːtsʔ,puːtsʔ,,,Wichmann1995,,false,,
Protomixezoque-129_all-1,,Protomixezoque,129_all,mumu,mumu,,,Wichmann1995,,false,,
Protomixezoque-130_heavy-1,,Protomixezoque,130_heavy,hemets,hemets,,,Wichmann1995,,false,,
Protomixezoque-134_cold-1,,Protomixezoque,134_cold,pakVk,pakVk,,,Wichmann1995,,false,,
Protomixezoque-135_dry-1,,Protomixezoque,135_dry,tïːts,tïːts,,,Wichmann1995,,false,,
Protomixezoque-137_new-1,,Protomixezoque,137_new,home,home,,,Wichmann1995,,false,,
Protomixezoque-140_walk-1,,Protomixezoque,140_walk,joʔj,joʔj,,,Wichmann1995,,false,,
Protomixezoque-142_stand-1,,Protomixezoque,142_stand,tenaj,tenaj,,,Wichmann1995,,false,,
Protomixezoque-143_sit-1,,Protomixezoque,143_sit,tsïːnaj,tsïːnaj,,,Wichmann1995,,false,,
Protomixezoque-148_swim-1,,Protomixezoque,148_swim,jun,jun,,,Wichmann1995,,false,,
Protomixezoque-149_flyverb-1,,Protomixezoque,149_flyverb,keːkʔ,keːkʔ,,,Wichmann1995,,false,,
Protomixezoque-154_drink-1,,Protomixezoque,154_drink,ʔuːʔk,ʔuːʔk,,,Wichmann1995,,false,,
Protomixezoque-155_bite-1,,Protomixezoque,155_bite,kïːʔs,kïːʔs,,,Wichmann1995,,false,,
Protomixezoque-156_suck-1,,Protomixezoque,156_suck,tsuʔts,tsuʔts,,,Wichmann1995,,false,,
Protomixezoque-158_spit-1,,Protomixezoque,158_spit,tsuh,tsuh,,,Wichmann1995,,false,,
Protomixezoque-160_sleep-1,,Protomixezoque,160_sleep,maːhʔ,maːhʔ,,,Wichmann1995,,false,,
Protomixezoque-164_see-1,,Protomixezoque,164_see,ʔis,ʔis,,,Wichmann1995,,false,,
Protomixezoque-165_hear-1,,Protomixezoque,165_hear,matow,matow,,,Wichmann1995,,false,,
Protomixezoque-169_laugh-1,,Protomixezoque,169_laugh,siːkʔ,siːkʔ,,,Wichmann1995,,false,,
Protomixezoque-171_blow-1,,Protomixezoque,171_blow,poh,poh,,,Wichmann1995,,false,,
Protomixezoque-172_burn-1,,Protomixezoque,172_burn,toj,toj,,,Wichmann1995,,false,,
Protomixezoque-174_sew-1,,Protomixezoque,174_sew,naʔk,naʔk,,,Wichmann1995,,false,,
Protomixezoque-174_sew-2,,Protomixezoque,174_sew,suj,suj,,,Wichmann1995,,false,,
Protomixezoque-177_cut-1,,Protomixezoque,177_cut,tsuks,tsuks,,,Wichmann1995,,false,,
Protomixezoque-179_dig-1,,Protomixezoque,179_dig,tah,tah,,,Wichmann1995,,false,,
Protomixezoque-180_hunt-1,,Protomixezoque,180_hunt,tuh,tuh,,,Wichmann1995,,false,,
Protomixezoque-185_vomit-1,,Protomixezoque,185_vomit,ʔïːʔts,ʔïːʔts,,,Wichmann1995,,false,,
Protomixezoque-187_squeeze-1,,Protomixezoque,187_squeeze,mïːʔks,mïːʔks,,,Wichmann1995,,false,,
Protomixezoque-190_scratch-1,,Protomixezoque,190_scratch,tsuks,tsuks,,,Wichmann1995,,false,,
Protomixezoque-191_stab-1,,Protomixezoque,191_stab,kum,kum,,,Wichmann1995,,false,,
Protomixezoque-193_steal-1,,Protomixezoque,193_steal,meːʔts,meːʔts,,,Wichmann1995,,false,,
Protomixezoque-195_plant-1,,Protomixezoque,195_plant,niːp,niːp,,,Wichmann1995,,false,,
Protomixezoque-197_shoot-1,,Protomixezoque,197_shoot,tïp,tïp,,,Wichmann1995,,false,,
Protooaxacamixe-5_year-1,,Protooaxacamixe,5_year,humïht,humïht,,,Wichmann1995,,false,,
Protooaxacamixe-7_left-1,,Protooaxacamixe,7_left,ʔa-nahjn,ʔa-nahjn,,,Wichmann1995,,false,,
Protooaxacamixe-10_weallincl-1,,Protooaxacamixe,10_weallincl,ʔïːts,ʔïːts,,,Wichmann1995,,false,,
Protooaxacamixe-14_nonot-1,,Protooaxacamixe,14_nonot,kah,kah,,,Wichmann1995,,false,,
Protooaxacamixe-17_where-1,,Protooaxacamixe,17_where,maː,maː,,,Wichmann1995,,false,,
Protooaxacamixe-19_how-1,,Protooaxacamixe,19_how,aʃ-,aʃ-,,,Wichmann1995,,false,,
Protooaxacamixe-22_and-1,,Protooaxacamixe,22_and,hets,hets,,,Wichmann1995,,false,,
Protooaxacamixe-23_above-1,,Protooaxacamixe,23_above,niː-kïʃ-m,niː-kïʃ-m,,,Wichmann1995,,false,,
Protooaxacamixe-24_below-1,,Protooaxacamixe,24_below,paʔt,paʔt,,,Wichmann1995,,false,,
Protooaxacamixe-24_below-2,,Protooaxacamixe,24_below,kïʔpʲ,kïʔpʲ,,,Wichmann1995,,false,,
Protooaxacamixe-27_head-1,,Protooaxacamixe,27_head,kupáhk,kupáhk,,,Wichmann1995,,false,,
Protooaxacamixe-28_hair-1,,Protooaxacamixe,28_hair,wahj,wahj,,,Wichmann1995,,false,,
Protooaxacamixe-30_nose-1,,Protooaxacamixe,30_nose,hïhp,hïhp,,,Wichmann1995,,false,,
Protooaxacamixe-31_ear-1,,Protooaxacamixe,31_ear,taːtsk,taːtsk,,,Wichmann1995,,false,,
Protooaxacamixe-33_tongue-1,,Protooaxacamixe,33_tongue,toːhts,toːhts,,,Wichmann1995,,false,,
Protooaxacamixe-35_hand-1,,Protooaxacamixe,35_hand,kïʔV₂,kïʔV₂,,,Wichmann1995,,false,,
Protooaxacamixe-36_shoulder-1,,Protooaxacamixe,36_shoulder,kehkʲ,kehkʲ,,,Wichmann1995,,false,,
Protooaxacamixe-37_neck-1,,Protooaxacamixe,37_neck,joʔkt,joʔkt,,,Wichmann1995,,false,,
Protooaxacamixe-39_leg-1,,Protooaxacamixe,39_leg,puhj,puhj,,,Wichmann1995,,false,,
Protooaxacamixe-39_leg-2,,Protooaxacamixe,39_leg,tekʲ,tekʲ,,,Wichmann1995,,false,,
Protooaxacamixe-40_blood-1,,Protooaxacamixe,40_blood,nïʔhpʲn,nïʔhpʲn,,,Wichmann1995,,false,,
Protooaxacamixe-41_bone-1,,Protooaxacamixe,41_bone,pahk,pahk,,,Wichmann1995,,false,,
Protooaxacamixe-42_skin-1,,Protooaxacamixe,42_skin,ʔak,ʔak,,,Wichmann1995,,false,,
Protooaxacamixe-45_breast-1,,Protooaxacamixe,45_breast,tsiʔts-k,tsiʔts-k,,,Wichmann1995,,false,,
Protooaxacamixe-46_liver-1,,Protooaxacamixe,46_liver,hoːht,hoːht,,,Wichmann1995,,false,,
Protooaxacamixe-47_dog-1,,Protooaxacamixe,47_dog,ʔuk,ʔuk,,,Wichmann1995,,false,,
Protooaxacamixe-48_bird-1,,Protooaxacamixe,48_bird,hohn,hohn,,,Wichmann1995,,false,,
Protooaxacamixe-49_fish-1,,Protooaxacamixe,49_fish,ʔahkʃ,ʔahkʃ,,,Wichmann1995,,false,,
Protooaxacamixe-54_spider-1,,Protooaxacamixe,54_spider,poːhʃj-mʲ,poːhʃj-mʲ,,,Wichmann1995,,false,,
Protooaxacamixe-56_egg-1,,Protooaxacamixe,56_egg,tuʔV₂tʲ,tuʔV₂tʲ,,,Wichmann1995,,false,,
Protooaxacamixe-57_tail-1,,Protooaxacamixe,57_tail,piʔV₂ʃ,piʔV₂ʃ,,,Wichmann1995,,false,,
Protooaxacamixe-58_wing-1,,Protooaxacamixe,58_wing,keːkn,keːkn,,,Wichmann1995,,false,,
Protooaxacamixe-59_feather-1,,Protooaxacamixe,59_feather,pïhk,pïhk,,,Wichmann1995,,false,,
Protooaxacamixe-62_woman-1,,Protooaxacamixe,62_woman,toʔV₂ʃj-tïhk,toʔV₂ʃj-tïhk,,,Wichmann1995,,false,,
Protooaxacamixe-63_child-1,,Protooaxacamixe,63_child,kiːʃ-ʔuːnk,kiːʃ-ʔuːnk,,,Wichmann1995,,false,,
Protooaxacamixe-64_name-1,,Protooaxacamixe,64_name,ʃïhw,ʃïhw,,,Wichmann1995,,false,,
Protooaxacamixe-65_mother-1,,Protooaxacamixe,65_mother,taːk,taːk,,,Wichmann1995,,false,,
Protooaxacamixe-66_father-1,,Protooaxacamixe,66_father,teːtʲ,teːtʲ,,,Wichmann1995,,false,,
Protooaxacamixe-69_day-1,,Protooaxacamixe,69_day,ʃïhw-n,ʃïhw-n,,,Wichmann1995,,false,,
Protooaxacamixe-71_moon-1,,Protooaxacamixe,71_moon,poʔV₂,poʔV₂,,,Wichmann1995,,false,,
Protooaxacamixe-72_star-1,,Protooaxacamixe,72_star,maːtsáʔ,maːtsáʔ,,,Wichmann1995,,false,,
Protooaxacamixe-74_water-1,,Protooaxacamixe,74_water,nïːʔ,nïːʔ,,,Wichmann1995,,false,,
Protooaxacamixe-76_sea-1,,Protooaxacamixe,76_sea,mehj,mehj,,,Wichmann1995,,false,,
Protooaxacamixe-77_fire-1,,Protooaxacamixe,77_fire,huʔkwt,huʔkwt,,,Wichmann1995,,false,,
Protooaxacamixe-77_fire-2,,Protooaxacamixe,77_fire,hihn,hihn,,,Wichmann1995,,false,,
Protooaxacamixe-78_smoke-1,,Protooaxacamixe,78_smoke,hok,hok,,,Wichmann1995,,false,,
Protooaxacamixe-79_ash-1,,Protooaxacamixe,79_ash,kujham,kujham,,,Wichmann1995,,false,,
Protooaxacamixe-81_earthsoil-1,,Protooaxacamixe,81_earthsoil,naːhʃ,naːhʃ,,,Wichmann1995,,false,,
Protooaxacamixe-82_dust-1,,Protooaxacamixe,82_dust,puʔʃm,puʔʃm,,,Wichmann1995,,false,,
Protooaxacamixe-82_dust-2,,Protooaxacamixe,82_dust,naːhʃ-hok,naːhʃ-hok,,,Wichmann1995,,false,,
Protooaxacamixe-83_sand-1,,Protooaxacamixe,83_sand,puʔV₂,puʔV₂,,,Wichmann1995,,false,,
Protooaxacamixe-84_rain-1,,Protooaxacamixe,84_rain,tuːh,tuːh,,,Wichmann1995,,false,,
Protooaxacamixe-86_wind-1,,Protooaxacamixe,86_wind,poj,poj,,,Wichmann1995,,false,,
Protooaxacamixe-87_fog-1,,Protooaxacamixe,87_fog,nïmaʔV₂,nïmaʔV₂,,,Wichmann1995,,false,,
Protooaxacamixe-89_lightning-1,,Protooaxacamixe,89_lightning,wïtsuk,wïtsuk,,,Wichmann1995,,false,,
Protooaxacamixe-91_salt-1,,Protooaxacamixe,91_salt,kaːn,kaːn,,,Wichmann1995,,false,,
Protooaxacamixe-92_fatgrease-1,,Protooaxacamixe,92_fatgrease,ʔon,ʔon,,,Wichmann1995,,false,,
Protooaxacamixe-94_woodsforest-1,,Protooaxacamixe,94_woodsforest,ʔaːʔmwʲ,ʔaːʔmwʲ,,,Wichmann1995,,false,,
Protooaxacamixe-99_grass-1,,Protooaxacamixe,99_grass,ʔuhts,ʔuhts,,,Wichmann1995,,false,,
Protooaxacamixe-100_flower-1,,Protooaxacamixe,100_flower,pïhj,pïhj,,,Wichmann1995,,false,,
Protooaxacamixe-101_thatchroof-1,,Protooaxacamixe,101_thatchroof,mïhj,mïhj,,,Wichmann1995,,false,,
Protooaxacamixe-102_house-1,,Protooaxacamixe,102_house,tïjk,tïjk,,,Wichmann1995,,false,,
Protooaxacamixe-103_rope-1,,Protooaxacamixe,103_rope,tsahj,tsahj,,,Wichmann1995,,false,,
Protooaxacamixe-105_roadpath-1,,Protooaxacamixe,105_roadpath,tuːʔ-ʔahw,tuːʔ-ʔahw,,,Wichmann1995,,false,,
Protooaxacamixe-107_white-1,,Protooaxacamixe,107_white,poːʔp,poːʔp,,,Wichmann1995,,false,,
Protooaxacamixe-108_red-1,,Protooaxacamixe,108_red,tsapts,tsapts,,,Wichmann1995,,false,,
Protooaxacamixe-109_green-1,,Protooaxacamixe,109_green,tsuʃ-k,tsuʃ-k,,,Wichmann1995,,false,,
Protooaxacamixe-110_yellow-1,,Protooaxacamixe,110_yellow,puːts,puːts,,,Wichmann1995,,false,,
Protooaxacamixe-111_big-1,,Protooaxacamixe,111_big,ʔa-mïh,ʔa-mïh,,,Wichmann1995,,false,,
Protooaxacamixe-112_small-1,,Protooaxacamixe,112_small,muhtsk,muhtsk,,,Wichmann1995,,false,,
Protooaxacamixe-115_thick-1,,Protooaxacamixe,115_thick,mapʃjn,mapʃjn,,,Wichmann1995,,false,,
Protooaxacamixe-116_thin-1,,Protooaxacamixe,116_thin,pehj,pehj,,,Wichmann1995,,false,,
Protooaxacamixe-117_narrow-1,,Protooaxacamixe,117_narrow,ʃuːʔts,ʃuːʔts,,,Wichmann1995,,false,,
Protooaxacamixe-118_wide-1,,Protooaxacamixe,118_wide,mïh-wihn,mïh-wihn,,,Wichmann1995,,false,,
Protooaxacamixe-122_old-1,,Protooaxacamixe,122_old,mah haʔj,mah haʔj,,,Wichmann1995,,false,,
Protooaxacamixe-123_painfulsick-1,,Protooaxacamixe,123_painfulsick,toːj,toːj,,,Wichmann1995,,false,,
Protooaxacamixe-124_good-1,,Protooaxacamixe,124_good,ʔoj,ʔoj,,,Wichmann1995,,false,,
Protooaxacamixe-125_bad-1,,Protooaxacamixe,125_bad,ʔa-ʃïːʔk,ʔa-ʃïːʔk,,,Wichmann1995,,false,,
Protooaxacamixe-126_correcttrue-1,,Protooaxacamixe,126_correcttrue,tïwʲ,tïwʲ,,,Wichmann1995,,false,,
Protooaxacamixe-127_dirty-1,,Protooaxacamixe,127_dirty,ʔa-ʃïːʔk-ʔïj,ʔa-ʃïːʔk-ʔïj,,,Wichmann1995,,false,,
Protooaxacamixe-131_far-1,,Protooaxacamixe,131_far,hekém,hekém,,,Wichmann1995,,false,,
Protooaxacamixe-132_near-1,,Protooaxacamixe,132_near,win-kon,win-kon,,,Wichmann1995,,false,,
Protooaxacamixe-133_warm-1,,Protooaxacamixe,133_warm,ʔan,ʔan,,,Wichmann1995,,false,,
Protooaxacamixe-134_cold-1,,Protooaxacamixe,134_cold,pakʲk,pakʲk,,,Wichmann1995,,false,,
Protooaxacamixe-137_new-1,,Protooaxacamixe,137_new,homʲ,homʲ,,,Wichmann1995,,false,,
Protooaxacamixe-139_come-1,,Protooaxacamixe,139_come,haʔt,haʔt,,,Wichmann1995,,false,,
Protooaxacamixe-139_come-2,,Protooaxacamixe,139_come,haʔV₂t,haʔV₂t,,,Wichmann1995,,false,,
Protooaxacamixe-145_liedown-1,,Protooaxacamixe,145_liedown,koʔk,koʔk,,,Wichmann1995,,false,,
Protooaxacamixe-145_liedown-2,,Protooaxacamixe,145_liedown,koʔV₂k,koʔV₂k,,,Wichmann1995,,false,,
Protooaxacamixe-146_turn-1,,Protooaxacamixe,146_turn,kon-wimpit,kon-wimpit,,,Wichmann1995,,false,,
Protooaxacamixe-150_throw-1,,Protooaxacamixe,150_throw,ʔiʃ-tehm,ʔiʃ-tehm,,,Wichmann1995,,false,,
Protooaxacamixe-159_dream-1,,Protooaxacamixe,159_dream,ku-maːh,ku-maːh,,,Wichmann1995,,false,,
Protooaxacamixe-159_dream-2,,Protooaxacamixe,159_dream,ku-maʔV₂h,ku-maʔV₂h,,,Wichmann1995,,false,,
Protooaxacamixe-161_live-1,,Protooaxacamixe,161_live,huhtʲk,huhtʲk,,,Wichmann1995,,false,,
Protooaxacamixe-166_sniffsmell-1,,Protooaxacamixe,166_sniffsmell,a-ʃuːʔk,a-ʃuːʔk,,,Wichmann1995,,false,,
Protooaxacamixe-167_know-1,,Protooaxacamixe,167_know,ʔiʃ-ʔajt,ʔiʃ-ʔajt,,,Wichmann1995,,false,,
Protooaxacamixe-167_know-2,,Protooaxacamixe,167_know,ʔiʃ-ʔat,ʔiʃ-ʔat,,,Wichmann1995,,false,,
Protooaxacamixe-168_think-1,,Protooaxacamixe,168_think,win-mahj,win-mahj,,,Wichmann1995,,false,,
Protooaxacamixe-168_think-2,,Protooaxacamixe,168_think,win-maj,win-maj,,,Wichmann1995,,false,,
Protooaxacamixe-177_cut-1,,Protooaxacamixe,177_cut,tseʔkʃ,tseʔkʃ,,,Wichmann1995,,false,,
Protooaxacamixe-179_dig-1,,Protooaxacamixe,179_dig,jak-tah,jak-tah,,,Wichmann1995,,false,,
Protooaxacamixe-183_count-1,,Protooaxacamixe,183_count,maj-tsohw,maj-tsohw,,,Wichmann1995,,false,,
Protooaxacamixe-189_say-1,,Protooaxacamixe,189_say,tih,tih,,,Wichmann1995,,false,,
Protooaxacamixe-190_scratch-1,,Protooaxacamixe,190_scratch,tsehkʃ,tsehkʃ,,,Wichmann1995,,false,,
Protooaxacamixe-194_choose-1,,Protooaxacamixe,194_choose,win-ʔihʃ,win-ʔihʃ,,,Wichmann1995,,false,,
Protooaxacamixe-194_choose-2,,Protooaxacamixe,194_choose,win-ʔiʃ,win-ʔiʃ,,,Wichmann1995,,false,,
Protooaxacamixe-196_cook-1,,Protooaxacamixe,196_cook,ni-ʔïːʔts,ni-ʔïːʔts,,,Wichmann1995,,false,,
Protooaxacamixe-198_work-1,,Protooaxacamixe,198_work,tuhn-k,tuhn-k,,,Wichmann1995,,false,,
Protooaxacamixe-199_open-1,,Protooaxacamixe,199_open,jak-ʔa-waːhts,jak-ʔa-waːhts,,,Wichmann1995,,false,,
Puxmetacan-1_one-1,,Puxmetacan,1_one,tuʔuk,tuʔuk,t u ʔ u k,,Kondic2019,,false,^ t uʔu k $,default
Puxmetacan-2_two-1,,Puxmetacan,2_two,matsk,matsk,m a ts k,,Kondic2019,,false,^ m a ts k $,default
Puxmetacan-3_three-1,,Puxmetacan,3_three,təgəʔək,təgəʔək,t ə g ə ʔ ə k,,Kondic2019,,false,^ t ə g əʔə k $,default
Puxmetacan-4_four-1,,Puxmetacan,4_four,taʔaʔk,taʔaʔk,t a ʔ a ʔ k,,Kondic2019,,false,^ t aʔa ʔ k $,default
Puxmetacan-5_year-1,,Puxmetacan,5_year,haməht,haməht,h a m ə h t,,Kondic2019,,false,^ h a m ə h t $,default
Puxmetacan-6_right-1,,Puxmetacan,6_right,aʔoj,aʔoj,a ʔ o j,,Kondic2019,,false,^ a ʔ o j $,default
Puxmetacan-7_left-1,,Puxmetacan,7_left,anaʔa,anaʔa,a n a ʔ a,,Kondic2019,,false,^ a n aʔa $,default
Puxmetacan-8_i-1,,Puxmetacan,8_i,əts,əts,ə ts,,Kondic2019,,false,^ ə ts $,default
Puxmetacan-9_weallexcl-1,,Puxmetacan,9_weallexcl,əʔəts,əʔəts,ə ʔ ə ts,,Kondic2019,,false,^ əʔə ts $,default
Puxmetacan-10_weallincl-1,,Puxmetacan,10_weallincl,namaj,namaj,n a m a j,,Kondic2019,,false,^ n a m a j $,default
Puxmetacan-11_yousg-1,,Puxmetacan,11_yousg,miʔits,miʔits,m i ʔ i ts,,Kondic2019,,false,^ m iʔi ts $,default
Puxmetacan-12_heshe-1,,Puxmetacan,12_heshe,jəʔə,jəʔə,j ə ʔ ə,,Kondic2019,,false,^ j əʔə $,default
Puxmetacan-13_theyall-1,,Puxmetacan,13_theyall,jəʔəhtʲ,jəʔəhtʲ,j ə ʔ ə h tʲ,,Kondic2019,,false,^ j əʔə h tʲ $,default
Puxmetacan-14_nonot-1,,Puxmetacan,14_nonot,kah,kah,k a h,,Kondic2019,,false,^ k a h $,default
Puxmetacan-15_what-1,,Puxmetacan,15_what,ti,ti,t i,,Kondic2019,,false,^ t i $,default
Puxmetacan-16_who-1,,Puxmetacan,16_who,pən,pən,p ə n,,Kondic2019,,false,^ p ə n $,default
Puxmetacan-17_where-1,,Puxmetacan,17_where,maʔa,maʔa,m a ʔ a,,Kondic2019,,false,^ m aʔa $,default
Puxmetacan-18_when-1,,Puxmetacan,18_when,wanaʔa,wanaʔa,w a n a ʔ a,,Kondic2019,,false,^ w a n aʔa $,default
Puxmetacan-19_how-1,,Puxmetacan,19_how,wiʔiʃ,wiʔiʃ,w i ʔ i ʃ,,Kondic2019,,false,^ w iʔi ʃ $,default
Puxmetacan-20_this-1,,Puxmetacan,20_this,ətʲaʔat,ətʲaʔat,ə tʲ a ʔ a t,,Kondic2019,,false,^ ə tʲ aʔa t $,default
Puxmetacan-21_that-1,,Puxmetacan,21_that,ʃiʔit,ʃiʔit,ʃ i ʔ i t,,Kondic2019,,false,^ ʃ iʔi t $,default
Puxmetacan-22_and-1,,Puxmetacan,22_and,►,►,,,Kondic2019,,false,,
Puxmetacan-23_above-1,,Puxmetacan,23_above,nəgəʃʲ,nəgəʃʲ,n ə g ə ʃʲ,,Kondic2019,,false,^ n ə g ə ʃʲ $,default
Puxmetacan-24_below-1,,Puxmetacan,24_below,abatkəʔəj,abatkəʔəj,a b a t k ə ʔ ə j,,Kondic2019,,false,^ a b a t k əʔə j $,default
Puxmetacan-25_ininside-1,,Puxmetacan,25_ininside,təgoʔotʲ,təgoʔotʲ,t ə g o ʔ o tʲ,,Kondic2019,,false,^ t ə g oʔo tʲ $,default
Puxmetacan-27_head-1,,Puxmetacan,27_head,kowahk,kowahk,k o w a h k,,Kondic2019,,false,^ k o w a h k $,default
Puxmetacan-28_hair-1,,Puxmetacan,28_hair,waʔaj,waʔaj,w a ʔ a j,,Kondic2019,,false,^ w aʔa j $,default
Puxmetacan-29_eye-1,,Puxmetacan,29_eye,wiʔin,wiʔin,w i ʔ i n,,Kondic2019,,false,^ w iʔi n $,default
Puxmetacan-30_nose-1,,Puxmetacan,30_nose,həʔəhp,həʔəhp,h ə ʔ ə h p,,Kondic2019,,false,^ h əʔə h p $,default
Puxmetacan-31_ear-1,,Puxmetacan,31_ear,taʔatsk,taʔatsk,t a ʔ a ts k,,Kondic2019,,false,^ t aʔa ts k $,default
Puxmetacan-32_mouth-1,,Puxmetacan,32_mouth,aʔaw,aʔaw,a ʔ a w,,Kondic2019,,false,^ aʔa w $,default
Puxmetacan-33_tongue-1,,Puxmetacan,33_tongue,toʔots,toʔots,t o ʔ o ts,,Kondic2019,,false,^ t oʔo ts $,default
Puxmetacan-34_tooth-1,,Puxmetacan,34_tooth,təʔəts,təʔəts,t ə ʔ ə ts,,Kondic2019,,false,^ t əʔə ts $,default
Puxmetacan-35_hand-1,,Puxmetacan,35_hand,kəʔə,kəʔə,k ə ʔ ə,,Kondic2019,,false,^ k əʔə $,default
Puxmetacan-36_shoulder-1,,Puxmetacan,36_shoulder,kehk,kehk,k e h k,,Kondic2019,,false,^ k e h k $,default
Puxmetacan-37_neck-1,,Puxmetacan,37_neck,jok,jok,j o k,,Kondic2019,,false,^ j o k $,default
Puxmetacan-38_back-1,,Puxmetacan,38_back,həʃk,həʃk,h ə ʃ k,,Kondic2019,,false,^ h ə ʃ k $,default
Puxmetacan-39_leg-1,,Puxmetacan,39_leg,puʔuj,puʔuj,p u ʔ u j,,Kondic2019,,false,^ p uʔu j $,default
Puxmetacan-40_blood-1,,Puxmetacan,40_blood,nəʔəpʲ,nəʔəpʲ,n ə ʔ ə pʲ,,Kondic2019,,false,^ n əʔə pʲ $,default
Puxmetacan-41_bone-1,,Puxmetacan,41_bone,pahk,pahk,p a h k,,Kondic2019,,false,^ p a h k $,default
Puxmetacan-42_skin-1,,Puxmetacan,42_skin,naʔak,naʔak,n a ʔ a k,,Kondic2019,,false,^ n aʔa k $,default
Puxmetacan-43_belly-1,,Puxmetacan,43_belly,moʃ,moʃ,m o ʃ,,Kondic2019,,false,^ m o ʃ $,default
Puxmetacan-44_intestines-1,,Puxmetacan,44_intestines,tiʔintʲ,tiʔintʲ,t i ʔ i n tʲ,,Kondic2019,,false,^ t iʔi n tʲ $,default
Puxmetacan-45_breast-1,,Puxmetacan,45_breast,tsiʔitsk,tsiʔitsk,ts i ʔ i ts k,,Kondic2019,,false,^ ts iʔi ts k $,default
Puxmetacan-46_liver-1,,Puxmetacan,46_liver,joʔot,joʔot,j o ʔ o t,,Kondic2019,,false,^ j oʔo t $,default
Puxmetacan-47_dog-1,,Puxmetacan,47_dog,uk,uk,u k,,Kondic2019,,false,^ u k $,default
Puxmetacan-48_bird-1,,Puxmetacan,48_bird,hoʔon,hoʔon,h o ʔ o n,,Kondic2019,,false,^ h oʔo n $,default
Puxmetacan-49_fish-1,,Puxmetacan,49_fish,nəjuʔuhk,nəjuʔuhk,n ə j u ʔ u h k,,Kondic2019,,false,^ n ə j uʔu h k $,default
Puxmetacan-50_snake-1,,Puxmetacan,50_snake,tsaʔaɲ,tsaʔaɲ,ts a ʔ a ɲ,,Kondic2019,,false,^ ts aʔa ɲ $,default
Puxmetacan-51_worm-1,,Puxmetacan,51_worm,naʃtiʔintʲ,naʃtiʔintʲ,n a ʃ t i ʔ i n tʲ,,Kondic2019,,false,^ n a ʃ t iʔi n tʲ $,default
Puxmetacan-52_louse-1,,Puxmetacan,52_louse,aʔat,aʔat,a ʔ a t,,Kondic2019,,false,^ aʔa t $,default
Puxmetacan-53_rat-1,,Puxmetacan,53_rat,tsuk,tsuk,ts u k,,Kondic2019,,false,^ ts u k $,default
Puxmetacan-54_spider-1,,Puxmetacan,54_spider,poʔoʃʲ,poʔoʃʲ,p o ʔ o ʃʲ,,Kondic2019,,false,^ p oʔo ʃʲ $,default
Puxmetacan-55_mosquito-1,,Puxmetacan,55_mosquito,heʔeɲ,heʔeɲ,h e ʔ e ɲ,,Kondic2019,,false,^ h eʔe ɲ $,default
Puxmetacan-56_egg-1,,Puxmetacan,56_egg,təjuʔutʲ,təjuʔutʲ,t ə j u ʔ u tʲ,,Kondic2019,,false,^ t ə j uʔu tʲ $,default
Puxmetacan-57_tail-1,,Puxmetacan,57_tail,piʔiʃʲ,piʔiʃʲ,p i ʔ i ʃʲ,,Kondic2019,,false,^ p iʔi ʃʲ $,default
Puxmetacan-58_wing-1,,Puxmetacan,58_wing,kaʔak,kaʔak,k a ʔ a k,,Kondic2019,,false,^ k aʔa k $,default
Puxmetacan-60_person-1,,Puxmetacan,60_person,haʔaj,haʔaj,h a ʔ a j,,Kondic2019,,false,^ h aʔa j $,default
Puxmetacan-61_man-1,,Puxmetacan,61_man,jaʔatʲəhk,jaʔatʲəhk,j a ʔ a tʲ ə h k,,Kondic2019,,false,^ j aʔa tʲ ə h k $,default
Puxmetacan-62_woman-1,,Puxmetacan,62_woman,toʃtʲəhk,toʃtʲəhk,t o ʃ tʲ ə h k,,Kondic2019,,false,^ t o ʃ tʲ ə h k $,default
Puxmetacan-63_child-1,,Puxmetacan,63_child,jajənaʔak,jajənaʔak,j a j ə n a ʔ a k,,Kondic2019,,false,^ j a j ə n aʔa k $,default
Puxmetacan-64_name-1,,Puxmetacan,64_name,haʔaʃəw,haʔaʃəw,h a ʔ a ʃ ə w,,Kondic2019,,false,^ h aʔa ʃ ə w $,default
Puxmetacan-65_mother-1,,Puxmetacan,65_mother,tʲaʔak,tʲaʔak,tʲ a ʔ a k,<y-taak POSS-mother 'her/his mother',Kondic2019,,false,^ tʲ aʔa k $,default
Puxmetacan-66_father-1,,Puxmetacan,66_father,tʲəʔətʲ,tʲəʔətʲ,tʲ ə ʔ ə tʲ,<y-təʔətʲ POSS-father 'her/his father',Kondic2019,,false,^ tʲ əʔə tʲ $,default
Puxmetacan-67_husband-1,,Puxmetacan,67_husband,nijaʔatʲəhk,nijaʔatʲəhk,n i j a ʔ a tʲ ə h k,,Kondic2019,,false,^ n i j aʔa tʲ ə h k $,default
Puxmetacan-68_wife-1,,Puxmetacan,68_wife,nədoʔoʃʲ,nədoʔoʃʲ,n ə d o ʔ o ʃʲ,,Kondic2019,,false,^ n ə d oʔo ʃʲ $,default
Puxmetacan-69_day-1,,Puxmetacan,69_day,ʃəʔəɲ,ʃəʔəɲ,ʃ ə ʔ ə ɲ,,Kondic2019,,false,^ ʃ əʔə ɲ $,default
Puxmetacan-70_night-1,,Puxmetacan,70_night,tsuʔu,tsuʔu,ts u ʔ u,,Kondic2019,,false,^ ts uʔu $,default
Puxmetacan-71_moon-1,,Puxmetacan,71_moon,poʔo,poʔo,p o ʔ o,,Kondic2019,,false,^ p oʔo $,default
Puxmetacan-72_star-1,,Puxmetacan,72_star,matsaʔa,matsaʔa,m a ts a ʔ a,,Kondic2019,,false,^ m a ts aʔa $,default
Puxmetacan-73_sky-1,,Puxmetacan,73_sky,tsahpoʔot,tsahpoʔot,ts a h p o ʔ o t,,Kondic2019,,false,^ ts a h p oʔo t $,default
Puxmetacan-74_water-1,,Puxmetacan,74_water,nəʔə,nəʔə,n ə ʔ ə,,Kondic2019,,false,^ n əʔə $,default
Puxmetacan-77_fire-1,,Puxmetacan,77_fire,həʔən,həʔən,h ə ʔ ə n,,Kondic2019,,false,^ h əʔə n $,default
Puxmetacan-78_smoke-1,,Puxmetacan,78_smoke,hanok,hanok,h a n o k,,Kondic2019,,false,^ h a n o k $,default
Puxmetacan-79_ash-1,,Puxmetacan,79_ash,haʔam,haʔam,h a ʔ a m,,Kondic2019,,false,^ h aʔa m $,default
Puxmetacan-80_stone-1,,Puxmetacan,80_stone,tsaʔah,tsaʔah,ts a ʔ a h,,Kondic2019,,false,^ ts aʔa h $,default
Puxmetacan-81_earthsoil-1,,Puxmetacan,81_earthsoil,naʔaʃ,naʔaʃ,n a ʔ a ʃ,,Kondic2019,,false,^ n aʔa ʃ $,default
Puxmetacan-82_dust-1,,Puxmetacan,82_dust,puʔuʃ,puʔuʃ,p u ʔ u ʃ,,Kondic2019,,false,^ p uʔu ʃ $,default
Puxmetacan-83_sand-1,,Puxmetacan,83_sand,puʔuh,puʔuh,p u ʔ u h,,Kondic2019,,false,^ p uʔu h $,default
Puxmetacan-84_rain-1,,Puxmetacan,84_rain,tuʔuh,tuʔuh,t u ʔ u h,,Kondic2019,,false,^ t uʔu h $,default
Puxmetacan-85_cloud-1,,Puxmetacan,85_cloud,hok,hok,h o k,,Kondic2019,,false,^ h o k $,default
Puxmetacan-86_wind-1,,Puxmetacan,86_wind,poh,poh,p o h,,Kondic2019,,false,^ p o h $,default
Puxmetacan-88_thunder-1,,Puxmetacan,88_thunder,anaʔah,anaʔah,a n a ʔ a h,,Kondic2019,,false,^ a n aʔa h $,default
Puxmetacan-89_lightning-1,,Puxmetacan,89_lightning,wətsuhkp,wətsuhkp,w ə ts u h k p,,Kondic2019,,false,^ w ə ts u h k p $,default
Puxmetacan-90_meatflesh-1,,Puxmetacan,90_meatflesh,tsuʔutʲ,tsuʔutʲ,ts u ʔ u tʲ,,Kondic2019,,false,^ ts uʔu tʲ $,default
Puxmetacan-91_salt-1,,Puxmetacan,91_salt,kaʔan,kaʔan,k a ʔ a n,,Kondic2019,,false,^ k aʔa n $,default
Puxmetacan-92_fatgrease-1,,Puxmetacan,92_fatgrease,on,on,o n,,Kondic2019,,false,^ o n $,default
Puxmetacan-93_fruit-1,,Puxmetacan,93_fruit,uhtstəʔəm,uhtstəʔəm,u h ts t ə ʔ ə m,,Kondic2019,,false,^ u h ts t əʔə m $,default
Puxmetacan-94_woodsforest-1,,Puxmetacan,94_woodsforest,juk,juk,j u k,,Kondic2019,,false,^ j u k $,default
Puxmetacan-95_root-1,,Puxmetacan,95_root,tʲikts,tʲikts,tʲ i k ts,<y-tikts POSS3-root 'its root',Kondic2019,,false,^ tʲ i k ts $,default
Puxmetacan-96_branch-1,,Puxmetacan,96_branch,kepʃeʔeɲ,kepʃeʔeɲ,k e p ʃ e ʔ e ɲ,,Kondic2019,,false,^ k e p ʃ eʔe ɲ $,default
Puxmetacan-97_leaf-1,,Puxmetacan,97_leaf,aʔaj,aʔaj,a ʔ a j,,Kondic2019,,false,^ aʔa j $,default
Puxmetacan-98_wood-1,,Puxmetacan,98_wood,juk,juk,j u k,,Kondic2019,,false,^ j u k $,default
Puxmetacan-99_grass-1,,Puxmetacan,99_grass,uhts,uhts,u h ts,,Kondic2019,,false,^ u h ts $,default
Puxmetacan-100_flower-1,,Puxmetacan,100_flower,pəhʲ,pəhʲ,p ə hʲ,,Kondic2019,,false,^ p ə hʲ $,default
Puxmetacan-101_thatchroof-1,,Puxmetacan,101_thatchroof,məʔətʲəhk,məʔətʲəhk,m ə ʔ ə tʲ ə h k,<məʔə-j-təhk roof-POSS3-house 'house roof',Kondic2019,,false,^ m əʔə tʲ ə h k $,default
Puxmetacan-102_house-1,,Puxmetacan,102_house,təhk,təhk,t ə h k,,Kondic2019,,false,^ t ə h k $,default
Puxmetacan-103_rope-1,,Puxmetacan,103_rope,tepʃʲ,tepʃʲ,t e p ʃʲ,,Kondic2019,,false,^ t e p ʃʲ $,default
Puxmetacan-104_needle-1,,Puxmetacan,104_needle,ʃuʔuɲ,ʃuʔuɲ,ʃ u ʔ u ɲ,,Kondic2019,,false,^ ʃ uʔu ɲ $,default
Puxmetacan-105_roadpath-1,,Puxmetacan,105_roadpath,tuʔu,tuʔu,t u ʔ u,,Kondic2019,,false,^ t uʔu $,default
Puxmetacan-106_black-1,,Puxmetacan,106_black,tsiʃ,tsiʃ,ts i ʃ,,Kondic2019,,false,^ ts i ʃ $,default
Puxmetacan-107_white-1,,Puxmetacan,107_white,poʔop,poʔop,p o ʔ o p,,Kondic2019,,false,^ p oʔo p $,default
Puxmetacan-108_red-1,,Puxmetacan,108_red,tsapts,tsapts,ts a p ts,,Kondic2019,,false,^ ts a p ts $,default
Puxmetacan-109_green-1,,Puxmetacan,109_green,tsuʃk,tsuʃk,ts u ʃ k,,Kondic2019,,false,^ ts u ʃ k $,default
Puxmetacan-110_yellow-1,,Puxmetacan,110_yellow,puʔuts,puʔuts,p u ʔ u ts,,Kondic2019,,false,^ p uʔu ts $,default
Puxmetacan-111_big-1,,Puxmetacan,111_big,məh,məh,m ə h,,Kondic2019,,false,^ m ə h $,default
Puxmetacan-112_small-1,,Puxmetacan,112_small,muʔutsk,muʔutsk,m u ʔ u ts k,,Kondic2019,,false,^ m uʔu ts k $,default
Puxmetacan-113_long-1,,Puxmetacan,113_long,joɲ,joɲ,j o ɲ,,Kondic2019,,false,^ j o ɲ $,default
Puxmetacan-114_short-1,,Puxmetacan,114_short,kon,kon,k o n,,Kondic2019,,false,^ k o n $,default
Puxmetacan-115_thick-1,,Puxmetacan,115_thick,mahpʃʲ,mahpʃʲ,m a h p ʃʲ,,Kondic2019,,false,^ m a h p ʃʲ $,default
Puxmetacan-116_thin-1,,Puxmetacan,116_thin,pehʲ,pehʲ,p e hʲ,,Kondic2019,,false,^ p e hʲ $,default
Puxmetacan-117_narrow-1,,Puxmetacan,117_narrow,ʃuʔuts,ʃuʔuts,ʃ u ʔ u ts,,Kondic2019,,false,^ ʃ uʔu ts $,default
Puxmetacan-118_wide-1,,Puxmetacan,118_wide,məh,məh,m ə h,,Kondic2019,,false,^ m ə h $,default
Puxmetacan-119_sharp-1,,Puxmetacan,119_sharp,həhp,həhp,h ə h p,,Kondic2019,,false,^ h ə h p $,default
Puxmetacan-120_bluntdull-1,,Puxmetacan,120_bluntdull,hʲəhpkeʔep,hʲəhpkeʔep,hʲ ə h p k e ʔ e p,,Kondic2019,,false,^ hʲ ə h p k eʔe p $,default
Puxmetacan-121_shyashamed-1,,Puxmetacan,121_shyashamed,tsoʔodʲuʔump,tsoʔodʲuʔump,ts o ʔ o dʲ u ʔ u m p,,Kondic2019,,false,^ ts oʔo dʲ uʔu m p $,default
Puxmetacan-122_old-1,,Puxmetacan,122_old,məhaʔaj,məhaʔaj,m ə h a ʔ a j,,Kondic2019,,false,^ m ə h aʔa j $,default
Puxmetacan-123_painfulsick-1,,Puxmetacan,123_painfulsick,pəhkp,pəhkp,p ə h k p,,Kondic2019,,false,^ p ə h k p $,default
Puxmetacan-124_good-1,,Puxmetacan,124_good,oj,oj,o j,,Kondic2019,,false,^ o j $,default
Puxmetacan-125_bad-1,,Puxmetacan,125_bad,aʃəʔək,aʃəʔək,a ʃ ə ʔ ə k,,Kondic2019,,false,^ a ʃ əʔə k $,default
Puxmetacan-126_correcttrue-1,,Puxmetacan,126_correcttrue,ojəʔə,ojəʔə,o j ə ʔ ə,,Kondic2019,,false,^ o j əʔə $,default
Puxmetacan-127_dirty-1,,Puxmetacan,127_dirty,hewjək,hewjək,h e w j ə k,,Kondic2019,,false,^ h e w j ə k $,default
Puxmetacan-128_rotten-1,,Puxmetacan,128_rotten,təmjaʔan,təmjaʔan,t ə m j a ʔ a n,,Kondic2019,,false,^ t ə m j aʔa n $,default
Puxmetacan-129_all-1,,Puxmetacan,129_all,neʔihtʲ,neʔihtʲ,n e ʔ i h tʲ,,Kondic2019,,false,^ n e ʔ i h tʲ $,default
Puxmetacan-130_heavy-1,,Puxmetacan,130_heavy,heʔemtʲ,heʔemtʲ,h e ʔ e m tʲ,,Kondic2019,,false,^ h eʔe m tʲ $,default
Puxmetacan-131_far-1,,Puxmetacan,131_far,hagam,hagam,h a g a m,,Kondic2019,,false,^ h a g a m $,default
Puxmetacan-132_near-1,,Puxmetacan,132_near,wingon,wingon,w i n g o n,,Kondic2019,,false,^ w i n g o n $,default
Puxmetacan-133_warm-1,,Puxmetacan,133_warm,ambəkp,ambəkp,a m b ə k p,,Kondic2019,,false,^ a m b ə k p $,default
Puxmetacan-134_cold-1,,Puxmetacan,134_cold,pakʲ,pakʲ,p a kʲ,,Kondic2019,,false,^ p a kʲ $,default
Puxmetacan-135_dry-1,,Puxmetacan,135_dry,jahtəʔəts,jahtəʔəts,j a h t ə ʔ ə ts,<jah-təʔəts CAUS-dry 'dried',Kondic2019,,false,^ j a h t əʔə ts $,default
Puxmetacan-136_wet-1,,Puxmetacan,136_wet,ʃoʔok,ʃoʔok,ʃ o ʔ o k,,Kondic2019,,false,^ ʃ oʔo k $,default
Puxmetacan-137_new-1,,Puxmetacan,137_new,anak,anak,a n a k,,Kondic2019,,false,^ a n a k $,default
Puxmetacan-138_other-1,,Puxmetacan,138_other,jəʔəhətʲ,jəʔəhətʲ,j ə ʔ ə h ə tʲ,,Kondic2019,,false,^ j əʔə h ə tʲ $,default
Puxmetacan-139_come-1,,Puxmetacan,139_come,tihjaʔatʲ,tihjaʔatʲ,t i h j a ʔ a tʲ,<imp 'come!',Kondic2019,,false,^ t i h j aʔa tʲ $,default
Puxmetacan-140_walk-1,,Puxmetacan,140_walk,joʔoj,joʔoj,j o ʔ o j,IMP 'walk!',Kondic2019,,false,^ j oʔo j $,default
Puxmetacan-141_grow-1,,Puxmetacan,141_grow,jaʔakp,jaʔakp,j a ʔ a k p,<jaʔak-p grow-GR 'grows',Kondic2019,,false,^ j aʔa k p $,default
Puxmetacan-142_stand-1,,Puxmetacan,142_stand,wakuk,wakuk,w a k u k,IMPER 'stand!',Kondic2019,,false,^ w a k u k $,default
Puxmetacan-143_sit-1,,Puxmetacan,143_sit,teknaʔap,teknaʔap,t e k n a ʔ a p,teknaʔa-p sit-GR 'sits',Kondic2019,,false,^ t e k n aʔa p $,default
Puxmetacan-145_liedown-1,,Puxmetacan,145_liedown,koknaʔap,koknaʔap,k o k n a ʔ a p,<koknaʔa-p lie.down-GR 'lies down',Kondic2019,,false,^ k o k n aʔa p $,default
Puxmetacan-146_turn-1,,Puxmetacan,146_turn,koʔumbit,koʔumbit,k o ʔ u m b i t,<koʔumbit IMP 'turn around!',Kondic2019,,false,^ k o ʔ u m b i t $,default
Puxmetacan-147_climb-1,,Puxmetacan,147_climb,pat,pat,p a t,IMP 'climb!',Kondic2019,,false,^ p a t $,default
Puxmetacan-148_swim-1,,Puxmetacan,148_swim,jun,jun,j u n,<jun IMP 'swim!',Kondic2019,,false,^ j u n $,default
Puxmetacan-149_flyverb-1,,Puxmetacan,149_flyverb,kagəkp,kagəkp,k a g ə k p,<kagək-p fly-GR 'flies',Kondic2019,,false,^ k a g ə k p $,default
Puxmetacan-151_hide-1,,Puxmetacan,151_hide,nəjuʔugij,nəjuʔugij,n ə j u ʔ u g i j,<nəjuʔu-gij hide-IMP 'hide!',Kondic2019,,false,^ n ə j uʔu g i j $,default
Puxmetacan-152_chew-1,,Puxmetacan,152_chew,puʔuj,puʔuj,p u ʔ u j,<puʔuj IMP 'chew (it)',Kondic2019,,false,^ p uʔu j $,default
Puxmetacan-153_eat-1,,Puxmetacan,153_eat,kaʔap,kaʔap,k a ʔ a p,< kaʔa-p eat-GR 'eats',Kondic2019,,false,^ k aʔa p $,default
Puxmetacan-154_drink-1,,Puxmetacan,154_drink,uʔukp,uʔukp,u ʔ u k p,<uʔuk-p drink-GR 'drinks',Kondic2019,,false,^ uʔu k p $,default
Puxmetacan-155_bite-1,,Puxmetacan,155_bite,tsuʔutsp,tsuʔutsp,ts u ʔ u ts p,<tsuʔuts-p bite-GR 'bites',Kondic2019,,false,^ ts uʔu ts p $,default
Puxmetacan-156_suck-1,,Puxmetacan,156_suck,tsiʔitsp,tsiʔitsp,ts i ʔ i ts p,<tsiʔits-p suck-GR 'sucks',Kondic2019,,false,^ ts iʔi ts p $,default
Puxmetacan-157_yawn-1,,Puxmetacan,157_yawn,maʔajəgahʲ,maʔajəgahʲ,m a ʔ a j ə g a hʲ,<maʔajəgahʲ yawn IMP 'yawn!',Kondic2019,,false,^ m aʔa j ə g a hʲ $,default
Puxmetacan-158_spit-1,,Puxmetacan,158_spit,tsuhp,tsuhp,ts u h p,<tsuj-p spit-GR 'spits',Kondic2019,,false,^ ts u h p $,default
Puxmetacan-159_dream-1,,Puxmetacan,159_dream,kəmaʔap,kəmaʔap,k ə m a ʔ a p,<kəmaʔa-p dream-GR 'dreams',Kondic2019,,false,^ k ə m aʔa p $,default
Puxmetacan-160_sleep-1,,Puxmetacan,160_sleep,maʔap,maʔap,m a ʔ a p,<maʔa-p sleep-GR 'sleeps',Kondic2019,,false,^ m aʔa p $,default
Puxmetacan-161_live-1,,Puxmetacan,161_live,tsanaʔap,tsanaʔap,ts a n a ʔ a p,<tsanaʔa-p live-GR 'lives',Kondic2019,,false,^ ts a n aʔa p $,default
Puxmetacan-162_die-1,,Puxmetacan,162_die,oʔokp,oʔokp,o ʔ o k p,<oʔok-p die-GR 'dies',Kondic2019,,false,^ oʔo k p $,default
Puxmetacan-163_kill-1,,Puxmetacan,163_kill,jahajoʔokp,jahajoʔokp,j a h a j o ʔ o k p,<jah-aj-oʔok-p CAUS-?-die-GR 'kills',Kondic2019,,false,^ j a h a j oʔo k p $,default
Puxmetacan-164_see-1,,Puxmetacan,164_see,ihʃpʲ,ihʃpʲ,i h ʃ pʲ,<ihʃ-pʲ see-GR 'sees',Kondic2019,,false,^ i h ʃ pʲ $,default
Puxmetacan-165_hear-1,,Puxmetacan,165_hear,mideʔepʲ,mideʔepʲ,m i d e ʔ e pʲ,<mideʔe-pʲ hear-GR 'hears',Kondic2019,,false,^ m i d eʔe pʲ $,default
Puxmetacan-166_sniffsmell-1,,Puxmetacan,166_sniffsmell,ʃuʔukp,ʃuʔukp,ʃ u ʔ u k p,< ʃuʔuk-p smell-GR 'smells',Kondic2019,,false,^ ʃ uʔu k p $,default
Puxmetacan-167_know-1,,Puxmetacan,167_know,ɲahaʔap,ɲahaʔap,ɲ a h a ʔ a p,< j-nahaʔa-p 3SG-know-GR 'knows',Kondic2019,,false,^ ɲ a h aʔa p $,default
Puxmetacan-168_think-1,,Puxmetacan,168_think,tətmaj,tətmaj,t ə t m a j,<tət-maj think-IMP 'think!',Kondic2019,,false,^ t ə t m a j $,default
Puxmetacan-169_laugh-1,,Puxmetacan,169_laugh,ʃiʔikp,ʃiʔikp,ʃ i ʔ i k p,<ʃiʔik-p laugh-GR 'laughs',Kondic2019,,false,^ ʃ iʔi k p $,default
Puxmetacan-170_cry-1,,Puxmetacan,170_cry,jaʔaʃp,jaʔaʃp,j a ʔ a ʃ p,<jaʔaʃ-p CRY-GR 'cries',Kondic2019,,false,^ j aʔa ʃ p $,default
Puxmetacan-171_blow-1,,Puxmetacan,171_blow,pohp,pohp,p o h p,<poj-p blow-GR 'blows',Kondic2019,,false,^ p o h p $,default
Puxmetacan-172_burn-1,,Puxmetacan,172_burn,tetʲoj,tetʲoj,t e tʲ o j,<te-j-toj there-3SG-burn 'there (it) burned',Kondic2019,,false,^ t e tʲ o j $,default
Puxmetacan-173_flow-1,,Puxmetacan,173_flow,pəjəkp,pəjəkp,p ə j ə k p,<pəjək-p flow/run-GR 'runs',Kondic2019,,false,^ p ə j ə k p $,default
Puxmetacan-174_sew-1,,Puxmetacan,174_sew,ʃiʔipʲ,ʃiʔipʲ,ʃ i ʔ i pʲ,<ʃiʔi-pʲ sew-GR 'sews',Kondic2019,,false,^ ʃ iʔi pʲ $,default
Puxmetacan-176_hit-1,,Puxmetacan,176_hit,jahkepjohp,jahkepjohp,j a h k e p j o h p,<jahke-j-poh-p CAUS-3SG-hit-GR 'hits',Kondic2019,,false,^ j a h k e p j o h p $,default
Puxmetacan-177_cut-1,,Puxmetacan,177_cut,haʔaʃʲpʲotp,haʔaʃʲpʲotp,h a ʔ a ʃʲ pʲ o t p,<haʔaʃʲ-j-pot-p cut-POSS-wood-GR 'cuts his wood',Kondic2019,,false,^ h aʔa ʃʲ pʲ o t p $,default
Puxmetacan-178_split-1,,Puxmetacan,178_split,jahwakʃ,jahwakʃ,j a h w a k ʃ,<jah-wak-ʃ CAUS-split-? 'split!',Kondic2019,,false,^ j a h w a k ʃ $,default
Puxmetacan-180_hunt-1,,Puxmetacan,180_hunt,pəhkp,pəhkp,p ə h k p,<pəhk-p hunt-GR 'hunts',Kondic2019,,false,^ p ə h k p $,default
Puxmetacan-181_hold-1,,Puxmetacan,181_hold,mahtsitʲ,mahtsitʲ,m a h ts i tʲ,<mahts-itʲ hold-IMP 'hold (it)',Kondic2019,,false,^ m a h ts i tʲ $,default
Puxmetacan-182_fear-1,,Puxmetacan,182_fear,tsəʔəkəp,tsəʔəkəp,ts ə ʔ ə k ə p,<tsəʔəkə-p fear-GR 'fears',Kondic2019,,false,^ ts əʔə k ə p $,default
Puxmetacan-183_count-1,,Puxmetacan,183_count,mədʲow,mədʲow,m ə dʲ o w,<mədʲ-ow count-IMP 'count!',Kondic2019,,false,^ m ə dʲ o w $,default
Puxmetacan-184_breathe-1,,Puxmetacan,184_breathe,ʃah,ʃah,ʃ a h,<IMP 'breath!',Kondic2019,,false,^ ʃ a h $,default
Puxmetacan-185_vomit-1,,Puxmetacan,185_vomit,əʔətsp,əʔətsp,ə ʔ ə ts p,<əʔəts-p vomit-GR 'vomits',Kondic2019,,false,^ əʔə ts p $,default
Puxmetacan-186_tieup-1,,Puxmetacan,186_tieup,azim,azim,a z i m,,Kondic2019,,false,^ a z i m $,default
Puxmetacan-187_squeeze-1,,Puxmetacan,187_squeeze,winwitʲp,winwitʲp,w i n w i tʲ p,<winwitʲ-p squeeze-GR 'squeezes',Kondic2019,,false,^ w i n w i tʲ p $,default
Puxmetacan-188_swell-1,,Puxmetacan,188_swell,kiʔiʃp,kiʔiʃp,k i ʔ i ʃ p,<kiʔiʃ-p swell-GR 'swollen',Kondic2019,,false,^ k iʔi ʃ p $,default
Puxmetacan-189_say-1,,Puxmetacan,189_say,kjohpʃʲ,kjohpʃʲ,k j o h p ʃʲ,<kjoh-pʃʲ j-say-GR 'said',Kondic2019,,false,^ k j o h p ʃʲ $,default
Puxmetacan-190_scratch-1,,Puxmetacan,190_scratch,akʃp,akʃp,a k ʃ p,<akʃ-p scratch-GR 'scratches',Kondic2019,,false,^ a k ʃ p $,default
Puxmetacan-191_stab-1,,Puxmetacan,191_stab,kuʔum,kuʔum,k u ʔ u m,IMP 'stab (it)',Kondic2019,,false,^ k uʔu m $,default
Puxmetacan-193_steal-1,,Puxmetacan,193_steal,maʔatsp,maʔatsp,m a ʔ a ts p,<maʔats-p steal-GR 'steels',Kondic2019,,false,^ m aʔa ts p $,default
Puxmetacan-194_choose-1,,Puxmetacan,194_choose,jahpadekp,jahpadekp,j a h p a d e k p,<jah-padek-p CAUS-pick.up-GR 'pick (it) up',Kondic2019,,false,^ j a h p a d e k p $,default
Puxmetacan-195_plant-1,,Puxmetacan,195_plant,pʲəʔəmp,pʲəʔəmp,pʲ ə ʔ ə m p,<j-pəʔəm-p 3SG-plant-GR 'he/she plants',Kondic2019,,false,^ pʲ əʔə m p $,default
Puxmetacan-196_cook-1,,Puxmetacan,196_cook,ontsaʔap,ontsaʔap,o n ts a ʔ a p,<ontsaʔa-p cook-GR 'cooks',Kondic2019,,false,^ o n ts aʔa p $,default
Puxmetacan-197_shoot-1,,Puxmetacan,197_shoot,tiʔipʃp,tiʔipʃp,t i ʔ i p ʃ p,<tiʔipʃ-p shoot-GR 'shoots',Kondic2019,,false,^ t iʔi p ʃ p $,default
Puxmetacan-198_work-1,,Puxmetacan,198_work,tuʔump,tuʔump,t u ʔ u m p,< tuʔun-p work-GR 'works',Kondic2019,,false,^ t uʔu m p $,default
Rayon-1_one-1,,Rayon,1_one,tumə,tumə,t u m ə,,Kondic2023,,false,^ t u m ə $,default
Rayon-2_two-1,,Rayon,2_two,metsa,metsa,m e ts a,,Kondic2023,,false,^ m e ts a $,default
Rayon-3_three-1,,Rayon,3_three,tuka,tuka,t u k a,,Kondic2023,,false,^ t u k a $,default
Rayon-4_four-1,,Rayon,4_four,makʃku,makʃku,m a k ʃ k u,,Kondic2023,,false,^ m a k ʃ k u $,default
Rayon-5_year-1,,Rayon,5_year,ameʔ,ameʔ,a m e ʔ,,Kondic2023,,false,^ a m e ʔ $,default
Rayon-7_left-1,,Rayon,7_left,aʔaɲak,aʔaɲak,a ʔ a ɲ a k,,Kondic2023,,false,^ aʔa ɲ a k $,default
Rayon-8_i-1,,Rayon,8_i,əhtsi,əhtsi,ə h ts i,,Kondic2023,,false,^ ə h ts i $,default
Rayon-10_weallincl-1,,Rayon,10_weallincl,əʔəhtʲap,əʔəhtʲap,ə ʔ ə h tʲ a p,,Kondic2023,,false,^ əʔə h tʲ a p $,default
Rayon-11_yousg-1,,Rayon,11_yousg,mihtsi,mihtsi,m i h ts i,,Kondic2023,,false,^ m i h ts i $,default
Rayon-12_heshe-1,,Rayon,12_heshe,hiʔikə,hiʔikə,h i ʔ i k ə,,Kondic2023,,false,^ h iʔi k ə $,default
Rayon-13_theyall-1,,Rayon,13_theyall,hiktam,hiktam,h i k t a m,,Kondic2023,,false,^ h i k t a m $,default
Rayon-14_nonot-1,,Rayon,14_nonot,nda,nda,n d a,,Kondic2023,,false,^ n d a $,default
Rayon-15_what-1,,Rayon,15_what,tijə,tijə,t i j ə,,Kondic2023,,false,^ t i j ə $,default
Rayon-16_who-1,,Rayon,16_who,iʔijə,iʔijə,i ʔ i j ə,,Kondic2023,,false,^ iʔi j ə $,default
Rayon-17_where-1,,Rayon,17_where,huʔuwə,huʔuwə,h u ʔ u w ə,,Kondic2023,,false,^ h uʔu w ə $,default
Rayon-18_when-1,,Rayon,18_when,huhtʃəʔək,huhtʃəʔək,h u h tʃ ə ʔ ə k,,Kondic2023,,false,^ h u h tʃ əʔə k $,default
Rayon-19_how-1,,Rayon,19_how,huʔutsə,huʔutsə,h u ʔ u ts ə,,Kondic2023,,false,^ h uʔu ts ə $,default
Rayon-20_this-1,,Rayon,20_this,jəmə,jəmə,j ə m ə,,Kondic2023,,false,^ j ə m ə $,default
Rayon-21_that-1,,Rayon,21_that,hiʔikə,hiʔikə,h i ʔ i k ə,,Kondic2023,,false,^ h iʔi k ə $,default
Rayon-22_and-1,,Rayon,22_and,i,i,i,,Kondic2023,,false,^ i $,default
Rayon-23_above-1,,Rayon,23_above,wiŋəsi,wiŋəsi,w i ŋ ə s i,,Kondic2023,,false,^ w i ŋ ə s i $,default
Rayon-24_below-1,,Rayon,24_below,kəwehkəʔmə,kəwehkəʔmə,k ə w e h k ə ʔ m ə,,Kondic2023,,false,^ k ə w e h k ə ʔ m ə $,default
Rayon-25_ininside-1,,Rayon,25_ininside,hohməʔ,hohməʔ,h o h m ə ʔ,,Kondic2023,,false,^ h o h m ə ʔ $,default
Rayon-26_at-1,,Rayon,26_at,hohməʔ,hohməʔ,h o h m ə ʔ,,Kondic2023,,false,^ h o h m ə ʔ $,default
Rayon-27_head-1,,Rayon,27_head,kowak,kowak,k o w a k,,Kondic2023,,false,^ k o w a k $,default
Rayon-28_hair-1,,Rayon,28_hair,wahʲ,wahʲ,w a hʲ,,Kondic2023,,false,^ w a hʲ $,default
Rayon-29_eye-1,,Rayon,29_eye,wiʔidəp,wiʔidəp,w i ʔ i d ə p,,Kondic2023,,false,^ w iʔi d ə p $,default
Rayon-30_nose-1,,Rayon,30_nose,kinə,kinə,k i n ə,,Kondic2023,,false,^ k i n ə $,default
Rayon-31_ear-1,,Rayon,31_ear,taʔatsək,taʔatsək,t a ʔ a ts ə k,,Kondic2023,,false,^ t aʔa ts ə k $,default
Rayon-32_mouth-1,,Rayon,32_mouth,agnaka,agnaka,a g n a k a,,Kondic2023,,false,^ a g n a k a $,default
Rayon-33_tongue-1,,Rayon,33_tongue,tohts,tohts,t o h ts,,Kondic2023,,false,^ t o h ts $,default
Rayon-34_tooth-1,,Rayon,34_tooth,təhts,təhts,t ə h ts,,Kondic2023,,false,^ t ə h ts $,default
Rayon-35_hand-1,,Rayon,35_hand,kəʔ,kəʔ,k ə ʔ,,Kondic2023,,false,^ k ə ʔ $,default
Rayon-36_shoulder-1,,Rayon,36_shoulder,peki,peki,p e k i,,Kondic2023,,false,^ p e k i $,default
Rayon-37_neck-1,,Rayon,37_neck,kəʔənə,kəʔənə,k ə ʔ ə n ə,,Kondic2023,,false,^ k əʔə n ə $,default
Rayon-38_back-1,,Rayon,38_back,ukaʔ,ukaʔ,u k a ʔ,,Kondic2023,,false,^ u k a ʔ $,default
Rayon-39_leg-1,,Rayon,39_leg,tahaʔ,tahaʔ,t a h a ʔ,,Kondic2023,,false,^ t a h a ʔ $,default
Rayon-40_blood-1,,Rayon,40_blood,nəʔəwit,nəʔəwit,n ə ʔ ə w i t,,Kondic2023,,false,^ n əʔə w i t $,default
Rayon-41_bone-1,,Rayon,41_bone,pak,pak,p a k,,Kondic2023,,false,^ p a k $,default
Rayon-42_skin-1,,Rayon,42_skin,naka,naka,n a k a,,Kondic2023,,false,^ n a k a $,default
Rayon-43_belly-1,,Rayon,43_belly,tsehk,tsehk,ts e h k,,Kondic2023,,false,^ ts e h k $,default
Rayon-44_intestines-1,,Rayon,44_intestines,puʔu,puʔu,p u ʔ u,,Kondic2023,,false,^ p uʔu $,default
Rayon-45_breast-1,,Rayon,45_breast,tsuʔuʔtsi,tsuʔuʔtsi,ts u ʔ u ʔ ts i,,Kondic2023,,false,^ ts uʔu ʔ ts i $,default
Rayon-46_liver-1,,Rayon,46_liver,pat,pat,p a t,,Kondic2023,,false,^ p a t $,default
Rayon-47_dog-1,,Rayon,47_dog,tuʔuwiʔ,tuʔuwiʔ,t u ʔ u w i ʔ,,Kondic2023,,false,^ t uʔu w i ʔ $,default
Rayon-48_bird-1,,Rayon,48_bird,hoʔot,hoʔot,h o ʔ o t,,Kondic2023,,false,^ h oʔo t $,default
Rayon-49_fish-1,,Rayon,49_fish,punuʔ,punuʔ,p u n u ʔ,,Kondic2023,,false,^ p u n u ʔ $,default
Rayon-50_snake-1,,Rayon,50_snake,tsat,tsat,ts a t,,Kondic2023,,false,^ ts a t $,default
Rayon-51_worm-1,,Rayon,51_worm,toʔot,toʔot,t o ʔ o t,,Kondic2023,,false,^ t oʔo t $,default
Rayon-52_louse-1,,Rayon,52_louse,awat,awat,a w a t,,Kondic2023,,false,^ a w a t $,default
Rayon-53_rat-1,,Rayon,53_rat,tsuhk,tsuhk,ts u h k,,Kondic2023,,false,^ ts u h k $,default
Rayon-54_spider-1,,Rayon,54_spider,amu,amu,a m u,,Kondic2023,,false,^ a m u $,default
Rayon-55_mosquito-1,,Rayon,55_mosquito,usubʔune,usubʔune,u s u b ʔ u n e,,Kondic2023,,false,^ u s u b ʔ u n e $,default
Rayon-56_egg-1,,Rayon,56_egg,pokaʔ,pokaʔ,p o k a ʔ,,Kondic2023,,false,^ p o k a ʔ $,default
Rayon-57_tail-1,,Rayon,57_tail,tuʔuts,tuʔuts,t u ʔ u ts,,Kondic2023,,false,^ t uʔu ts $,default
Rayon-58_wing-1,,Rayon,58_wing,sahaʔ,sahaʔ,s a h a ʔ,,Kondic2023,,false,^ s a h a ʔ $,default
Rayon-59_feather-1,,Rayon,59_feather,pəhk,pəhk,p ə h k,,Kondic2023,,false,^ p ə h k $,default
Rayon-60_person-1,,Rayon,60_person,təwə,təwə,t ə w ə,,Kondic2023,,false,^ t ə w ə $,default
Rayon-61_man-1,,Rayon,61_man,pət,pət,p ə t,,Kondic2023,,false,^ p ə t $,default
Rayon-62_woman-1,,Rayon,62_woman,jomoʔ,jomoʔ,j o m o ʔ,,Kondic2023,,false,^ j o m o ʔ $,default
Rayon-63_child-1,,Rayon,63_child,uneʔ,uneʔ,u n e ʔ,,Kondic2023,,false,^ u n e ʔ $,default
Rayon-64_name-1,,Rayon,64_name,nəji,nəji,n ə j i,,Kondic2023,,false,^ n ə j i $,default
Rayon-65_mother-1,,Rayon,65_mother,maʔama,maʔama,m a ʔ a m a,,Kondic2023,,false,^ m aʔa m a $,default
Rayon-66_father-1,,Rayon,66_father,hadaʔ,hadaʔ,h a d a ʔ,,Kondic2023,,false,^ h a d a ʔ $,default
Rayon-67_husband-1,,Rayon,67_husband,haja,haja,h a j a,,Kondic2023,,false,^ h a j a $,default
Rayon-68_wife-1,,Rayon,68_wife,jomoʔ,jomoʔ,j o m o ʔ,3POSS-omoʔ 'his spouse' < omoʔ 'wife',Kondic2023,,false,^ j o m o ʔ $,default
Rayon-69_day-1,,Rayon,69_day,hama,hama,h a m a,,Kondic2023,,false,^ h a m a $,default
Rayon-70_night-1,,Rayon,70_night,tsuʔ,tsuʔ,ts u ʔ,,Kondic2023,,false,^ ts u ʔ $,default
Rayon-71_moon-1,,Rayon,71_moon,poja,poja,p o j a,,Kondic2023,,false,^ p o j a $,default
Rayon-72_star-1,,Rayon,72_star,maʔatsaʔ,maʔatsaʔ,m a ʔ a ts a ʔ,,Kondic2023,,false,^ m aʔa ts a ʔ $,default
Rayon-73_sky-1,,Rayon,73_sky,tsaʔap,tsaʔap,ts a ʔ a p,,Kondic2023,,false,^ ts aʔa p $,default
Rayon-74_water-1,,Rayon,74_water,nəʔ,nəʔ,n ə ʔ,,Kondic2023,,false,^ n ə ʔ $,default
Rayon-75_lake-1,,Rayon,75_lake,mejaʔ,mejaʔ,m e j a ʔ,,Kondic2023,,false,^ m e j a ʔ $,default
Rayon-76_sea-1,,Rayon,76_sea,mejaʔ,mejaʔ,m e j a ʔ,,Kondic2023,,false,^ m e j a ʔ $,default
Rayon-77_fire-1,,Rayon,77_fire,huʔuktək,huʔuktək,h u ʔ u k t ə k,,Kondic2023,,false,^ h uʔu k t ə k $,default
Rayon-78_smoke-1,,Rayon,78_smoke,joko,joko,j o k o,,Kondic2023,,false,^ j o k o $,default
Rayon-79_ash-1,,Rayon,79_ash,poʔojo,poʔojo,p o ʔ o j o,,Kondic2023,,false,^ p oʔo j o $,default
Rayon-80_stone-1,,Rayon,80_stone,tsaʔ,tsaʔ,ts a ʔ,,Kondic2023,,false,^ ts a ʔ $,default
Rayon-81_earthsoil-1,,Rayon,81_earthsoil,nasʲ,nasʲ,n a sʲ,,Kondic2023,,false,^ n a sʲ $,default
Rayon-82_dust-1,,Rayon,82_dust,poʔojoʔ,poʔojoʔ,p o ʔ o j o ʔ,,Kondic2023,,false,^ p oʔo j o ʔ $,default
Rayon-83_sand-1,,Rayon,83_sand,poʔojoʔ,poʔojoʔ,p o ʔ o j o ʔ,,Kondic2023,,false,^ p oʔo j o ʔ $,default
Rayon-84_rain-1,,Rayon,84_rain,tuh,tuh,t u h,,Kondic2023,,false,^ t u h $,default
Rayon-85_cloud-1,,Rayon,85_cloud,oʔona,oʔona,o ʔ o n a,,Kondic2023,,false,^ oʔo n a $,default
Rayon-86_wind-1,,Rayon,86_wind,saʔawa,saʔawa,s a ʔ a w a,,Kondic2023,,false,^ s aʔa w a $,default
Rayon-87_fog-1,,Rayon,87_fog,oʔona,oʔona,o ʔ o n a,,Kondic2023,,false,^ oʔo n a $,default
Rayon-88_thunder-1,,Rayon,88_thunder,məhə,məhə,m ə h ə,,Kondic2023,,false,^ m ə h ə $,default
Rayon-89_lightning-1,,Rayon,89_lightning,məmgə,məmgə,m ə m g ə,,Kondic2023,,false,^ m ə m g ə $,default
Rayon-90_meatflesh-1,,Rayon,90_meatflesh,siʔis,siʔis,s i ʔ i s,,Kondic2023,,false,^ s iʔi s $,default
Rayon-91_salt-1,,Rayon,91_salt,kana,kana,k a n a,,Kondic2023,,false,^ k a n a $,default
Rayon-92_fatgrease-1,,Rayon,92_fatgrease,ʃewu,ʃewu,ʃ e w u,,Kondic2023,,false,^ ʃ e w u $,default
Rayon-93_fruit-1,,Rayon,93_fruit,təʔəp,təʔəp,t ə ʔ ə p,,Kondic2023,,false,^ t əʔə p $,default
Rayon-94_woodsforest-1,,Rayon,94_woodsforest,tsaʔamədək,tsaʔamədək,ts a ʔ a m ə d ə k,,Kondic2023,,false,^ ts aʔa m ə d ə k $,default
Rayon-95_root-1,,Rayon,95_root,watsi,watsi,w a ts i,,Kondic2023,,false,^ w a ts i $,default
Rayon-96_branch-1,,Rayon,96_branch,aweks,aweks,a w e k s,,Kondic2023,,false,^ a w e k s $,default
Rayon-97_leaf-1,,Rayon,97_leaf,ajʲ,ajʲ,a jʲ,,Kondic2023,,false,^ a jʲ $,default
Rayon-98_wood-1,,Rayon,98_wood,kuhʲ,kuhʲ,k u hʲ,,Kondic2023,,false,^ k u hʲ $,default
Rayon-99_grass-1,,Rayon,99_grass,taʔanəʔ,taʔanəʔ,t a ʔ a n ə ʔ,,Kondic2023,,false,^ t aʔa n ə ʔ $,default
Rayon-100_flower-1,,Rayon,100_flower,həjə,həjə,h ə j ə,,Kondic2023,,false,^ h ə j ə $,default
Rayon-102_house-1,,Rayon,102_house,təhk,təhk,t ə h k,,Kondic2023,,false,^ t ə h k $,default
Rayon-103_rope-1,,Rayon,103_rope,tsaʔahʲ,tsaʔahʲ,ts a ʔ a hʲ,,Kondic2023,,false,^ ts aʔa hʲ $,default
Rayon-104_needle-1,,Rayon,104_needle,akuʃa,akuʃa,a k u ʃ a,,Kondic2023,,false,^ a k u ʃ a $,default
Rayon-106_black-1,,Rayon,106_black,jəkpə,jəkpə,j ə k p ə,,Kondic2023,,false,^ j ə k p ə $,default
Rayon-107_white-1,,Rayon,107_white,poʔoboʔ,poʔoboʔ,p o ʔ o b o ʔ,,Kondic2023,,false,^ p oʔo b o ʔ $,default
Rayon-108_red-1,,Rayon,108_red,tsaʔawas,tsaʔawas,ts a ʔ a w a s,,Kondic2023,,false,^ ts aʔa w a s $,default
Rayon-109_green-1,,Rayon,109_green,tsuhtsuʔ,tsuhtsuʔ,ts u h ts u ʔ,,Kondic2023,,false,^ ts u h ts u ʔ $,default
Rayon-110_yellow-1,,Rayon,110_yellow,puʔutʃə,puʔutʃə,p u ʔ u tʃ ə,,Kondic2023,,false,^ p uʔu tʃ ə $,default
Rayon-111_big-1,,Rayon,111_big,məhaʔabə,məhaʔabə,m ə h a ʔ a b ə,,Kondic2023,,false,^ m ə h aʔa b ə $,default
Rayon-112_small-1,,Rayon,112_small,tʃəbə,tʃəbə,tʃ ə b ə,,Kondic2023,,false,^ tʃ ə b ə $,default
Rayon-113_long-1,,Rayon,113_long,pəhiʔiwə,pəhiʔiwə,p ə h i ʔ i w ə,,Kondic2023,,false,^ p ə h iʔi w ə $,default
Rayon-114_short-1,,Rayon,114_short,konowə,konowə,k o n o w ə,,Kondic2023,,false,^ k o n o w ə $,default
Rayon-115_thick-1,,Rayon,115_thick,məhtsaʔawjə,məhtsaʔawjə,m ə h ts a ʔ a w j ə,,Kondic2023,,false,^ m ə h ts aʔa w j ə $,default
Rayon-116_thin-1,,Rayon,116_thin,kajiʔiwə,kajiʔiwə,k a j i ʔ i w ə,,Kondic2023,,false,^ k a j iʔi w ə $,default
Rayon-117_narrow-1,,Rayon,117_narrow,kajiʔiwə,kajiʔiwə,k a j i ʔ i w ə,,Kondic2023,,false,^ k a j iʔi w ə $,default
Rayon-118_wide-1,,Rayon,118_wide,peʔetsiʔi wə,peʔetsiʔi wə,p e ʔ e ts i ʔ i + w ə,,Kondic2023,,false,^ p eʔe ts iʔi + w ə $,default
Rayon-119_sharp-1,,Rayon,119_sharp,wiʔnaw,wiʔnaw,w i ʔ n a w,,Kondic2023,,false,^ w i ʔ n a w $,default
Rayon-121_shyashamed-1,,Rayon,121_shyashamed,tsaʔahkuj,tsaʔahkuj,ts a ʔ a h k u j,,Kondic2023,,false,^ ts aʔa h k u j $,default
Rayon-122_old-1,,Rayon,122_old,kaʔanak,kaʔanak,k a ʔ a n a k,,Kondic2023,,false,^ k aʔa n a k $,default
Rayon-123_painfulsick-1,,Rayon,123_painfulsick,tobjawə,tobjawə,t o b j a w ə,,Kondic2023,,false,^ t o b j a w ə $,default
Rayon-124_good-1,,Rayon,124_good,wəbə,wəbə,w ə b ə,,Kondic2023,,false,^ w ə b ə $,default
Rayon-125_bad-1,,Rayon,125_bad,dawəbə,dawəbə,d a w ə b ə,,Kondic2023,,false,^ d a w ə b ə $,default
Rayon-126_correcttrue-1,,Rayon,126_correcttrue,wəbə,wəbə,w ə b ə,,Kondic2023,,false,^ w ə b ə $,default
Rayon-127_dirty-1,,Rayon,127_dirty,pəʔədu,pəʔədu,p ə ʔ ə d u,,Kondic2023,,false,^ p əʔə d u $,default
Rayon-128_rotten-1,,Rayon,128_rotten,puhtsuʔuwə,puhtsuʔuwə,p u h ts u ʔ u w ə,,Kondic2023,,false,^ p u h ts uʔu w ə $,default
Rayon-129_all-1,,Rayon,129_all,mumudap,mumudap,m u m u d a p,,Kondic2023,,false,^ m u m u d a p $,default
Rayon-130_heavy-1,,Rayon,130_heavy,hemets,hemets,h e m e ts,,Kondic2023,,false,^ h e m e ts $,default
Rayon-131_far-1,,Rayon,131_far,jaʔajə,jaʔajə,j a ʔ a j ə,,Kondic2023,,false,^ j aʔa j ə $,default
Rayon-132_near-1,,Rayon,132_near,tomeʔ,tomeʔ,t o m e ʔ,,Kondic2023,,false,^ t o m e ʔ $,default
Rayon-133_warm-1,,Rayon,133_warm,meʔeŋə,meʔeŋə,m e ʔ e ŋ ə,,Kondic2023,,false,^ m eʔe ŋ ə $,default
Rayon-134_cold-1,,Rayon,134_cold,pakak,pakak,p a k a k,,Kondic2023,,false,^ p a k a k $,default
Rayon-135_dry-1,,Rayon,135_dry,təhtsu,təhtsu,t ə h ts u,<təhts-u dry-PAST 'he dried' < təhts- 'to dry',Kondic2023,,false,^ t ə h ts u $,default
Rayon-136_wet-1,,Rayon,136_wet,tsoko,tsoko,ts o k o,,Kondic2023,,false,^ ts o k o $,default
Rayon-137_new-1,,Rayon,137_new,homjeʔewə,homjeʔewə,h o m j e ʔ e w ə,,Kondic2023,,false,^ h o m j eʔe w ə $,default
Rayon-138_other-1,,Rayon,138_other,ejadap,ejadap,e j a d a p,,Kondic2023,,false,^ e j a d a p $,default
Rayon-140_walk-1,,Rayon,140_walk,tuʔunahkuj,tuʔunahkuj,t u ʔ u n a h k u j,< t u.ʔ.u n a h-kuj follow.way-NOM  'walking' < t u.ʔ.u n a h- 'to walk',Kondic2023,,false,^ t uʔu n a h k u j $,default
Rayon-141_grow-1,,Rayon,141_grow,jeʔeŋuj,jeʔeŋuj,j e ʔ e ŋ u j,<j e.ʔ.e n-kuj grow-NOM  'gorwing'< j e.ʔ.e n- 'to grow up',Kondic2023,,false,^ j eʔe ŋ u j $,default
Rayon-142_stand-1,,Rayon,142_stand,tenakʲuj,tenakʲuj,t e n a kʲ u j,<tenaj-kuj stand-NOM 'standing' < tenaj- 'to stand',Kondic2023,,false,^ t e n a kʲ u j $,default
Rayon-143_sit-1,,Rayon,143_sit,pokskuj,pokskuj,p o k s k u j,< poks-kuj  sit-NOM  'sitting'< poks- 'to sit down',Kondic2023,,false,^ p o k s k u j $,default
Rayon-144_fall-1,,Rayon,144_fall,kehku,kehku,k e h k u,<kehk-u 'it/he fell' < kehk- 'to fall',Kondic2023,,false,^ k e h k u $,default
Rayon-145_liedown-1,,Rayon,145_liedown,janakʲuj,janakʲuj,j a n a kʲ u j,<jana-kuj  lie.down-NOM 'liying down' < jana- 'to lie down',Kondic2023,,false,^ j a n a kʲ u j $,default
Rayon-146_turn-1,,Rayon,146_turn,pakseʔədu,pakseʔədu,p a k s e ʔ ə d u,< pakseʔəd-u  turn?-PAST 'he turned it'(?),Kondic2023,,false,^ p a k s eʔə d u $,default
Rayon-147_climb-1,,Rayon,147_climb,kimguj,kimguj,k i m g u j,<kim-kuj climb-NOM 'climbing' < kim- 'to climb',Kondic2023,,false,^ k i m g u j $,default
Rayon-148_swim-1,,Rayon,148_swim,suŋuj,suŋuj,s u ŋ u j,<sun-kuj  swim-NOM 'swimming' < sun- 'to swim',Kondic2023,,false,^ s u ŋ u j $,default
Rayon-149_flyverb-1,,Rayon,149_flyverb,kəjəʔəkuj,kəjəʔəkuj,k ə j ə ʔ ə k u j,<kəj ə.ʔ.ə -kuj  fly-NOM 'flying' < kəj ə.ʔ.ə - 'to fly',Kondic2023,,false,^ k ə j əʔə k u j $,default
Rayon-150_throw-1,,Rayon,150_throw,tənbəʔəkuj,tənbəʔəkuj,t ə n b ə ʔ ə k u j,<tənbəʔə-kuj throw-NOM 'throwing' < tənbəʔə- 'to throw',Kondic2023,,false,^ t ə n b əʔə k u j $,default
Rayon-151_hide-1,,Rayon,151_hide,kəwəŋuj,kəwəŋuj,k ə w ə ŋ u j,<kəwən-kuj hide-NOM 'hiding' < kəwən- 'to hide',Kondic2023,,false,^ k ə w ə ŋ u j $,default
Rayon-152_chew-1,,Rayon,152_chew,waskuj,waskuj,w a s k u j,< was-kuj  chew-NOM 'chewing' < was- 'to chew',Kondic2023,,false,^ w a s k u j $,default
Rayon-153_eat-1,,Rayon,153_eat,kuʔutkuj,kuʔutkuj,k u ʔ u t k u j,<k u.ʔ.u t-kuj  eat-NOM  'eating' < k u.ʔ.u t- 'to eat',Kondic2023,,false,^ k uʔu t k u j $,default
Rayon-154_drink-1,,Rayon,154_drink,toʔoŋuj,toʔoŋuj,t o ʔ o ŋ u j,<t o.ʔ.o n-kuj  drink-NOM  'drinking' < t o.ʔ.o n-  'to drink',Kondic2023,,false,^ t oʔo ŋ u j $,default
Rayon-155_bite-1,,Rayon,155_bite,kəʔskuj,kəʔskuj,k ə ʔ s k u j,<kəʔs-kuj  bite-NOM 'biting' <təʔs- 'to bite',Kondic2023,,false,^ k ə ʔ s k u j $,default
Rayon-156_suck-1,,Rayon,156_suck,jaktsuʔutsu,jaktsuʔutsu,j a k ts u ʔ u ts u,<jak-ts u.ʔ.u ts-u  CAUS-suck-PAST 'he sucked (it)' < jaktsuʔuts- 'to suck',Kondic2023,,false,^ j a k ts uʔu ts u $,default
Rayon-157_yawn-1,,Rayon,157_yawn,hawaskuj,hawaskuj,h a w a s k u j,<hawas-kuj  yawn-NOM 'yawning' < hawas- 'to yawn',Kondic2023,,false,^ h a w a s k u j $,default
Rayon-158_spit-1,,Rayon,158_spit,tsuhkuj,tsuhkuj,ts u h k u j,tsuj-kuj spit-NOM 'spitting' < tsuj-'to spit',Kondic2023,,false,^ ts u h k u j $,default
Rayon-159_dream-1,,Rayon,159_dream,mawaʃəkʲuj,mawaʃəkʲuj,m a w a ʃ ə kʲ u j,,Kondic2023,,false,^ m a w a ʃ ə kʲ u j $,default
Rayon-160_sleep-1,,Rayon,160_sleep,əŋuj,əŋuj,ə ŋ u j,<ən-kuj sleep-NOM 'sleeping' < ən- 'to sleep',Kondic2023,,false,^ ə ŋ u j $,default
Rayon-161_live-1,,Rayon,161_live,iʔitkuj,iʔitkuj,i ʔ i t k u j,<iʔit-kuj  live-NOM 'living' < i.ʔ.i t- 'to live',Kondic2023,,false,^ iʔi t k u j $,default
Rayon-162_die-1,,Rayon,162_die,kaʔaʔkuj,kaʔaʔkuj,k a ʔ a ʔ k u j,<kaʔaʔ-kuj  die-NOM 'dying' < k a.ʔ.a ʔ- 'to die',Kondic2023,,false,^ k aʔa ʔ k u j $,default
Rayon-163_kill-1,,Rayon,163_kill,jahkaʔaʔkuj,jahkaʔaʔkuj,j a h k a ʔ a ʔ k u j,<jah-k a.ʔ.aʔ-kuj CAUS-die-NOM 'killing'< jahk a.ʔ.aʔ- 'to kill',Kondic2023,,false,^ j a h k aʔa ʔ k u j $,default
Rayon-164_see-1,,Rayon,164_see,kəʔəŋuj,kəʔəŋuj,k ə ʔ ə ŋ u j,kəʔəŋ-uj see-NOM  'seeing' < kəʔən- 'to see',Kondic2023,,false,^ k əʔə ŋ u j $,default
Rayon-165_hear-1,,Rayon,165_hear,madəmokuj,madəmokuj,m a d ə m o k u j,<madəmo-kuj  hear-NOM 'hearing' < madəmo-  'to hear',Kondic2023,,false,^ m a d ə m o k u j $,default
Rayon-166_sniffsmell-1,,Rayon,166_sniffsmell,suʔukuj,suʔukuj,s u ʔ u k u j,< s u.ʔ.u- kuj  sniff-NOM  'sniffing' < s u.ʔ.u-  'to sniff',Kondic2023,,false,^ s uʔu k u j $,default
Rayon-167_know-1,,Rayon,167_know,muskuj,muskuj,m u s k u j,<mus-kuj  know-NOM  'knowing' <mus- 'to know',Kondic2023,,false,^ m u s k u j $,default
Rayon-168_think-1,,Rayon,168_think,kipsu,kipsu,k i p s u,<kips-u  think-PAST 'he thought' < kips- 'to think',Kondic2023,,false,^ k i p s u $,default
Rayon-169_laugh-1,,Rayon,169_laugh,siʔkuj,siʔkuj,s i ʔ k u j,<siʔ-kuj  laugh-NOM 'laughing' < siʔ- 'to laugh',Kondic2023,,false,^ s i ʔ k u j $,default
Rayon-170_cry-1,,Rayon,170_cry,həʔəkʲuj,həʔəkʲuj,h ə ʔ ə kʲ u j,<h ə.ʔ.əj-kuj  cry-NOM 'crying' < h ə.ʔ.ə j- 'to cry',Kondic2023,,false,^ h əʔə kʲ u j $,default
Rayon-171_blow-1,,Rayon,171_blow,suhkuj,suhkuj,s u h k u j,<suh-kuj  blow-NOM 'blowing' < suh-kuj 'to blow',Kondic2023,,false,^ s u h k u j $,default
Rayon-172_burn-1,,Rayon,172_burn,poŋu,poŋu,p o ŋ u,<poŋ-u burn-PAST 'he burnt (it)' < poŋ- 'to burn',Kondic2023,,false,^ p o ŋ u $,default
Rayon-173_flow-1,,Rayon,173_flow,powʲawənəʔ,powʲawənəʔ,p o wʲ a w ə n ə ʔ,<powʲa-wə-nəʔ run-INC-water 'the water runs/flows',Kondic2023,,false,^ p o wʲ a w ə n ə ʔ $,default
Rayon-174_sew-1,,Rayon,174_sew,naʔkuj,naʔkuj,n a ʔ k u j,<naʔ-kuj   sew-NOM 'sewing' < naʔ- 'to sew',Kondic2023,,false,^ n a ʔ k u j $,default
Rayon-175_pound-1,,Rayon,175_pound,hʲuʔudu,hʲuʔudu,hʲ u ʔ u d u,< j-h u.ʔ.u d-u  3E-pound-PAST 'he beated (it/him)' < h u.ʔ.u d u- 'to beat',Kondic2023,,false,^ hʲ uʔu d u $,default
Rayon-176_hit-1,,Rayon,176_hit,ɲaksu,ɲaksu,ɲ a k s u,<j-naks-u 3E-hit-PAST 'he hit (it)' < naks- 'to hit',Kondic2023,,false,^ ɲ a k s u $,default
Rayon-177_cut-1,,Rayon,177_cut,jʲahku,jʲahku,jʲ a h k u,< j-ahk-u  3E-cut-PAST 'he cut (it)' < jahk- 'to cut',Kondic2023,,false,^ jʲ a h k u $,default
Rayon-178_split-1,,Rayon,178_split,kʲukweʔŋu,kʲukweʔŋu,kʲ u k w e ʔ ŋ u,<j-kukweʔŋ-u  3E-split-PAST 'he split (it)'<kukweʔŋ- 'to split',Kondic2023,,false,^ kʲ u k w e ʔ ŋ u $,default
Rayon-179_dig-1,,Rayon,179_dig,tahkuj,tahkuj,t a h k u j,<tah-kuj dig-NOM 'digging' < tahk- 'to dig',Kondic2023,,false,^ t a h k u j $,default
Rayon-180_hunt-1,,Rayon,180_hunt,maʔkuj,maʔkuj,m a ʔ k u j,< maʔ-kuj hunt-NOM 'hunting'< maʔ- 'to hunt',Kondic2023,,false,^ m a ʔ k u j $,default
Rayon-181_hold-1,,Rayon,181_hold,ɲuhku,ɲuhku,ɲ u h k u,<j-nujk-u 3E-hold-PAST 'he held (it)' < nuhk- 'to hold',Kondic2023,,false,^ ɲ u h k u $,default
Rayon-182_fear-1,,Rayon,182_fear,naʔatsu,naʔatsu,n a ʔ a ts u,< n a.ʔ.a ts-u  fear-PASAT 'feared' < n a.ʔ.a ts- 'to fear',Kondic2023,,false,^ n aʔa ts u $,default
Rayon-183_count-1,,Rayon,183_count,majokʲuj,majokʲuj,m a j o kʲ u j,<maj-oj-kuj count-?-NOM 'counting' < maj- 'to count',Kondic2023,,false,^ m a j o kʲ u j $,default
Rayon-184_breathe-1,,Rayon,184_breathe,hejpəhkuj,hejpəhkuj,h e j p ə h k u j,<hejpəh-kuj  breath-NOM 'breathing' < hejpəh- 'to breath',Kondic2023,,false,^ h e j p ə h k u j $,default
Rayon-185_vomit-1,,Rayon,185_vomit,əʔətskuj,əʔətskuj,ə ʔ ə ts k u j,< ə.ʔ.ə ts-kuj  vomit-NOM  'vomiting'< ə.ʔ.ə ts-'to vomit',Kondic2023,,false,^ əʔə ts k u j $,default
Rayon-186_tieup-1,,Rayon,186_tieup,moksə,moksə,m o k s ə,<moks-ə  tie.up-IMP 'tie (it) up!'< moks- 'to tie up',Kondic2023,,false,^ m o k s ə $,default
Rayon-188_swell-1,,Rayon,188_swell,siŋuj,siŋuj,s i ŋ u j,<sin-kuj swell-NOM 'swelling'< sin- 'to swell',Kondic2023,,false,^ s i ŋ u j $,default
Rayon-189_say-1,,Rayon,189_say,tsaʔamguj,tsaʔamguj,ts a ʔ a m g u j,<ts a.ʔ.a m-kuj  say-NOM 'saying' < ts a.ʔ.a m- 'to say',Kondic2023,,false,^ ts aʔa m g u j $,default
Rayon-190_scratch-1,,Rayon,190_scratch,hetsmaʔskuj,hetsmaʔskuj,h e ts m a ʔ s k u j,<jetsmaʔs-kuj  scratch-NOM 'scratching'< jetsmaʔs- 'to scratch',Kondic2023,,false,^ h e ts m a ʔ s k u j $,default
Rayon-191_stab-1,,Rayon,191_stab,tahmaʔaskuj,tahmaʔaskuj,t a h m a ʔ a s k u j,<tahm a.ʔ.a s-kuj  stab-NOM 'stabbing' < tahm a.ʔ.a k- 'to stab',Kondic2023,,false,^ t a h m aʔa s k u j $,default
Rayon-192_buy-1,,Rayon,192_buy,huʔukʲuj,huʔukʲuj,h u ʔ u kʲ u j,< hu.ʔ.u j-kuk buy-NOM 'buying' < h u.ʔ.u j- 'to buy',Kondic2023,,false,^ h uʔu kʲ u j $,default
Rayon-193_steal-1,,Rayon,193_steal,ɲuʔmu,ɲuʔmu,ɲ u ʔ m u,< j-nuʔm-u 3E-steel-PAST 'he stole (it)' < nuʔm- 'to steal',Kondic2023,,false,^ ɲ u ʔ m u $,default
Rayon-194_choose-1,,Rayon,194_choose,kobiŋuj,kobiŋuj,k o b i ŋ u j,<kopin-kuj chose-NOM  'choosing'< kopin- 'to choose',Kondic2023,,false,^ k o b i ŋ u j $,default
Rayon-195_plant-1,,Rayon,195_plant,nipkuj,nipkuj,n i p k u j,nib-kuj  plant-NOM 'planting' < nip- 'to plant',Kondic2023,,false,^ n i p k u j $,default
Rayon-196_cook-1,,Rayon,196_cook,kutkutʃəhkuj,kutkutʃəhkuj,k u t k u tʃ ə h k u j,< kutku-tʃəh-kuj  prepare-food-NOM 'cooking' < kutkutʃəh- 'to make food',Kondic2023,,false,^ k u t k u tʃ ə h k u j $,default
Rayon-198_work-1,,Rayon,198_work,joskuj,joskuj,j o s k u j,<jos-kuj  work-NOM 'working'< jos-'to work',Kondic2023,,false,^ j o s k u j $,default
Rayon-199_open-1,,Rayon,199_open,taʔaŋuj,taʔaŋuj,t a ʔ a ŋ u j,taʔan-kuj open-NOM 'opening' < taʔan- 'to open',Kondic2023,,false,^ t aʔa ŋ u j $,default
Tamazulapam-1_one-1,,Tamazulapam,1_one,tuʔuk,tuʔuk,t u ʔ u k,,Kondic2019,,false,^ t uʔu k $,default
Tamazulapam-2_two-1,,Tamazulapam,2_two,matsk,matsk,m a ts k,,Kondic2019,,false,^ m a ts k $,default
Tamazulapam-3_three-1,,Tamazulapam,3_three,təgəʔək,təgəʔək,t ə g ə ʔ ə k,,Kondic2019,,false,^ t ə g əʔə k $,default
Tamazulapam-4_four-1,,Tamazulapam,4_four,taʔaʃk,taʔaʃk,t a ʔ a ʃ k,,Kondic2019,,false,^ t aʔa ʃ k $,default
Tamazulapam-5_year-1,,Tamazulapam,5_year,həməht,həməht,h ə m ə h t,,Kondic2019,,false,^ h ə m ə h t $,default
Tamazulapam-7_left-1,,Tamazulapam,7_left,anaʔangʲə,anaʔangʲə,a n a ʔ a n gʲ ə,,Kondic2019,,false,^ a n aʔa n gʲ ə $,default
Tamazulapam-8_i-1,,Tamazulapam,8_i,əhts,əhts,ə h ts,,Kondic2019,,false,^ ə h ts $,default
Tamazulapam-10_weallincl-1,,Tamazulapam,10_weallincl,ədəmət,ədəmət,ə d ə m ə t,,Kondic2019,,false,^ ə d ə m ə t $,default
Tamazulapam-11_yousg-1,,Tamazulapam,11_yousg,mehts,mehts,m e h ts,,Kondic2019,,false,^ m e h ts $,default
Tamazulapam-12_heshe-1,,Tamazulapam,12_heshe,jəʔə,jəʔə,j ə ʔ ə,,Kondic2019,,false,^ j əʔə $,default
Tamazulapam-13_theyall-1,,Tamazulapam,13_theyall,jəhət,jəhət,j ə h ə t,,Kondic2019,,false,^ j ə h ə t $,default
Tamazulapam-14_nonot-1,,Tamazulapam,14_nonot,kat,kat,k a t,,Kondic2019,,false,^ k a t $,default
Tamazulapam-15_what-1,,Tamazulapam,15_what,teʔe,teʔe,t e ʔ e,,Kondic2019,,false,^ t eʔe $,default
Tamazulapam-16_who-1,,Tamazulapam,16_who,pən,pən,p ə n,,Kondic2019,,false,^ p ə n $,default
Tamazulapam-17_where-1,,Tamazulapam,17_where,maʔa,maʔa,m a ʔ a,,Kondic2019,,false,^ m aʔa $,default
Tamazulapam-18_when-1,,Tamazulapam,18_when,huʔun,huʔun,h u ʔ u n,,Kondic2019,,false,^ h uʔu n $,default
Tamazulapam-19_how-1,,Tamazulapam,19_how,soʔo,soʔo,s o ʔ o,,Kondic2019,,false,^ s oʔo $,default
Tamazulapam-20_this-1,,Tamazulapam,20_this,jaʔat,jaʔat,j a ʔ a t,,Kondic2019,,false,^ j aʔa t $,default
Tamazulapam-21_that-1,,Tamazulapam,21_that,ʃjeʔet,ʃjeʔet,ʃ j e ʔ e t,,Kondic2019,,false,^ ʃ j eʔe t $,default
Tamazulapam-22_and-1,,Tamazulapam,22_and,həts,həts,h ə ts,,Kondic2019,,false,^ h ə ts $,default
Tamazulapam-23_above-1,,Tamazulapam,23_above,əbətkiʃpʲ,əbətkiʃpʲ,ə b ə t k i ʃ pʲ,,Kondic2019,,false,^ ə b ə t k i ʃ pʲ $,default
Tamazulapam-24_below-1,,Tamazulapam,24_below,pətkiʔipʲ,pətkiʔipʲ,p ə t k i ʔ i pʲ,,Kondic2019,,false,^ p ə t k iʔi pʲ $,default
Tamazulapam-25_ininside-1,,Tamazulapam,25_ininside,jetʲpʲ,jetʲpʲ,j e tʲ pʲ,,Kondic2019,,false,^ j e tʲ pʲ $,default
Tamazulapam-26_at-1,,Tamazulapam,26_at,ham,ham,h a m,,Kondic2019,,false,^ h a m $,default
Tamazulapam-27_head-1,,Tamazulapam,27_head,kəwahk,kəwahk,k ə w a h k,,Kondic2019,,false,^ k ə w a h k $,default
Tamazulapam-28_hair-1,,Tamazulapam,28_hair,waʔaj,waʔaj,w a ʔ a j,,Kondic2019,,false,^ w aʔa j $,default
Tamazulapam-29_eye-1,,Tamazulapam,29_eye,weʔen,weʔen,w e ʔ e n,,Kondic2019,,false,^ w eʔe n $,default
Tamazulapam-30_nose-1,,Tamazulapam,30_nose,həʔəhp,həʔəhp,h ə ʔ ə h p,,Kondic2019,,false,^ h əʔə h p $,default
Tamazulapam-31_ear-1,,Tamazulapam,31_ear,taʔatsk,taʔatsk,t a ʔ a ts k,,Kondic2019,,false,^ t aʔa ts k $,default
Tamazulapam-32_mouth-1,,Tamazulapam,32_mouth,aaw,aaw,a a w,,Kondic2019,,false,^ a a w $,default
Tamazulapam-33_tongue-1,,Tamazulapam,33_tongue,toʔohts,toʔohts,t o ʔ o h ts,,Kondic2019,,false,^ t oʔo h ts $,default
Tamazulapam-34_tooth-1,,Tamazulapam,34_tooth,teʔehts,teʔehts,t e ʔ e h ts,,Kondic2019,,false,^ t eʔe h ts $,default
Tamazulapam-35_hand-1,,Tamazulapam,35_hand,kəʔə,kəʔə,k ə ʔ ə,,Kondic2019,,false,^ k əʔə $,default
Tamazulapam-37_neck-1,,Tamazulapam,37_neck,►,►,,,Kondic2019,,false,,
Tamazulapam-38_back-1,,Tamazulapam,38_back,həʔəʃk,həʔəʃk,h ə ʔ ə ʃ k,,Kondic2019,,false,^ h əʔə ʃ k $,default
Tamazulapam-40_blood-1,,Tamazulapam,40_blood,nəʔəpʲ,nəʔəpʲ,n ə ʔ ə pʲ,,Kondic2019,,false,^ n əʔə pʲ $,default
Tamazulapam-41_bone-1,,Tamazulapam,41_bone,pɒhk,pɒhk,p ɒ h k,,Kondic2019,,false,^ p ɒ h k $,default
Tamazulapam-42_skin-1,,Tamazulapam,42_skin,ak,ak,a k,,Kondic2019,,false,^ a k $,default
Tamazulapam-43_belly-1,,Tamazulapam,43_belly,hoʔoht,hoʔoht,h o ʔ o h t,,Kondic2019,,false,^ h oʔo h t $,default
Tamazulapam-44_intestines-1,,Tamazulapam,44_intestines,►,►,,,Kondic2019,,false,,
Tamazulapam-45_breast-1,,Tamazulapam,45_breast,tsetsk,tsetsk,ts e ts k,,Kondic2019,,false,^ ts e ts k $,default
Tamazulapam-46_liver-1,,Tamazulapam,46_liver,►,►,,,Kondic2019,,false,,
Tamazulapam-47_dog-1,,Tamazulapam,47_dog,uk,uk,u k,,Kondic2019,,false,^ u k $,default
Tamazulapam-48_bird-1,,Tamazulapam,48_bird,hoʔon,hoʔon,h o ʔ o n,,Kondic2019,,false,^ h oʔo n $,default
Tamazulapam-49_fish-1,,Tamazulapam,49_fish,ahkʃ,ahkʃ,a h k ʃ,,Kondic2019,,false,^ a h k ʃ $,default
Tamazulapam-50_snake-1,,Tamazulapam,50_snake,tsaʔaɲ,tsaʔaɲ,ts a ʔ a ɲ,,Kondic2019,,false,^ ts aʔa ɲ $,default
Tamazulapam-54_spider-1,,Tamazulapam,54_spider,poʔoʃ,poʔoʃ,p o ʔ o ʃ,,Kondic2019,,false,^ p oʔo ʃ $,default
Tamazulapam-55_mosquito-1,,Tamazulapam,55_mosquito,uʔuʃ,uʔuʃ,u ʔ u ʃ,,Kondic2019,,false,^ uʔu ʃ $,default
Tamazulapam-56_egg-1,,Tamazulapam,56_egg,tətuʔutʲ,tətuʔutʲ,t ə t u ʔ u tʲ,,Kondic2019,,false,^ t ə t uʔu tʲ $,default
Tamazulapam-59_feather-1,,Tamazulapam,59_feather,pəhk,pəhk,p ə h k,,Kondic2019,,false,^ p ə h k $,default
Tamazulapam-60_person-1,,Tamazulapam,60_person,hɒʔaj,hɒʔaj,h ɒ ʔ a j,,Kondic2019,,false,^ h ɒ ʔ a j $,default
Tamazulapam-61_man-1,,Tamazulapam,61_man,jadʲəhk,jadʲəhk,j a dʲ ə h k,,Kondic2019,,false,^ j a dʲ ə h k $,default
Tamazulapam-62_woman-1,,Tamazulapam,62_woman,taʃtʲəhk,taʃtʲəhk,t a ʃ tʲ ə h k,,Kondic2019,,false,^ t a ʃ tʲ ə h k $,default
Tamazulapam-63_child-1,,Tamazulapam,63_child,miʃʲ,miʃʲ,m i ʃʲ,,Kondic2019,,false,^ m i ʃʲ $,default
Tamazulapam-64_name-1,,Tamazulapam,64_name,ʃəʔə,ʃəʔə,ʃ ə ʔ ə,,Kondic2019,,false,^ ʃ əʔə $,default
Tamazulapam-65_mother-1,,Tamazulapam,65_mother,taʃak,taʃak,t a ʃ a k,,Kondic2019,,false,^ t a ʃ a k $,default
Tamazulapam-66_father-1,,Tamazulapam,66_father,teʔetʲ,teʔetʲ,t e ʔ e tʲ,,Kondic2019,,false,^ t eʔe tʲ $,default
Tamazulapam-67_husband-1,,Tamazulapam,67_husband,himʲəʔət,himʲəʔət,h i mʲ ə ʔ ə t,,Kondic2019,,false,^ h i mʲ əʔə t $,default
Tamazulapam-68_wife-1,,Tamazulapam,68_wife,tʲoʃtʲəhk,tʲoʃtʲəhk,tʲ o ʃ tʲ ə h k,,Kondic2019,,false,^ tʲ o ʃ tʲ ə h k $,default
Tamazulapam-69_day-1,,Tamazulapam,69_day,ʃəʔəɲ,ʃəʔəɲ,ʃ ə ʔ ə ɲ,,Kondic2019,,false,^ ʃ əʔə ɲ $,default
Tamazulapam-70_night-1,,Tamazulapam,70_night,koʔots,koʔots,k o ʔ o ts,,Kondic2019,,false,^ k oʔo ts $,default
Tamazulapam-71_moon-1,,Tamazulapam,71_moon,poʔo,poʔo,p o ʔ o,,Kondic2019,,false,^ p oʔo $,default
Tamazulapam-72_star-1,,Tamazulapam,72_star,mədzaʔa,mədzaʔa,m ə dz a ʔ a,,Kondic2019,,false,^ m ə dz aʔa $,default
Tamazulapam-73_sky-1,,Tamazulapam,73_sky,tsahp,tsahp,ts a h p,,Kondic2019,,false,^ ts a h p $,default
Tamazulapam-74_water-1,,Tamazulapam,74_water,nəʔə,nəʔə,n ə ʔ ə,,Kondic2019,,false,^ n əʔə $,default
Tamazulapam-76_sea-1,,Tamazulapam,76_sea,məh nəʔə,məh nəʔə,m ə h + n ə ʔ ə,<məh nəʔə  big water,Kondic2019,,false,^ m ə h + n əʔə $,default
Tamazulapam-77_fire-1,,Tamazulapam,77_fire,həʔən,həʔən,h ə ʔ ə n,,Kondic2019,,false,^ h əʔə n $,default
Tamazulapam-79_ash-1,,Tamazulapam,79_ash,haʔam,haʔam,h a ʔ a m,,Kondic2019,,false,^ h aʔa m $,default
Tamazulapam-80_stone-1,,Tamazulapam,80_stone,tsaʔa,tsaʔa,ts a ʔ a,,Kondic2019,,false,^ ts aʔa $,default
Tamazulapam-81_earthsoil-1,,Tamazulapam,81_earthsoil,naʔaʃ,naʔaʃ,n a ʔ a ʃ,,Kondic2019,,false,^ n aʔa ʃ $,default
Tamazulapam-82_dust-1,,Tamazulapam,82_dust,puʔuʃ,puʔuʃ,p u ʔ u ʃ,,Kondic2019,,false,^ p uʔu ʃ $,default
Tamazulapam-83_sand-1,,Tamazulapam,83_sand,puʔuʃ,puʔuʃ,p u ʔ u ʃ,,Kondic2019,,false,^ p uʔu ʃ $,default
Tamazulapam-84_rain-1,,Tamazulapam,84_rain,tuʔup,tuʔup,t u ʔ u p,,Kondic2019,,false,^ t uʔu p $,default
Tamazulapam-86_wind-1,,Tamazulapam,86_wind,poh,poh,p o h,,Kondic2019,,false,^ p o h $,default
Tamazulapam-88_thunder-1,,Tamazulapam,88_thunder,anaʔah,anaʔah,a n a ʔ a h,,Kondic2019,,false,^ a n aʔa h $,default
Tamazulapam-89_lightning-1,,Tamazulapam,89_lightning,hədzuk,hədzuk,h ə dz u k,,Kondic2019,,false,^ h ə dz u k $,default
Tamazulapam-90_meatflesh-1,,Tamazulapam,90_meatflesh,tsuʔutʲ,tsuʔutʲ,ts u ʔ u tʲ,,Kondic2019,,false,^ ts uʔu tʲ $,default
Tamazulapam-91_salt-1,,Tamazulapam,91_salt,kaʔan,kaʔan,k a ʔ a n,,Kondic2019,,false,^ k aʔa n $,default
Tamazulapam-92_fatgrease-1,,Tamazulapam,92_fatgrease,on,on,o n,,Kondic2019,,false,^ o n $,default
Tamazulapam-93_fruit-1,,Tamazulapam,93_fruit,uhts,uhts,u h ts,,Kondic2019,,false,^ u h ts $,default
Tamazulapam-97_leaf-1,,Tamazulapam,97_leaf,ɒʔɒj,ɒʔɒj,ɒ ʔ ɒ j,,Kondic2019,,false,^ ɒ ʔ ɒ j $,default
Tamazulapam-98_wood-1,,Tamazulapam,98_wood,kiʔipʲ,kiʔipʲ,k i ʔ i pʲ,,Kondic2019,,false,^ k iʔi pʲ $,default
Tamazulapam-99_grass-1,,Tamazulapam,99_grass,uhts,uhts,u h ts,,Kondic2019,,false,^ u h ts $,default
Tamazulapam-100_flower-1,,Tamazulapam,100_flower,pəhʲ,pəhʲ,p ə hʲ,,Kondic2019,,false,^ p ə hʲ $,default
Tamazulapam-101_thatchroof-1,,Tamazulapam,101_thatchroof,məj,məj,m ə j,,Kondic2019,,false,^ m ə j $,default
Tamazulapam-102_house-1,,Tamazulapam,102_house,təhk,təhk,t ə h k,,Kondic2019,,false,^ t ə h k $,default
Tamazulapam-103_rope-1,,Tamazulapam,103_rope,tepʃʲ,tepʃʲ,t e p ʃʲ,,Kondic2019,,false,^ t e p ʃʲ $,default
Tamazulapam-104_needle-1,,Tamazulapam,104_needle,ʃuuʔɲ,ʃuuʔɲ,ʃ u u ʔ ɲ,,Kondic2019,,false,^ ʃ u u ʔ ɲ $,default
Tamazulapam-105_roadpath-1,,Tamazulapam,105_roadpath,tuʔu,tuʔu,t u ʔ u,,Kondic2019,,false,^ t uʔu $,default
Tamazulapam-106_black-1,,Tamazulapam,106_black,jəhk,jəhk,j ə h k,,Kondic2019,,false,^ j ə h k $,default
Tamazulapam-107_white-1,,Tamazulapam,107_white,poʔop,poʔop,p o ʔ o p,,Kondic2019,,false,^ p oʔo p $,default
Tamazulapam-108_red-1,,Tamazulapam,108_red,tsahpts,tsahpts,ts a h p ts,,Kondic2019,,false,^ ts a h p ts $,default
Tamazulapam-109_green-1,,Tamazulapam,109_green,tsuʃk,tsuʃk,ts u ʃ k,,Kondic2019,,false,^ ts u ʃ k $,default
Tamazulapam-110_yellow-1,,Tamazulapam,110_yellow,puʔuts,puʔuts,p u ʔ u ts,,Kondic2019,,false,^ p uʔu ts $,default
Tamazulapam-111_big-1,,Tamazulapam,111_big,məh,məh,m ə h,,Kondic2019,,false,^ m ə h $,default
Tamazulapam-112_small-1,,Tamazulapam,112_small,mətsk,mətsk,m ə ts k,,Kondic2019,,false,^ m ə ts k $,default
Tamazulapam-113_long-1,,Tamazulapam,113_long,jeʔeɲ,jeʔeɲ,j e ʔ e ɲ,,Kondic2019,,false,^ j eʔe ɲ $,default
Tamazulapam-114_short-1,,Tamazulapam,114_short,wətkiʔipʲ,wətkiʔipʲ,w ə t k i ʔ i pʲ,,Kondic2019,,false,^ w ə t k iʔi pʲ $,default
Tamazulapam-115_thick-1,,Tamazulapam,115_thick,həməh,həməh,h ə m ə h,,Kondic2019,,false,^ h ə m ə h $,default
Tamazulapam-116_thin-1,,Tamazulapam,116_thin,pehʲ,pehʲ,p e hʲ,,Kondic2019,,false,^ p e hʲ $,default
Tamazulapam-117_narrow-1,,Tamazulapam,117_narrow,hənmətsk,hənmətsk,h ə n m ə ts k,,Kondic2019,,false,^ h ə n m ə ts k $,default
Tamazulapam-118_wide-1,,Tamazulapam,118_wide,məhweʔen,məhweʔen,m ə h w e ʔ e n,,Kondic2019,,false,^ m ə h w eʔe n $,default
Tamazulapam-119_sharp-1,,Tamazulapam,119_sharp,həʔəhp,həʔəhp,h ə ʔ ə h p,,Kondic2019,,false,^ h əʔə h p $,default
Tamazulapam-121_shyashamed-1,,Tamazulapam,121_shyashamed,həndzəʔəkʲ,həndzəʔəkʲ,h ə n dz ə ʔ ə kʲ,,Kondic2019,,false,^ h ə n dz əʔə kʲ $,default
Tamazulapam-122_old-1,,Tamazulapam,122_old,məhaʔaj,məhaʔaj,m ə h a ʔ a j,,Kondic2019,,false,^ m ə h aʔa j $,default
Tamazulapam-123_painfulsick-1,,Tamazulapam,123_painfulsick,pəhnaʃp,pəhnaʃp,p ə h n a ʃ p,,Kondic2019,,false,^ p ə h n a ʃ p $,default
Tamazulapam-124_good-1,,Tamazulapam,124_good,ehjaʔaj,ehjaʔaj,e h j a ʔ a j,,Kondic2019,,false,^ e h j aʔa j $,default
Tamazulapam-125_bad-1,,Tamazulapam,125_bad,keʔej,keʔej,k e ʔ e j,,Kondic2019,,false,^ k eʔe j $,default
Tamazulapam-126_correcttrue-1,,Tamazulapam,126_correcttrue,eʔej,eʔej,e ʔ e j,,Kondic2019,,false,^ eʔe j $,default
Tamazulapam-128_rotten-1,,Tamazulapam,128_rotten,maʔtp,maʔtp,m a ʔ t p,,Kondic2019,,false,^ m a ʔ t p $,default
Tamazulapam-129_all-1,,Tamazulapam,129_all,namukət,namukət,n a m u k ə t,,Kondic2019,,false,^ n a m u k ə t $,default
Tamazulapam-130_heavy-1,,Tamazulapam,130_heavy,heʔemtʲ,heʔemtʲ,h e ʔ e m tʲ,,Kondic2019,,false,^ h eʔe m tʲ $,default
Tamazulapam-131_far-1,,Tamazulapam,131_far,həgam,həgam,h ə g a m,,Kondic2019,,false,^ h ə g a m $,default
Tamazulapam-132_near-1,,Tamazulapam,132_near,həngon,həngon,h ə n g o n,,Kondic2019,,false,^ h ə n g o n $,default
Tamazulapam-133_warm-1,,Tamazulapam,133_warm,an,an,a n,,Kondic2019,,false,^ a n $,default
Tamazulapam-134_cold-1,,Tamazulapam,134_cold,ʃiʔiʃʲ,ʃiʔiʃʲ,ʃ i ʔ i ʃʲ,,Kondic2019,,false,^ ʃ iʔi ʃʲ $,default
Tamazulapam-135_dry-1,,Tamazulapam,135_dry,həktəʔəts,həktəʔəts,h ə k t ə ʔ ə ts,<hək-təʔəts CAUS-dry 'dry!',Kondic2019,,false,^ h ə k t əʔə ts $,default
Tamazulapam-137_new-1,,Tamazulapam,137_new,heʔemʲ,heʔemʲ,h e ʔ e mʲ,,Kondic2019,,false,^ h eʔe mʲ $,default
Tamazulapam-138_other-1,,Tamazulapam,138_other,wenpa,wenpa,w e n p a,,Kondic2019,,false,^ w e n p a $,default
Tamazulapam-139_come-1,,Tamazulapam,139_come,hɒtp,hɒtp,h ɒ t p,<hɒt-p  come-GR 'comes',Kondic2019,,false,^ h ɒ t p $,default
Tamazulapam-140_walk-1,,Tamazulapam,140_walk,joʔoj,joʔoj,j o ʔ o j,<joʔoj  IMP 'walk!',Kondic2019,,false,^ j oʔo j $,default
Tamazulapam-141_grow-1,,Tamazulapam,141_grow,jakp,jakp,j a k p,<jak-p grow-GR 'grows',Kondic2019,,false,^ j a k p $,default
Tamazulapam-142_stand-1,,Tamazulapam,142_stand,tənaʔapʲ,tənaʔapʲ,t ə n a ʔ a pʲ,<tənaʔa-pj stand-GR 'stands',Kondic2019,,false,^ t ə n aʔa pʲ $,default
Tamazulapam-143_sit-1,,Tamazulapam,143_sit,tsənaʔapʲ,tsənaʔapʲ,ts ə n a ʔ a pʲ,<tsənaʔa-pj sit-GR 'sits',Kondic2019,,false,^ ts ə n aʔa pʲ $,default
Tamazulapam-144_fall-1,,Tamazulapam,144_fall,kədaʔap,kədaʔap,k ə d a ʔ a p,<kədaʔa-p fall-GR 'falls',Kondic2019,,false,^ k ə d aʔa p $,default
Tamazulapam-145_liedown-1,,Tamazulapam,145_liedown,nəgjoʔoga,nəgjoʔoga,n ə g j o ʔ o g a,,Kondic2019,,false,^ n ə g j oʔo g a $,default
Tamazulapam-147_climb-1,,Tamazulapam,147_climb,pat,pat,p a t,<pat IMP 'climb!',Kondic2019,,false,^ p a t $,default
Tamazulapam-149_flyverb-1,,Tamazulapam,149_flyverb,kahkəʔəkp,kahkəʔəkp,k a h k ə ʔ ə k p,<kahk-əʔək-p wing-fly-GR 'flies',Kondic2019,,false,^ k a h k əʔə k p $,default
Tamazulapam-150_throw-1,,Tamazulapam,150_throw,kuh,kuh,k u h,<kuh IMP 'throw!',Kondic2019,,false,^ k u h $,default
Tamazulapam-151_hide-1,,Tamazulapam,151_hide,nijuʔuʔdzəp,nijuʔuʔdzəp,n i j u ʔ u ʔ dz ə p,<ni-juʔuʔdz-əp ?-hide-IMP 'hide!',Kondic2019,,false,^ n i j uʔu ʔ dz ə p $,default
Tamazulapam-153_eat-1,,Tamazulapam,153_eat,kaʔapʲ,kaʔapʲ,k a ʔ a pʲ,<kaʔap-j  eat-GR 'eats',Kondic2019,,false,^ k aʔa pʲ $,default
Tamazulapam-154_drink-1,,Tamazulapam,154_drink,ukp,ukp,u k p,<uk-p drink-GR 'drinks',Kondic2019,,false,^ u k p $,default
Tamazulapam-156_suck-1,,Tamazulapam,156_suck,►,►,,,Kondic2019,,false,,
Tamazulapam-158_spit-1,,Tamazulapam,158_spit,tsuh,tsuh,ts u h,<tsuh IMP 'spit!',Kondic2019,,false,^ ts u h $,default
Tamazulapam-159_dream-1,,Tamazulapam,159_dream,kəmaʔap,kəmaʔap,k ə m a ʔ a p,<kə-maʔa-p ?-sleep-GR 'dreams',Kondic2019,,false,^ k ə m aʔa p $,default
Tamazulapam-160_sleep-1,,Tamazulapam,160_sleep,maʔaj,maʔaj,m a ʔ a j,<maʔaj IMP 'sleep!',Kondic2019,,false,^ m aʔa j $,default
Tamazulapam-161_live-1,,Tamazulapam,161_live,huʔuhkʲ,huʔuhkʲ,h u ʔ u h kʲ,<huʔuhk-j live-GR 'lives',Kondic2019,,false,^ h uʔu h kʲ $,default
Tamazulapam-162_die-1,,Tamazulapam,162_die,oʔok,oʔok,o ʔ o k,,Kondic2019,,false,^ oʔo k $,default
Tamazulapam-163_kill-1,,Tamazulapam,163_kill,həgoʔok,həgoʔok,h ə g o ʔ o k,<hək-oʔok CAUS-die 'kill!',Kondic2019,,false,^ h ə g oʔo k $,default
Tamazulapam-164_see-1,,Tamazulapam,164_see,eʃp,eʃp,e ʃ p,<eʃ-p see-GR 'sees',Kondic2019,,false,^ e ʃ p $,default
Tamazulapam-165_hear-1,,Tamazulapam,165_hear,mədoʔop,mədoʔop,m ə d o ʔ o p,<mədoʔo-p  hear-GR 'hears',Kondic2019,,false,^ m ə d oʔo p $,default
Tamazulapam-166_sniffsmell-1,,Tamazulapam,166_sniffsmell,ʃuʔgʲəp,ʃuʔgʲəp,ʃ u ʔ gʲ ə p,<ʃuʔkʲ-əp smell-GR 'smells',Kondic2019,,false,^ ʃ u ʔ gʲ ə p $,default
Tamazulapam-167_know-1,,Tamazulapam,167_know,hʲahtʲpʲ,hʲahtʲpʲ,hʲ a h tʲ pʲ,<hʲahtʲ-pʲ  know-GR 'knows',Kondic2019,,false,^ hʲ a h tʲ pʲ $,default
Tamazulapam-168_think-1,,Tamazulapam,168_think,►,►,,,Kondic2019,,false,,
Tamazulapam-169_laugh-1,,Tamazulapam,169_laugh,ʃekp,ʃekp,ʃ e k p,<ʃek-p laugh-GR 'laughs',Kondic2019,,false,^ ʃ e k p $,default
Tamazulapam-170_cry-1,,Tamazulapam,170_cry,jaʔaʃp,jaʔaʃp,j a ʔ a ʃ p,<jaʔaʃ-p cry-GR 'cries',Kondic2019,,false,^ j aʔa ʃ p $,default
Tamazulapam-171_blow-1,,Tamazulapam,171_blow,pohnaʃp,pohnaʃp,p o h n a ʃ p,<poh-naʃ-p wind-blow-GR 'blows',Kondic2019,,false,^ p o h n a ʃ p $,default
Tamazulapam-172_burn-1,,Tamazulapam,172_burn,tsaʔaj,tsaʔaj,ts a ʔ a j,,Kondic2019,,false,^ ts aʔa j $,default
Tamazulapam-173_flow-1,,Tamazulapam,173_flow,jeʔepʲ,jeʔepʲ,j e ʔ e pʲ,<jeʔep-j run-GR 'runs',Kondic2019,,false,^ j eʔe pʲ $,default
Tamazulapam-174_sew-1,,Tamazulapam,174_sew,ʃiʔij,ʃiʔij,ʃ i ʔ i j,<ʃiʔij IMP 'sew!',Kondic2019,,false,^ ʃ iʔi j $,default
Tamazulapam-176_hit-1,,Tamazulapam,176_hit,wepʲ,wepʲ,w e pʲ,<wep-j  hit-GR 'hits',Kondic2019,,false,^ w e pʲ $,default
Tamazulapam-177_cut-1,,Tamazulapam,177_cut,tsakʃ,tsakʃ,ts a k ʃ,<tsak-ʃ cut-GR 'cuts',Kondic2019,,false,^ ts a k ʃ $,default
Tamazulapam-179_dig-1,,Tamazulapam,179_dig,tah,tah,t a h,<tah IMP 'dig!',Kondic2019,,false,^ t a h $,default
Tamazulapam-181_hold-1,,Tamazulapam,181_hold,məgədatʲp,məgədatʲp,m ə g ə d a tʲ p,<məgədatʲ-p hold-GR 'holds',Kondic2019,,false,^ m ə g ə d a tʲ p $,default
Tamazulapam-182_fear-1,,Tamazulapam,182_fear,tsegʲəpʲ,tsegʲəpʲ,ts e gʲ ə pʲ,<tsekʲ-əpʲ  fear-GR 'fears',Kondic2019,,false,^ ts e gʲ ə pʲ $,default
Tamazulapam-183_count-1,,Tamazulapam,183_count,mədʲow,mədʲow,m ə dʲ o w,,Kondic2019,,false,^ m ə dʲ o w $,default
Tamazulapam-184_breathe-1,,Tamazulapam,184_breathe,ʃahp,ʃahp,ʃ a h p,<ʃah-p breath-GR 'breaths',Kondic2019,,false,^ ʃ a h p $,default
Tamazulapam-185_vomit-1,,Tamazulapam,185_vomit,►,►,,,Kondic2019,,false,,
Tamazulapam-186_tieup-1,,Tamazulapam,186_tieup,wəʔən,wəʔən,w ə ʔ ə n,<wəʔən IMP 'tie.up!',Kondic2019,,false,^ w əʔə n $,default
Tamazulapam-187_squeeze-1,,Tamazulapam,187_squeeze,weʔet,weʔet,w e ʔ e t,<weʔet IMP 'squeeze!',Kondic2019,,false,^ w eʔe t $,default
Tamazulapam-188_swell-1,,Tamazulapam,188_swell,keʔeʃp,keʔeʃp,k e ʔ e ʃ p,<keʔeʃ-p swell-GR 'swells',Kondic2019,,false,^ k eʔe ʃ p $,default
Tamazulapam-189_say-1,,Tamazulapam,189_say,nəgahpʃ,nəgahpʃ,n ə g a h p ʃ,<nəga-p-ʃ say-GR-GR 'say to me',Kondic2019,,false,^ n ə g a h p ʃ $,default
Tamazulapam-192_buy-1,,Tamazulapam,192_buy,hij,hij,h i j,<hij IMP 'buy',Kondic2019,,false,^ h i j $,default
Tamazulapam-194_choose-1,,Tamazulapam,194_choose,ehʃ,ehʃ,e h ʃ,<ehʃ IMP 'choose',Kondic2019,,false,^ e h ʃ $,default
Tamazulapam-196_cook-1,,Tamazulapam,196_cook,►,►,,,Kondic2019,,false,,
Tamazulapam-197_shoot-1,,Tamazulapam,197_shoot,tepʃp,tepʃp,t e p ʃ p,<tepʃ-p shoot-GR 'shoots',Kondic2019,,false,^ t e p ʃ p $,default
Tamazulapam-198_work-1,,Tamazulapam,198_work,tuʔuŋ,tuʔuŋ,t u ʔ u ŋ,,Kondic2019,,false,^ t uʔu ŋ $,default
Tamazulapam-199_open-1,,Tamazulapam,199_open,həgəwaʔats,həgəwaʔats,h ə g ə w a ʔ a ts,<hək-əwaʔats CAUS-open 'open!',Kondic2019,,false,^ h ə g ə w aʔa ts $,default
Tapalapa-1_one-1,,Tapalapa,1_one,tumə,tumə,t u m ə,,Kondic2023,,false,^ t u m ə $,default
Tapalapa-2_two-1,,Tapalapa,2_two,metsa,metsa,m e ts a,,Kondic2023,,false,^ m e ts a $,default
Tapalapa-3_three-1,,Tapalapa,3_three,tukaj,tukaj,t u k a j,,Kondic2023,,false,^ t u k a j $,default
Tapalapa-4_four-1,,Tapalapa,4_four,maʃkuj,maʃkuj,m a ʃ k u j,,Kondic2023,,false,^ m a ʃ k u j $,default
Tapalapa-5_year-1,,Tapalapa,5_year,aʔame,aʔame,a ʔ a m e,,Kondic2023,,false,^ aʔa m e $,default
Tapalapa-6_right-1,,Tapalapa,6_right,tsəʔəna,tsəʔəna,ts ə ʔ ə n a,,Kondic2023,,false,^ ts əʔə n a $,default
Tapalapa-7_left-1,,Tapalapa,7_left,agɲa,agɲa,a g ɲ a,,Kondic2023,,false,^ a g ɲ a $,default
Tapalapa-8_i-1,,Tapalapa,8_i,əhtsi,əhtsi,ə h ts i,,Kondic2023,,false,^ ə h ts i $,default
Tapalapa-9_weallexcl-1,,Tapalapa,9_weallexcl,əhtsiʔidəm,əhtsiʔidəm,ə h ts i ʔ i d ə m,,Kondic2023,,false,^ ə h ts iʔi d ə m $,default
Tapalapa-10_weallincl-1,,Tapalapa,10_weallincl,əhtsiʔidəm,əhtsiʔidəm,ə h ts i ʔ i d ə m,,Kondic2023,,false,^ ə h ts iʔi d ə m $,default
Tapalapa-11_yousg-1,,Tapalapa,11_yousg,mihtsi,mihtsi,m i h ts i,,Kondic2023,,false,^ m i h ts i $,default
Tapalapa-12_heshe-1,,Tapalapa,12_heshe,hiʔikə,hiʔikə,h i ʔ i k ə,,Kondic2023,,false,^ h iʔi k ə $,default
Tapalapa-13_theyall-1,,Tapalapa,13_theyall,hikʲumu,hikʲumu,h i kʲ u m u,,Kondic2023,,false,^ h i kʲ u m u $,default
Tapalapa-14_nonot-1,,Tapalapa,14_nonot,hine,hine,h i n e,,Kondic2023,,false,^ h i n e $,default
Tapalapa-15_what-1,,Tapalapa,15_what,tijuʔuw,tijuʔuw,t i j u ʔ u w,,Kondic2023,,false,^ t i j uʔu w $,default
Tapalapa-16_who-1,,Tapalapa,16_who,ijə,ijə,i j ə,,Kondic2023,,false,^ i j ə $,default
Tapalapa-17_where-1,,Tapalapa,17_where,huʔudə,huʔudə,h u ʔ u d ə,,Kondic2023,,false,^ h uʔu d ə $,default
Tapalapa-18_when-1,,Tapalapa,18_when,huhtʃek,huhtʃek,h u h tʃ e k,,Kondic2023,,false,^ h u h tʃ e k $,default
Tapalapa-19_how-1,,Tapalapa,19_how,huts,huts,h u ts,,Kondic2023,,false,^ h u ts $,default
Tapalapa-20_this-1,,Tapalapa,20_this,jəʔə,jəʔə,j ə ʔ ə,,Kondic2023,,false,^ j əʔə $,default
Tapalapa-21_that-1,,Tapalapa,21_that,hiʔikə,hiʔikə,h i ʔ i k ə,,Kondic2023,,false,^ h iʔi k ə $,default
Tapalapa-23_above-1,,Tapalapa,23_above,kəsməhka,kəsməhka,k ə s m ə h k a,,Kondic2023,,false,^ k ə s m ə h k a $,default
Tapalapa-24_below-1,,Tapalapa,24_below,kəʔəjihka,kəʔəjihka,k ə ʔ ə j i h k a,,Kondic2023,,false,^ k əʔə j i h k a $,default
Tapalapa-25_ininside-1,,Tapalapa,25_ininside,hohmu,hohmu,h o h m u,,Kondic2023,,false,^ h o h m u $,default
Tapalapa-26_at-1,,Tapalapa,26_at,hohmo,hohmo,h o h m o,,Kondic2023,,false,^ h o h m o $,default
Tapalapa-27_head-1,,Tapalapa,27_head,kowak,kowak,k o w a k,,Kondic2023,,false,^ k o w a k $,default
Tapalapa-28_hair-1,,Tapalapa,28_hair,waj,waj,w a j,,Kondic2023,,false,^ w a j $,default
Tapalapa-29_eye-1,,Tapalapa,29_eye,widəm,widəm,w i d ə m,,Kondic2023,,false,^ w i d ə m $,default
Tapalapa-30_nose-1,,Tapalapa,30_nose,kina,kina,k i n a,,Kondic2023,,false,^ k i n a $,default
Tapalapa-31_ear-1,,Tapalapa,31_ear,taʔatsəhk,taʔatsəhk,t a ʔ a ts ə h k,,Kondic2023,,false,^ t aʔa ts ə h k $,default
Tapalapa-32_mouth-1,,Tapalapa,32_mouth,aknaka,aknaka,a k n a k a,,Kondic2023,,false,^ a k n a k a $,default
Tapalapa-33_tongue-1,,Tapalapa,33_tongue,tohts,tohts,t o h ts,,Kondic2023,,false,^ t o h ts $,default
Tapalapa-34_tooth-1,,Tapalapa,34_tooth,thəts,thəts,t h ə ts,,Kondic2023,,false,^ t h ə ts $,default
Tapalapa-35_hand-1,,Tapalapa,35_hand,kəʔ,kəʔ,k ə ʔ,,Kondic2023,,false,^ k ə ʔ $,default
Tapalapa-36_shoulder-1,,Tapalapa,36_shoulder,peki,peki,p e k i,,Kondic2023,,false,^ p e k i $,default
Tapalapa-37_neck-1,,Tapalapa,37_neck,kəʔənə,kəʔənə,k ə ʔ ə n ə,,Kondic2023,,false,^ k əʔə n ə $,default
Tapalapa-38_back-1,,Tapalapa,38_back,uka,uka,u k a,,Kondic2023,,false,^ u k a $,default
Tapalapa-39_leg-1,,Tapalapa,39_leg,taʔ,taʔ,t a ʔ,,Kondic2023,,false,^ t a ʔ $,default
Tapalapa-40_blood-1,,Tapalapa,40_blood,nəʔəwin,nəʔəwin,n ə ʔ ə w i n,,Kondic2023,,false,^ n əʔə w i n $,default
Tapalapa-41_bone-1,,Tapalapa,41_bone,pahk,pahk,p a h k,,Kondic2023,,false,^ p a h k $,default
Tapalapa-42_skin-1,,Tapalapa,42_skin,naka,naka,n a k a,,Kondic2023,,false,^ n a k a $,default
Tapalapa-43_belly-1,,Tapalapa,43_belly,tsehk,tsehk,ts e h k,,Kondic2023,,false,^ ts e h k $,default
Tapalapa-44_intestines-1,,Tapalapa,44_intestines,puʔu,puʔu,p u ʔ u,,Kondic2023,,false,^ p uʔu $,default
Tapalapa-45_breast-1,,Tapalapa,45_breast,tsuʔuʔtsi,tsuʔuʔtsi,ts u ʔ u ʔ ts i,,Kondic2023,,false,^ ts uʔu ʔ ts i $,default
Tapalapa-46_liver-1,,Tapalapa,46_liver,pat,pat,p a t,,Kondic2023,,false,^ p a t $,default
Tapalapa-47_dog-1,,Tapalapa,47_dog,tuʔuj,tuʔuj,t u ʔ u j,,Kondic2023,,false,^ t uʔu j $,default
Tapalapa-48_bird-1,,Tapalapa,48_bird,paloma,paloma,p a l o m a,,Kondic2023,,false,^ p a l o m a $,default
Tapalapa-49_fish-1,,Tapalapa,49_fish,punu,punu,p u n u,,Kondic2023,,false,^ p u n u $,default
Tapalapa-50_snake-1,,Tapalapa,50_snake,tsat,tsat,ts a t,,Kondic2023,,false,^ ts a t $,default
Tapalapa-51_worm-1,,Tapalapa,51_worm,tot,tot,t o t,,Kondic2023,,false,^ t o t $,default
Tapalapa-52_louse-1,,Tapalapa,52_louse,awat,awat,a w a t,,Kondic2023,,false,^ a w a t $,default
Tapalapa-53_rat-1,,Tapalapa,53_rat,tsuhk,tsuhk,ts u h k,,Kondic2023,,false,^ ts u h k $,default
Tapalapa-54_spider-1,,Tapalapa,54_spider,kaskas,kaskas,k a s k a s,,Kondic2023,,false,^ k a s k a s $,default
Tapalapa-55_mosquito-1,,Tapalapa,55_mosquito,usum,usum,u s u m,,Kondic2023,,false,^ u s u m $,default
Tapalapa-56_egg-1,,Tapalapa,56_egg,poka,poka,p o k a,,Kondic2023,,false,^ p o k a $,default
Tapalapa-57_tail-1,,Tapalapa,57_tail,tuts,tuts,t u ts,,Kondic2023,,false,^ t u ts $,default
Tapalapa-58_wing-1,,Tapalapa,58_wing,sah,sah,s a h,,Kondic2023,,false,^ s a h $,default
Tapalapa-59_feather-1,,Tapalapa,59_feather,pəhk,pəhk,p ə h k,,Kondic2023,,false,^ p ə h k $,default
Tapalapa-60_person-1,,Tapalapa,60_person,poʔotjum,poʔotjum,p o ʔ o t j u m,,Kondic2023,,false,^ p oʔo t j u m $,default
Tapalapa-61_man-1,,Tapalapa,61_man,pət,pət,p ə t,,Kondic2023,,false,^ p ə t $,default
Tapalapa-62_woman-1,,Tapalapa,62_woman,jomu,jomu,j o m u,,Kondic2023,,false,^ j o m u $,default
Tapalapa-63_child-1,,Tapalapa,63_child,ŋaʔaj,ŋaʔaj,ŋ a ʔ a j,<n-kaʔaj POSS1-child 'my child' < kaʔaj 'child',Kondic2023,,false,^ ŋ aʔa j $,default
Tapalapa-64_name-1,,Tapalapa,64_name,nəj,nəj,n ə j,,Kondic2023,,false,^ n ə j $,default
Tapalapa-65_mother-1,,Tapalapa,65_mother,naʔana,naʔana,n a ʔ a n a,,Kondic2023,,false,^ n aʔa n a $,default
Tapalapa-66_father-1,,Tapalapa,66_father,daʔata,daʔata,d a ʔ a t a,<n-taʔata 1SG-father 'my father',Kondic2023,,false,^ d aʔa t a $,default
Tapalapa-67_husband-1,,Tapalapa,67_husband,haja,haja,h a j a,,Kondic2023,,false,^ h a j a $,default
Tapalapa-68_wife-1,,Tapalapa,68_wife,njomu,njomu,n j o m u,<n-jomu 1SG-woman 'my wife',Kondic2023,,false,^ n j o m u $,default
Tapalapa-69_day-1,,Tapalapa,69_day,hama,hama,h a m a,,Kondic2023,,false,^ h a m a $,default
Tapalapa-70_night-1,,Tapalapa,70_night,tsuʔ,tsuʔ,ts u ʔ,,Kondic2023,,false,^ ts u ʔ $,default
Tapalapa-71_moon-1,,Tapalapa,71_moon,poʔoja,poʔoja,p o ʔ o j a,,Kondic2023,,false,^ p oʔo j a $,default
Tapalapa-72_star-1,,Tapalapa,72_star,maʔatsa,maʔatsa,m a ʔ a ts a,,Kondic2023,,false,^ m aʔa ts a $,default
Tapalapa-73_sky-1,,Tapalapa,73_sky,tsahp,tsahp,ts a h p,,Kondic2023,,false,^ ts a h p $,default
Tapalapa-74_water-1,,Tapalapa,74_water,nəʔ,nəʔ,n ə ʔ,,Kondic2023,,false,^ n ə ʔ $,default
Tapalapa-75_lake-1,,Tapalapa,75_lake,meja,meja,m e j a,,Kondic2023,,false,^ m e j a $,default
Tapalapa-76_sea-1,,Tapalapa,76_sea,məha meja,məha meja,m ə h a + m e j a,< meha 'big' meja 'lake',Kondic2023,,false,^ m ə h a + m e j a $,default
Tapalapa-77_fire-1,,Tapalapa,77_fire,huktək,huktək,h u k t ə k,,Kondic2023,,false,^ h u k t ə k $,default
Tapalapa-78_smoke-1,,Tapalapa,78_smoke,hoko,hoko,h o k o,,Kondic2023,,false,^ h o k o $,default
Tapalapa-79_ash-1,,Tapalapa,79_ash,hap,hap,h a p,,Kondic2023,,false,^ h a p $,default
Tapalapa-80_stone-1,,Tapalapa,80_stone,tsaʔ,tsaʔ,ts a ʔ,,Kondic2023,,false,^ ts a ʔ $,default
Tapalapa-81_earthsoil-1,,Tapalapa,81_earthsoil,nas,nas,n a s,,Kondic2023,,false,^ n a s $,default
Tapalapa-82_dust-1,,Tapalapa,82_dust,poʔojo,poʔojo,p o ʔ o j o,,Kondic2023,,false,^ p oʔo j o $,default
Tapalapa-83_sand-1,,Tapalapa,83_sand,nas,nas,n a s,,Kondic2023,,false,^ n a s $,default
Tapalapa-84_rain-1,,Tapalapa,84_rain,tuh,tuh,t u h,,Kondic2023,,false,^ t u h $,default
Tapalapa-85_cloud-1,,Tapalapa,85_cloud,oʔona,oʔona,o ʔ o n a,,Kondic2023,,false,^ oʔo n a $,default
Tapalapa-86_wind-1,,Tapalapa,86_wind,sawa,sawa,s a w a,,Kondic2023,,false,^ s a w a $,default
Tapalapa-87_fog-1,,Tapalapa,87_fog,naʔasoʔona,naʔasoʔona,n a ʔ a s o ʔ o n a,,Kondic2023,,false,^ n aʔa s oʔo n a $,default
Tapalapa-88_thunder-1,,Tapalapa,88_thunder,məʔə,məʔə,m ə ʔ ə,,Kondic2023,,false,^ m əʔə $,default
Tapalapa-89_lightning-1,,Tapalapa,89_lightning,nepki,nepki,n e p k i,,Kondic2023,,false,^ n e p k i $,default
Tapalapa-90_meatflesh-1,,Tapalapa,90_meatflesh,sis,sis,s i s,,Kondic2023,,false,^ s i s $,default
Tapalapa-91_salt-1,,Tapalapa,91_salt,kana,kana,k a n a,,Kondic2023,,false,^ k a n a $,default
Tapalapa-92_fatgrease-1,,Tapalapa,92_fatgrease,kiʔinba,kiʔinba,k i ʔ i n b a,,Kondic2023,,false,^ k iʔi n b a $,default
Tapalapa-93_fruit-1,,Tapalapa,93_fruit,təp,təp,t ə p,,Kondic2023,,false,^ t ə p $,default
Tapalapa-94_woodsforest-1,,Tapalapa,94_woodsforest,tsamo,tsamo,ts a m o,,Kondic2023,,false,^ ts a m o $,default
Tapalapa-95_root-1,,Tapalapa,95_root,anku,anku,a n k u,,Kondic2023,,false,^ a n k u $,default
Tapalapa-96_branch-1,,Tapalapa,96_branch,akman,akman,a k m a n,,Kondic2023,,false,^ a k m a n $,default
Tapalapa-97_leaf-1,,Tapalapa,97_leaf,ahʲ,ahʲ,a hʲ,,Kondic2023,,false,^ a hʲ $,default
Tapalapa-98_wood-1,,Tapalapa,98_wood,kuj,kuj,k u j,,Kondic2023,,false,^ k u j $,default
Tapalapa-99_grass-1,,Tapalapa,99_grass,taʔanə,taʔanə,t a ʔ a n ə,,Kondic2023,,false,^ t aʔa n ə $,default
Tapalapa-100_flower-1,,Tapalapa,100_flower,həjə,həjə,h ə j ə,,Kondic2023,,false,^ h ə j ə $,default
Tapalapa-101_thatchroof-1,,Tapalapa,101_thatchroof,kowak təhk komu,kowak təhk komu,k o w a k + t ə h k + k o m u,<kowak 'head' təhk 'house' komu 'thatch',Kondic2023,,false,^ k o w a k + t ə h k + k o m u $,default
Tapalapa-102_house-1,,Tapalapa,102_house,təhk,təhk,t ə h k,,Kondic2023,,false,^ t ə h k $,default
Tapalapa-103_rope-1,,Tapalapa,103_rope,tsahʲ,tsahʲ,ts a hʲ,,Kondic2023,,false,^ ts a hʲ $,default
Tapalapa-104_needle-1,,Tapalapa,104_needle,akuxa,akuxa,a k u x a,,Kondic2023,,false,^ a k u x a $,default
Tapalapa-105_roadpath-1,,Tapalapa,105_roadpath,tuʔuk,tuʔuk,t u ʔ u k,,Kondic2023,,false,^ t uʔu k $,default
Tapalapa-106_black-1,,Tapalapa,106_black,jehkpə,jehkpə,j e h k p ə,,Kondic2023,,false,^ j e h k p ə $,default
Tapalapa-107_white-1,,Tapalapa,107_white,powobə,powobə,p o w o b ə,,Kondic2023,,false,^ p o w o b ə $,default
Tapalapa-108_red-1,,Tapalapa,108_red,tsawahspə,tsawahspə,ts a w a h s p ə,,Kondic2023,,false,^ ts a w a h s p ə $,default
Tapalapa-109_green-1,,Tapalapa,109_green,tsuhtʃiʔiwə,tsuhtʃiʔiwə,ts u h tʃ i ʔ i w ə,,Kondic2023,,false,^ ts u h tʃ iʔi w ə $,default
Tapalapa-110_yellow-1,,Tapalapa,110_yellow,puʔutʃəʔəwə,puʔutʃəʔəwə,p u ʔ u tʃ ə ʔ ə w ə,,Kondic2023,,false,^ p uʔu tʃ əʔə w ə $,default
Tapalapa-111_big-1,,Tapalapa,111_big,məhawə,məhawə,m ə h a w ə,,Kondic2023,,false,^ m ə h a w ə $,default
Tapalapa-112_small-1,,Tapalapa,112_small,tʃətəpə,tʃətəpə,tʃ ə t ə p ə,,Kondic2023,,false,^ tʃ ə t ə p ə $,default
Tapalapa-113_long-1,,Tapalapa,113_long,pəʔəjiʔiwə,pəʔəjiʔiwə,p ə ʔ ə j i ʔ i w ə,,Kondic2023,,false,^ p əʔə j iʔi w ə $,default
Tapalapa-114_short-1,,Tapalapa,114_short,koʔoɲo,koʔoɲo,k o ʔ o ɲ o,,Kondic2023,,false,^ k oʔo ɲ o $,default
Tapalapa-115_thick-1,,Tapalapa,115_thick,tsangaʔawə,tsangaʔawə,ts a n g a ʔ a w ə,,Kondic2023,,false,^ ts a n g aʔa w ə $,default
Tapalapa-116_thin-1,,Tapalapa,116_thin,kaji,kaji,k a j i,,Kondic2023,,false,^ k a j i $,default
Tapalapa-117_narrow-1,,Tapalapa,117_narrow,tʃetuʔuk,tʃetuʔuk,tʃ e t u ʔ u k,< tʃe-tuʔuk 'small path',Kondic2023,,false,^ tʃ e t uʔu k $,default
Tapalapa-118_wide-1,,Tapalapa,118_wide,məhaʔawə,məhaʔawə,m ə h a ʔ a w ə,,Kondic2023,,false,^ m ə h aʔa w ə $,default
Tapalapa-119_sharp-1,,Tapalapa,119_sharp,itubeʃwiʔit,itubeʃwiʔit,i t u b e ʃ w i ʔ i t,,Kondic2023,,false,^ i t u b e ʃ w iʔi t $,default
Tapalapa-120_bluntdull-1,,Tapalapa,120_bluntdull,haʔadəbeʃwit,haʔadəbeʃwit,h a ʔ a d ə b e ʃ w i t,,Kondic2023,,false,^ h aʔa d ə b e ʃ w i t $,default
Tapalapa-121_shyashamed-1,,Tapalapa,121_shyashamed,tsaʔwja,tsaʔwja,ts a ʔ w j a,,Kondic2023,,false,^ ts a ʔ w j a $,default
Tapalapa-122_old-1,,Tapalapa,122_old,kananpət,kananpət,k a n a n p ə t,<kanan-pət old-person,Kondic2023,,false,^ k a n a n p ə t $,default
Tapalapa-123_painfulsick-1,,Tapalapa,123_painfulsick,totʃəhkpa,totʃəhkpa,t o tʃ ə h k p a,,Kondic2023,,false,^ t o tʃ ə h k p a $,default
Tapalapa-124_good-1,,Tapalapa,124_good,wəʔəwə,wəʔəwə,w ə ʔ ə w ə,,Kondic2023,,false,^ w əʔə w ə $,default
Tapalapa-125_bad-1,,Tapalapa,125_bad,jatsiʔiwə,jatsiʔiwə,j a ts i ʔ i w ə,,Kondic2023,,false,^ j a ts iʔi w ə $,default
Tapalapa-126_correcttrue-1,,Tapalapa,126_correcttrue,ujungsewə,ujungsewə,u j u n g s e w ə,,Kondic2023,,false,^ u j u n g s e w ə $,default
Tapalapa-127_dirty-1,,Tapalapa,127_dirty,maʔaʃkuj,maʔaʃkuj,m a ʔ a ʃ k u j,,Kondic2023,,false,^ m aʔa ʃ k u j $,default
Tapalapa-128_rotten-1,,Tapalapa,128_rotten,tokojuʔubə,tokojuʔubə,t o k o j u ʔ u b ə,,Kondic2023,,false,^ t o k o j uʔu b ə $,default
Tapalapa-129_all-1,,Tapalapa,129_all,əhtsiʔidam,əhtsiʔidam,ə h ts i ʔ i d a m,,Kondic2023,,false,^ ə h ts iʔi d a m $,default
Tapalapa-130_heavy-1,,Tapalapa,130_heavy,hemets,hemets,h e m e ts,,Kondic2023,,false,^ h e m e ts $,default
Tapalapa-131_far-1,,Tapalapa,131_far,jaʔji,jaʔji,j a ʔ j i,,Kondic2023,,false,^ j a ʔ j i $,default
Tapalapa-132_near-1,,Tapalapa,132_near,toʔome,toʔome,t o ʔ o m e,,Kondic2023,,false,^ t oʔo m e $,default
Tapalapa-133_warm-1,,Tapalapa,133_warm,pihnəʔə,pihnəʔə,p i h n ə ʔ ə,,Kondic2023,,false,^ p i h n əʔə $,default
Tapalapa-134_cold-1,,Tapalapa,134_cold,pakak,pakak,p a k a k,,Kondic2023,,false,^ p a k a k $,default
Tapalapa-135_dry-1,,Tapalapa,135_dry,təhtspa,təhtspa,t ə h ts p a,<təhts-pa  dry-INC '(he) dries' < təhts- 'to dry',Kondic2023,,false,^ t ə h ts p a $,default
Tapalapa-136_wet-1,,Tapalapa,136_wet,tsokəwə,tsokəwə,ts o k ə w ə,,Kondic2023,,false,^ ts o k ə w ə $,default
Tapalapa-137_new-1,,Tapalapa,137_new,homeʔewə,homeʔewə,h o m e ʔ e w ə,,Kondic2023,,false,^ h o m eʔe w ə $,default
Tapalapa-138_other-1,,Tapalapa,138_other,ejaʔawə,ejaʔawə,e j a ʔ a w ə,,Kondic2023,,false,^ e j aʔa w ə $,default
Tapalapa-139_come-1,,Tapalapa,139_come,ɲuʔukpa,ɲuʔukpa,ɲ u ʔ u k p a,<j-nuʔuk-pa 3SG-arrive-INC 'he comes' < nuʔuk- 'to come',Kondic2023,,false,^ ɲ uʔu k p a $,default
Tapalapa-140_walk-1,,Tapalapa,140_walk,wihtpa,wihtpa,w i h t p a,<wiht-pa walk-INC '(he) walks' < wiht- 'to walk',Kondic2023,,false,^ w i h t p a $,default
Tapalapa-141_grow-1,,Tapalapa,141_grow,jeʔenba,jeʔenba,j e ʔ e n b a,<jeʔen-pa grow-INC '(he) grows' < jeʔen- 'to grow',Kondic2023,,false,^ j eʔe n b a $,default
Tapalapa-142_stand-1,,Tapalapa,142_stand,deɲtʃuʔumba,deɲtʃuʔumba,d e ɲ tʃ u ʔ u m b a,deɲuʔumba >n-teen-tʃuʔum-pa 1SG-there-stand-INC 'I stand there' < tʃuʔum- 'to stand',Kondic2023,,false,^ d e ɲ tʃ uʔu m b a $,default
Tapalapa-143_sit-1,,Tapalapa,143_sit,pʲoʔokspa,pʲoʔokspa,pʲ o ʔ o k s p a,<j-poʔoks-pa 1SG-sit-INC 'He sits' <poʔoks- 'to sit',Kondic2023,,false,^ pʲ oʔo k s p a $,default
Tapalapa-144_fall-1,,Tapalapa,144_fall,kehkpa,kehkpa,k e h k p a,<kehk-pa fall-INC '(he) falls'< kehk- 'to fall',Kondic2023,,false,^ k e h k p a $,default
Tapalapa-145_liedown-1,,Tapalapa,145_liedown,əʔəkəmdjoʔospa,əʔəkəmdjoʔospa,ə ʔ ə k ə m d j o ʔ o s p a,<əʔəkəm-j-toʔos-pa sleep-3SG-liedown-INC 'he liesdown to sleep' <toʔos- 'to lie down',Kondic2023,,false,^ əʔə k ə m d j oʔo s p a $,default
Tapalapa-146_turn-1,,Tapalapa,146_turn,bʲahkpiduʔuwa,bʲahkpiduʔuwa,bʲ a h k p i d u ʔ u w a,<m-jahk-piduʔu-pa 2SG-CAUS-turn-INC 'you turn around' < jahkpiduʔu- 'turn',Kondic2023,,false,^ bʲ a h k p i d uʔu w a $,default
Tapalapa-147_climb-1,,Tapalapa,147_climb,kiʔimba,kiʔimba,k i ʔ i m b a,<kiʔim-pa climb-INC (he) climbs' < kiʔim- 'to climb',Kondic2023,,false,^ k iʔi m b a $,default
Tapalapa-148_swim-1,,Tapalapa,148_swim,heʔenba,heʔenba,h e ʔ e n b a,<heʔen-pa swim-INC '(he) swims' < heʔen- 'to swim',Kondic2023,,false,^ h eʔe n b a $,default
Tapalapa-149_flyverb-1,,Tapalapa,149_flyverb,kejewa,kejewa,k e j e w a,<keje-pa fly-INC '(he) flies' <keje- fly,Kondic2023,,false,^ k e j e w a $,default
Tapalapa-150_throw-1,,Tapalapa,150_throw,tʲəkənbəʔəwa,tʲəkənbəʔəwa,tʲ ə k ə n b ə ʔ ə w a,<j-təkənbəʔə-pa 3SG-throw-INC 'he trows (it)' < təkənbəʔə- 'to throw',Kondic2023,,false,^ tʲ ə k ə n b əʔə w a $,default
Tapalapa-151_hide-1,,Tapalapa,151_hide,kəwəmba,kəwəmba,k ə w ə m b a,<kəwəm-pa hide-INC '(he) hides' < kəwəm- 'to hide',Kondic2023,,false,^ k ə w ə m b a $,default
Tapalapa-152_chew-1,,Tapalapa,152_chew,waspa,waspa,w a s p a,<was-pa chew-INC '(he) chews' < was- 'to chew',Kondic2023,,false,^ w a s p a $,default
Tapalapa-153_eat-1,,Tapalapa,153_eat,ɲuhkpa,ɲuhkpa,ɲ u h k p a,<j-nuhk-pa 3SG-eat-INC 'he eats' < nuhk- 'to eat',Kondic2023,,false,^ ɲ u h k p a $,default
Tapalapa-154_drink-1,,Tapalapa,154_drink,doʔomba,doʔomba,d o ʔ o m b a,<n-toʔom-pa 1SG-drink-INC 'I drink (it)' < toʔom- 'to drink',Kondic2023,,false,^ d oʔo m b a $,default
Tapalapa-155_bite-1,,Tapalapa,155_bite,kəʔəspa,kəʔəspa,k ə ʔ ə s p a,<kəʔəs-pa bite-INC '(he) bites' < kəʔəs- 'to bite',Kondic2023,,false,^ k əʔə s p a $,default
Tapalapa-156_suck-1,,Tapalapa,156_suck,tsuʔutspa,tsuʔutspa,ts u ʔ u ts p a,<tsuʔuts-pa suck-INC'(he) sucks' < tsuʔuts- 'to suck',Kondic2023,,false,^ ts uʔu ts p a $,default
Tapalapa-157_yawn-1,,Tapalapa,157_yawn,sahwasuhpa,sahwasuhpa,s a h w a s u h p a,<sahwa-suh-pa air-absorb-INC '(he) absorbs air',Kondic2023,,false,^ s a h w a s u h p a $,default
Tapalapa-158_spit-1,,Tapalapa,158_spit,tʃuhpa,tʃuhpa,tʃ u h p a,<j-tsuh-pa 3SG-spit-INC 'he spits' <tsuh- 'to spit',Kondic2023,,false,^ tʃ u h p a $,default
Tapalapa-159_dream-1,,Tapalapa,159_dream,mawaʃəwʲa,mawaʃəwʲa,m a w a ʃ ə wʲ a,<mawaʃəj-pa dream-INC '(he) dreams' < mawaʃəj- 'to dream',Kondic2023,,false,^ m a w a ʃ ə wʲ a $,default
Tapalapa-160_sleep-1,,Tapalapa,160_sleep,əʔəkəmba,əʔəkəmba,ə ʔ ə k ə m b a,əʔəkəm-pa sleep-INC '(he) sleeps'< əʔəkəm- 'to sleep',Kondic2023,,false,^ əʔə k ə m b a $,default
Tapalapa-161_live-1,,Tapalapa,161_live,ihtpa,ihtpa,i h t p a,<ijt-pa live-INC '(he) lives' < ijt- 'to live,Kondic2023,,false,^ i h t p a $,default
Tapalapa-162_die-1,,Tapalapa,162_die,kaʔwa,kaʔwa,k a ʔ w a,<kaʔ-pa die-INC '(he) dies' < kaʔ- 'to die',Kondic2023,,false,^ k a ʔ w a $,default
Tapalapa-163_kill-1,,Tapalapa,163_kill,jahkaʔwa,jahkaʔwa,j a h k a ʔ w a,<jahk-kaʔ-pa CAUS-die-INC '(he) kills' < jahkaʔ- 'to kill',Kondic2023,,false,^ j a h k a ʔ w a $,default
Tapalapa-164_see-1,,Tapalapa,164_see,koʔospat,koʔospat,k o ʔ o s p a t,<koʔos-pa-t see-INC-1ERG 'I see it',Kondic2023,,false,^ k oʔo s p a t $,default
Tapalapa-165_hear-1,,Tapalapa,165_hear,maʔanbat,maʔanbat,m a ʔ a n b a t,<m-aʔan-pa-t  2SG-hear-INC-1ERG 'I hear you' < aʔan- 'to hear',Kondic2023,,false,^ m aʔa n b a t $,default
Tapalapa-166_sniffsmell-1,,Tapalapa,166_sniffsmell,suʔukpa,suʔukpa,s u ʔ u k p a,<suʔuk-pa sniff-INC '(he) sniffs' < suʔuk- 'to sniff',Kondic2023,,false,^ s uʔu k p a $,default
Tapalapa-167_know-1,,Tapalapa,167_know,muʔuspa,muʔuspa,m u ʔ u s p a,<m-muʔus-pa 2SG-know-INC 'you know' < 'muʔus- 'to know',Kondic2023,,false,^ m uʔu s p a $,default
Tapalapa-168_think-1,,Tapalapa,168_think,kiʔipspa,kiʔipspa,k i ʔ i p s p a,<kiʔips-pa think-INC '(he) thinks' < kiʔips- 'to think',Kondic2023,,false,^ k iʔi p s p a $,default
Tapalapa-169_laugh-1,,Tapalapa,169_laugh,sihkpa,sihkpa,s i h k p a,<sihk-pa laugh-INC '(he) laughs' < sihk- 'to laugh',Kondic2023,,false,^ s i h k p a $,default
Tapalapa-170_cry-1,,Tapalapa,170_cry,hʲəʔəwia,hʲəʔəwia,hʲ ə ʔ ə w i a,<j-həʔəj-pa 3SG-cry-INC 'he cries' < həʔəj-  'to cry',Kondic2023,,false,^ hʲ əʔə w i a $,default
Tapalapa-171_blow-1,,Tapalapa,171_blow,sjuhpa,sjuhpa,s j u h p a,< j-suh-pa 3SG-blow-INC 'it blows' < suj- 'to blow',Kondic2023,,false,^ s j u h p a $,default
Tapalapa-172_burn-1,,Tapalapa,172_burn,poʔokəmba,poʔokəmba,p o ʔ o k ə m b a,<poʔokəm-pa burn-INC '(it) burns' < poʔokəm- 'to burn',Kondic2023,,false,^ p oʔo k ə m b a $,default
Tapalapa-173_flow-1,,Tapalapa,173_flow,makabənəʔ,makabənəʔ,m a k a b ə n ə ʔ,<maka-bə-nəʔ FUT-go-water 'water will flow',Kondic2023,,false,^ m a k a b ə n ə ʔ $,default
Tapalapa-174_sew-1,,Tapalapa,174_sew,naʔakpat,naʔakpat,n a ʔ a k p a t,<n-naʔak-pa-'t 1SG-sew-INC-1ERG 'I sew it' < naʔak- 'sew',Kondic2023,,false,^ n aʔa k p a t $,default
Tapalapa-175_pound-1,,Tapalapa,175_pound,məʔəkpa,məʔəkpa,m ə ʔ ə k p a,<məʔək-pa pound-INC '(he) pounds' < məʔək- 'to pound',Kondic2023,,false,^ m əʔə k p a $,default
Tapalapa-176_hit-1,,Tapalapa,176_hit,taʔakspat,taʔakspat,t a ʔ a k s p a t,<taʔaks-pa-'t  hit-INC-1ERG 'I hit it' < taʔaks- 'to hit',Kondic2023,,false,^ t aʔa k s p a t $,default
Tapalapa-177_cut-1,,Tapalapa,177_cut,təʔəkspa,təʔəkspa,t ə ʔ ə k s p a,<təʔəks-pa təʔəks-INC '(he) cuts' < təʔəks- 'to cut',Kondic2023,,false,^ t əʔə k s p a $,default
Tapalapa-178_split-1,,Tapalapa,178_split,kukwemba,kukwemba,k u k w e m b a,<kukwen-INC split-INC '(he) splits' < kukwen- 'to split',Kondic2023,,false,^ k u k w e m b a $,default
Tapalapa-179_dig-1,,Tapalapa,179_dig,naʔastahpa,naʔastahpa,n a ʔ a s t a h p a,<naʔastah-pa dig-INC '(he) digs' <  naʔastah- 'to dig',Kondic2023,,false,^ n aʔa s t a h p a $,default
Tapalapa-180_hunt-1,,Tapalapa,180_hunt,makajahkaj kəʔəbən,makajahkaj kəʔəbən,m a k a j a h k a j + k ə ʔ ə b ə n,< maka-jahk-kaj kəʔəbən  FUT-CAUS-die  animal 'going to kill animals',Kondic2023,,false,^ m a k a j a h k a j + k əʔə b ə n $,default
Tapalapa-181_hold-1,,Tapalapa,181_hold,dzoʔombat,dzoʔombat,dz o ʔ o m b a t,<n-tsom-pa-t 1SG-hold-INC-1ERG 'I hold it' < tsom- 'to hold',Kondic2023,,false,^ dz oʔo m b a t $,default
Tapalapa-182_fear-1,,Tapalapa,182_fear,natspatsi,natspatsi,n a ts p a ts i,<nats-pa-ətsi fear-INC-I 'I fear' < nats- 'tu fear',Kondic2023,,false,^ n a ts p a ts i $,default
Tapalapa-183_count-1,,Tapalapa,183_count,maʔawʲat,maʔawʲat,m a ʔ a wʲ a t,<n-maʔaj-pa-'t  1SG-count-INC-1ERG 'I count it' < maʔaj- 'to count',Kondic2023,,false,^ m aʔa wʲ a t $,default
Tapalapa-184_breathe-1,,Tapalapa,184_breathe,sahwasupa,sahwasupa,s a h w a s u p a,<sahwa-suh-pa 'air-absorb-INC 'absorb the air',Kondic2023,,false,^ s a h w a s u p a $,default
Tapalapa-185_vomit-1,,Tapalapa,185_vomit,jəʔətspa,jəʔətspa,j ə ʔ ə ts p a,<jəʔəts-pa vomit-INC '(he) vomits' < jəʔəts- 'to vomit',Kondic2023,,false,^ j əʔə ts p a $,default
Tapalapa-186_tieup-1,,Tapalapa,186_tieup,siʔimbat,siʔimbat,s i ʔ i m b a t,<siʔin-pa-'t fasten-INC-1ERG 'I tie it up' < siʔin- 'to tie up',Kondic2023,,false,^ s iʔi m b a t $,default
Tapalapa-187_squeeze-1,,Tapalapa,187_squeeze,məʔəkpa,məʔəkpa,m ə ʔ ə k p a,<məʔək-pa squeeze-INC  '(he) squeezes' <məʔək- 'to squeeze',Kondic2023,,false,^ m əʔə k p a $,default
Tapalapa-188_swell-1,,Tapalapa,188_swell,siʔiknba,siʔiknba,s i ʔ i k n b a,<siʔikn-INC swell-INC '(he) swells' < siʔikn- 'to swell',Kondic2023,,false,^ s iʔi k n b a $,default
Tapalapa-189_say-1,,Tapalapa,189_say,dzambat,dzambat,dz a m b a t,<n-tsam-pa-'t 1SG-say-INC-1ERG 'I say it' < tsam- 'to say',Kondic2023,,false,^ dz a m b a t $,default
Tapalapa-190_scratch-1,,Tapalapa,190_scratch,moʔotspa,moʔotspa,m o ʔ o ts p a,<moʔots-pa scratch-INC '(he) scratches' < moʔots- 'to scratch',Kondic2023,,false,^ m oʔo ts p a $,default
Tapalapa-191_stab-1,,Tapalapa,191_stab,huʔutsowʲa,huʔutsowʲa,h u ʔ u ts o wʲ a,<huʔuts-oy-pa stab-AP-INC '(he) stabs' < huʔuts- 'to stab',Kondic2023,,false,^ h uʔu ts o wʲ a $,default
Tapalapa-192_buy-1,,Tapalapa,192_buy,hʲuʔubʲa,hʲuʔubʲa,hʲ u ʔ u bʲ a,<j-huʔuj-pa 3SG-buy-INC 'he buys' < huʔuj- 'to buy',Kondic2023,,false,^ hʲ uʔu bʲ a $,default
Tapalapa-193_steal-1,,Tapalapa,193_steal,numba,numba,n u m b a,<num-pa steel-INC '(he) steels' <num-  'to steel',Kondic2023,,false,^ n u m b a $,default
Tapalapa-194_choose-1,,Tapalapa,194_choose,kowiknba,kowiknba,k o w i k n b a,<kowikn-pa  choose-INC '(he) chooses' < kowikn- 'to choose',Kondic2023,,false,^ k o w i k n b a $,default
Tapalapa-195_plant-1,,Tapalapa,195_plant,dahpa,dahpa,d a h p a,<n-tah-pa INC 1SG-plant-INC 'I plant' < tah- 'to plant',Kondic2023,,false,^ d a h p a $,default
Tapalapa-196_cook-1,,Tapalapa,196_cook,wikutsəhtpa,wikutsəhtpa,w i k u ts ə h t p a,<wih-kuj-tsəh-pa eat-NOM-prepare-INC '(he) is preparing to eat',Kondic2023,,false,^ w i k u ts ə h t p a $,default
Tapalapa-197_shoot-1,,Tapalapa,197_shoot,tuhpa,tuhpa,t u h p a,<tuh-pa  shoot-INC '(he) shoots' < tuh- 'to shoot',Kondic2023,,false,^ t u h p a $,default
Tapalapa-198_work-1,,Tapalapa,198_work,joʔospa,joʔospa,j o ʔ o s p a,<joʔos-INC < joʔos-pa  work-INC '(he) works' < joʔos- 'to work',Kondic2023,,false,^ j oʔo s p a $,default
Tapalapa-199_open-1,,Tapalapa,199_open,akwahkpa,akwahkpa,a k w a h k p a,<akwakh-pa open-INC '(he) opens' < akwakh- 'to open',Kondic2023,,false,^ a k w a h k p a $,default
Tepantlali-1_one-1,,Tepantlali,1_one,tuʔuk,tuʔuk,t u ʔ u k,,Kondic2019,,false,^ t uʔu k $,default
Tepantlali-2_two-1,,Tepantlali,2_two,matsk,matsk,m a ts k,,Kondic2019,,false,^ m a ts k $,default
Tepantlali-3_three-1,,Tepantlali,3_three,təgəʔək,təgəʔək,t ə g ə ʔ ə k,,Kondic2019,,false,^ t ə g əʔə k $,default
Tepantlali-4_four-1,,Tepantlali,4_four,maktaʔaʃk,maktaʔaʃk,m a k t a ʔ a ʃ k,,Kondic2019,,false,^ m a k t aʔa ʃ k $,default
Tepantlali-5_year-1,,Tepantlali,5_year,həməht,həməht,h ə m ə h t,,Kondic2019,,false,^ h ə m ə h t $,default
Tepantlali-6_right-1,,Tepantlali,6_right,agɒʔɒɲ,agɒʔɒɲ,a g ɒ ʔ ɒ ɲ,,Kondic2019,,false,^ a g ɒ ʔ ɒ ɲ $,default
Tepantlali-7_left-1,,Tepantlali,7_left,anaʔa,anaʔa,a n a ʔ a,,Kondic2019,,false,^ a n aʔa $,default
Tepantlali-8_i-1,,Tepantlali,8_i,əts,əts,ə ts,,Kondic2019,,false,^ ə ts $,default
Tepantlali-9_weallexcl-1,,Tepantlali,9_weallexcl,adəʔəm,adəʔəm,a d ə ʔ ə m,,Kondic2019,,false,^ a d əʔə m $,default
Tepantlali-10_weallincl-1,,Tepantlali,10_weallincl,adəʔəm,adəʔəm,a d ə ʔ ə m,,Kondic2019,,false,^ a d əʔə m $,default
Tepantlali-11_yousg-1,,Tepantlali,11_yousg,mits,mits,m i ts,,Kondic2019,,false,^ m i ts $,default
Tepantlali-12_heshe-1,,Tepantlali,12_heshe,jəʔə,jəʔə,j ə ʔ ə,,Kondic2019,,false,^ j əʔə $,default
Tepantlali-13_theyall-1,,Tepantlali,13_theyall,jəʔəgət,jəʔəgət,j ə ʔ ə g ə t,,Kondic2019,,false,^ j əʔə g ə t $,default
Tepantlali-14_nonot-1,,Tepantlali,14_nonot,kæʔæp,kæʔæp,k æ ʔ æ p,,Kondic2019,,false,^ k æ ʔ æ p $,default
Tepantlali-15_what-1,,Tepantlali,15_what,tiʔi,tiʔi,t i ʔ i,,Kondic2019,,false,^ t iʔi $,default
Tepantlali-16_who-1,,Tepantlali,16_who,pən,pən,p ə n,,Kondic2019,,false,^ p ə n $,default
Tepantlali-17_where-1,,Tepantlali,17_where,maʔa,maʔa,m a ʔ a,,Kondic2019,,false,^ m aʔa $,default
Tepantlali-18_when-1,,Tepantlali,18_when,huʔun,huʔun,h u ʔ u n,,Kondic2019,,false,^ h uʔu n $,default
Tepantlali-19_how-1,,Tepantlali,19_how,ʃən,ʃən,ʃ ə n,,Kondic2019,,false,^ ʃ ə n $,default
Tepantlali-20_this-1,,Tepantlali,20_this,jaʔat,jaʔat,j a ʔ a t,,Kondic2019,,false,^ j aʔa t $,default
Tepantlali-21_that-1,,Tepantlali,21_that,jəʔə,jəʔə,j ə ʔ ə,,Kondic2019,,false,^ j əʔə $,default
Tepantlali-23_above-1,,Tepantlali,23_above,nəkəʃp,nəkəʃp,n ə k ə ʃ p,,Kondic2019,,false,^ n ə k ə ʃ p $,default
Tepantlali-24_below-1,,Tepantlali,24_below,patkəʔəhʲ,patkəʔəhʲ,p a t k ə ʔ ə hʲ,,Kondic2019,,false,^ p a t k əʔə hʲ $,default
Tepantlali-25_ininside-1,,Tepantlali,25_ininside,hjotʲp,hjotʲp,h j o tʲ p,,Kondic2019,,false,^ h j o tʲ p $,default
Tepantlali-26_at-1,,Tepantlali,26_at,jəʔə,jəʔə,j ə ʔ ə,,Kondic2019,,false,^ j əʔə $,default
Tepantlali-27_head-1,,Tepantlali,27_head,kuwahk,kuwahk,k u w a h k,,Kondic2019,,false,^ k u w a h k $,default
Tepantlali-28_hair-1,,Tepantlali,28_hair,waʔaj,waʔaj,w a ʔ a j,,Kondic2019,,false,^ w aʔa j $,default
Tepantlali-29_eye-1,,Tepantlali,29_eye,wiʔin,wiʔin,w i ʔ i n,,Kondic2019,,false,^ w iʔi n $,default
Tepantlali-30_nose-1,,Tepantlali,30_nose,həʔəhp,həʔəhp,h ə ʔ ə h p,,Kondic2019,,false,^ h əʔə h p $,default
Tepantlali-31_ear-1,,Tepantlali,31_ear,tatsk,tatsk,t a ts k,,Kondic2019,,false,^ t a ts k $,default
Tepantlali-32_mouth-1,,Tepantlali,32_mouth,aʔa,aʔa,a ʔ a,,Kondic2019,,false,^ aʔa $,default
Tepantlali-33_tongue-1,,Tepantlali,33_tongue,toʔohts,toʔohts,t o ʔ o h ts,,Kondic2019,,false,^ t oʔo h ts $,default
Tepantlali-34_tooth-1,,Tepantlali,34_tooth,təʔəhts,təʔəhts,t ə ʔ ə h ts,,Kondic2019,,false,^ t əʔə h ts $,default
Tepantlali-35_hand-1,,Tepantlali,35_hand,kəʔ,kəʔ,k ə ʔ,,Kondic2019,,false,^ k ə ʔ $,default
Tepantlali-36_shoulder-1,,Tepantlali,36_shoulder,kehkʲ,kehkʲ,k e h kʲ,,Kondic2019,,false,^ k e h kʲ $,default
Tepantlali-37_neck-1,,Tepantlali,37_neck,jokt,jokt,j o k t,,Kondic2019,,false,^ j o k t $,default
Tepantlali-38_back-1,,Tepantlali,38_back,həʃk,həʃk,h ə ʃ k,,Kondic2019,,false,^ h ə ʃ k $,default
Tepantlali-39_leg-1,,Tepantlali,39_leg,puʔuj,puʔuj,p u ʔ u j,,Kondic2019,,false,^ p uʔu j $,default
Tepantlali-40_blood-1,,Tepantlali,40_blood,nəʔəhpʲ,nəʔəhpʲ,n ə ʔ ə h pʲ,,Kondic2019,,false,^ n əʔə h pʲ $,default
Tepantlali-41_bone-1,,Tepantlali,41_bone,pahk,pahk,p a h k,,Kondic2019,,false,^ p a h k $,default
Tepantlali-42_skin-1,,Tepantlali,42_skin,nʔak,nʔak,n ʔ a k,<n-ʔak  POSS1-skin 'my skin',Kondic2019,,false,^ n ʔ a k $,default
Tepantlali-43_belly-1,,Tepantlali,43_belly,hoʔoht,hoʔoht,h o ʔ o h t,,Kondic2019,,false,^ h oʔo h t $,default
Tepantlali-44_intestines-1,,Tepantlali,44_intestines,tintʲ hoʔoht,tintʲ hoʔoht,t i n tʲ + h o ʔ o h t,<tintʲ intestines  hoʔoht belly 'belly's instestins',Kondic2019,,false,^ t i n tʲ + h oʔo h t $,default
Tepantlali-45_breast-1,,Tepantlali,45_breast,tsiʔitsk,tsiʔitsk,ts i ʔ i ts k,,Kondic2019,,false,^ ts iʔi ts k $,default
Tepantlali-47_dog-1,,Tepantlali,47_dog,uk,uk,u k,,Kondic2019,,false,^ u k $,default
Tepantlali-48_bird-1,,Tepantlali,48_bird,hoʔon,hoʔon,h o ʔ o n,,Kondic2019,,false,^ h oʔo n $,default
Tepantlali-49_fish-1,,Tepantlali,49_fish,akʃ,akʃ,a k ʃ,,Kondic2019,,false,^ a k ʃ $,default
Tepantlali-50_snake-1,,Tepantlali,50_snake,tsaʔaɲ,tsaʔaɲ,ts a ʔ a ɲ,,Kondic2019,,false,^ ts aʔa ɲ $,default
Tepantlali-51_worm-1,,Tepantlali,51_worm,tənəʔək,tənəʔək,t ə n ə ʔ ə k,,Kondic2019,,false,^ t ə n əʔə k $,default
Tepantlali-52_louse-1,,Tepantlali,52_louse,ɒʔɒht,ɒʔɒht,ɒ ʔ ɒ h t,,Kondic2019,,false,^ ɒ ʔ ɒ h t $,default
Tepantlali-53_rat-1,,Tepantlali,53_rat,tsuʔuhk,tsuʔuhk,ts u ʔ u h k,,Kondic2019,,false,^ ts uʔu h k $,default
Tepantlali-54_spider-1,,Tepantlali,54_spider,poʔohʃʲ,poʔohʃʲ,p o ʔ o h ʃʲ,,Kondic2019,,false,^ p oʔo h ʃʲ $,default
Tepantlali-55_mosquito-1,,Tepantlali,55_mosquito,uʔuʃ,uʔuʃ,u ʔ u ʃ,,Kondic2019,,false,^ uʔu ʃ $,default
Tepantlali-56_egg-1,,Tepantlali,56_egg,tutsaʔah,tutsaʔah,t u ts a ʔ a h,,Kondic2019,,false,^ t u ts aʔa h $,default
Tepantlali-57_tail-1,,Tepantlali,57_tail,piʔiʃʲ,piʔiʃʲ,p i ʔ i ʃʲ,,Kondic2019,,false,^ p iʔi ʃʲ $,default
Tepantlali-58_wing-1,,Tepantlali,58_wing,kæʔæhk,kæʔæhk,k æ ʔ æ h k,,Kondic2019,,false,^ k æ ʔ æ h k $,default
Tepantlali-59_feather-1,,Tepantlali,59_feather,pəhk,pəhk,p ə h k,,Kondic2019,,false,^ p ə h k $,default
Tepantlali-60_person-1,,Tepantlali,60_person,haʔaj,haʔaj,h a ʔ a j,,Kondic2019,,false,^ h aʔa j $,default
Tepantlali-61_man-1,,Tepantlali,61_man,tʲədʲəhk,tʲədʲəhk,tʲ ə dʲ ə h k,,Kondic2019,,false,^ tʲ ə dʲ ə h k $,default
Tepantlali-62_woman-1,,Tepantlali,62_woman,toʃtʲəhk,toʃtʲəhk,t o ʃ tʲ ə h k,,Kondic2019,,false,^ t o ʃ tʲ ə h k $,default
Tepantlali-63_child-1,,Tepantlali,63_child,miʃinahk,miʃinahk,m i ʃ i n a h k,,Kondic2019,,false,^ m i ʃ i n a h k $,default
Tepantlali-64_name-1,,Tepantlali,64_name,ʃeʔew,ʃeʔew,ʃ e ʔ e w,,Kondic2019,,false,^ ʃ eʔe w $,default
Tepantlali-65_mother-1,,Tepantlali,65_mother,taʔak,taʔak,t a ʔ a k,,Kondic2019,,false,^ t aʔa k $,default
Tepantlali-66_father-1,,Tepantlali,66_father,teʔetʲ,teʔetʲ,t e ʔ e tʲ,,Kondic2019,,false,^ t eʔe tʲ $,default
Tepantlali-67_husband-1,,Tepantlali,67_husband,tʲitʲəhk,tʲitʲəhk,tʲ i tʲ ə h k,,Kondic2019,,false,^ tʲ i tʲ ə h k $,default
Tepantlali-68_wife-1,,Tepantlali,68_wife,kudəhk,kudəhk,k u d ə h k,,Kondic2019,,false,^ k u d ə h k $,default
Tepantlali-69_day-1,,Tepantlali,69_day,ʃəʔəhʲ,ʃəʔəhʲ,ʃ ə ʔ ə hʲ,,Kondic2019,,false,^ ʃ əʔə hʲ $,default
Tepantlali-70_night-1,,Tepantlali,70_night,koʔots,koʔots,k o ʔ o ts,,Kondic2019,,false,^ k oʔo ts $,default
Tepantlali-71_moon-1,,Tepantlali,71_moon,poʔ,poʔ,p o ʔ,,Kondic2019,,false,^ p o ʔ $,default
Tepantlali-72_star-1,,Tepantlali,72_star,matsaʔa,matsaʔa,m a ts a ʔ a,,Kondic2019,,false,^ m a ts aʔa $,default
Tepantlali-73_sky-1,,Tepantlali,73_sky,tsahp,tsahp,ts a h p,,Kondic2019,,false,^ ts a h p $,default
Tepantlali-74_water-1,,Tepantlali,74_water,nəʔəh,nəʔəh,n ə ʔ ə h,,Kondic2019,,false,^ n əʔə h $,default
Tepantlali-75_lake-1,,Tepantlali,75_lake,məh nəʔəh,məh nəʔəh,m ə h + n ə ʔ ə h,,Kondic2019,,false,^ m ə h + n əʔə h $,default
Tepantlali-76_sea-1,,Tepantlali,76_sea,mehʲ,mehʲ,m e hʲ,,Kondic2019,,false,^ m e hʲ $,default
Tepantlali-77_fire-1,,Tepantlali,77_fire,həʔən,həʔən,h ə ʔ ə n,,Kondic2019,,false,^ h əʔə n $,default
Tepantlali-78_smoke-1,,Tepantlali,78_smoke,hok,hok,h o k,,Kondic2019,,false,^ h o k $,default
Tepantlali-80_stone-1,,Tepantlali,80_stone,tsaʔah,tsaʔah,ts a ʔ a h,,Kondic2019,,false,^ ts aʔa h $,default
Tepantlali-81_earthsoil-1,,Tepantlali,81_earthsoil,naʔaʃwiʔiɲ,naʔaʃwiʔiɲ,n a ʔ a ʃ w i ʔ i ɲ,,Kondic2019,,false,^ n aʔa ʃ w iʔi ɲ $,default
Tepantlali-82_dust-1,,Tepantlali,82_dust,puʔuʃ,puʔuʃ,p u ʔ u ʃ,,Kondic2019,,false,^ p uʔu ʃ $,default
Tepantlali-83_sand-1,,Tepantlali,83_sand,puʔuʃ,puʔuʃ,p u ʔ u ʃ,,Kondic2019,,false,^ p uʔu ʃ $,default
Tepantlali-84_rain-1,,Tepantlali,84_rain,tuʔuh,tuʔuh,t u ʔ u h,,Kondic2019,,false,^ t uʔu h $,default
Tepantlali-85_cloud-1,,Tepantlali,85_cloud,joʔots,joʔots,j o ʔ o ts,,Kondic2019,,false,^ j oʔo ts $,default
Tepantlali-86_wind-1,,Tepantlali,86_wind,poh,poh,p o h,,Kondic2019,,false,^ p o h $,default
Tepantlali-88_thunder-1,,Tepantlali,88_thunder,anæʔæ,anæʔæ,a n æ ʔ æ,,Kondic2019,,false,^ a n æ ʔ æ $,default
Tepantlali-89_lightning-1,,Tepantlali,89_lightning,wətsuk,wətsuk,w ə ts u k,,Kondic2019,,false,^ w ə ts u k $,default
Tepantlali-90_meatflesh-1,,Tepantlali,90_meatflesh,tsuʔutʲ,tsuʔutʲ,ts u ʔ u tʲ,,Kondic2019,,false,^ ts uʔu tʲ $,default
Tepantlali-91_salt-1,,Tepantlali,91_salt,kaʔan,kaʔan,k a ʔ a n,,Kondic2019,,false,^ k aʔa n $,default
Tepantlali-92_fatgrease-1,,Tepantlali,92_fatgrease,on,on,o n,,Kondic2019,,false,^ o n $,default
Tepantlali-93_fruit-1,,Tepantlali,93_fruit,otstəʔəm,otstəʔəm,o ts t ə ʔ ə m,,Kondic2019,,false,^ o ts t əʔə m $,default
Tepantlali-95_root-1,,Tepantlali,95_root,►,►,,,Kondic2019,,false,,
Tepantlali-96_branch-1,,Tepantlali,96_branch,kibjaʔaj,kibjaʔaj,k i b j a ʔ a j,,Kondic2019,,false,^ k i b j aʔa j $,default
Tepantlali-97_leaf-1,,Tepantlali,97_leaf,aʔaj,aʔaj,a ʔ a j,,Kondic2019,,false,^ aʔa j $,default
Tepantlali-98_wood-1,,Tepantlali,98_wood,kip,kip,k i p,,Kondic2019,,false,^ k i p $,default
Tepantlali-99_grass-1,,Tepantlali,99_grass,utsʔaʔaj,utsʔaʔaj,u ts ʔ a ʔ a j,,Kondic2019,,false,^ u ts ʔ aʔa j $,default
Tepantlali-101_thatchroof-1,,Tepantlali,101_thatchroof,məʔəj,məʔəj,m ə ʔ ə j,,Kondic2019,,false,^ m əʔə j $,default
Tepantlali-102_house-1,,Tepantlali,102_house,təhk,təhk,t ə h k,,Kondic2019,,false,^ t ə h k $,default
Tepantlali-103_rope-1,,Tepantlali,103_rope,tepʃʲ,tepʃʲ,t e p ʃʲ,,Kondic2019,,false,^ t e p ʃʲ $,default
Tepantlali-104_needle-1,,Tepantlali,104_needle,ʃuʔuɲ,ʃuʔuɲ,ʃ u ʔ u ɲ,,Kondic2019,,false,^ ʃ uʔu ɲ $,default
Tepantlali-105_roadpath-1,,Tepantlali,105_roadpath,tuʔuʔ,tuʔuʔ,t u ʔ u ʔ,,Kondic2019,,false,^ t uʔu ʔ $,default
Tepantlali-106_black-1,,Tepantlali,106_black,jək,jək,j ə k,,Kondic2019,,false,^ j ə k $,default
Tepantlali-107_white-1,,Tepantlali,107_white,poʔop,poʔop,p o ʔ o p,,Kondic2019,,false,^ p oʔo p $,default
Tepantlali-108_red-1,,Tepantlali,108_red,tsapts,tsapts,ts a p ts,,Kondic2019,,false,^ ts a p ts $,default
Tepantlali-109_green-1,,Tepantlali,109_green,tsuʃk,tsuʃk,ts u ʃ k,,Kondic2019,,false,^ ts u ʃ k $,default
Tepantlali-110_yellow-1,,Tepantlali,110_yellow,puʔuts,puʔuts,p u ʔ u ts,,Kondic2019,,false,^ p uʔu ts $,default
Tepantlali-111_big-1,,Tepantlali,111_big,məh,məh,m ə h,,Kondic2019,,false,^ m ə h $,default
Tepantlali-112_small-1,,Tepantlali,112_small,mutsk,mutsk,m u ts k,,Kondic2019,,false,^ m u ts k $,default
Tepantlali-113_long-1,,Tepantlali,113_long,joɲ,joɲ,j o ɲ,,Kondic2019,,false,^ j o ɲ $,default
Tepantlali-114_short-1,,Tepantlali,114_short,kon,kon,k o n,,Kondic2019,,false,^ k o n $,default
Tepantlali-115_thick-1,,Tepantlali,115_thick,jotməh,jotməh,j o t m ə h,,Kondic2019,,false,^ j o t m ə h $,default
Tepantlali-116_thin-1,,Tepantlali,116_thin,pehʲ,pehʲ,p e hʲ,,Kondic2019,,false,^ p e hʲ $,default
Tepantlali-117_narrow-1,,Tepantlali,117_narrow,ʃuʔuts,ʃuʔuts,ʃ u ʔ u ts,,Kondic2019,,false,^ ʃ uʔu ts $,default
Tepantlali-118_wide-1,,Tepantlali,118_wide,məhwiʔin,məhwiʔin,m ə h w i ʔ i n,,Kondic2019,,false,^ m ə h w iʔi n $,default
Tepantlali-120_bluntdull-1,,Tepantlali,120_bluntdull,jəpteʔeʃʲ,jəpteʔeʃʲ,j ə p t e ʔ e ʃʲ,,Kondic2019,,false,^ j ə p t eʔe ʃʲ $,default
Tepantlali-121_shyashamed-1,,Tepantlali,121_shyashamed,wintsəhkʲ,wintsəhkʲ,w i n ts ə h kʲ,,Kondic2019,,false,^ w i n ts ə h kʲ $,default
Tepantlali-122_old-1,,Tepantlali,122_old,aməh,aməh,a m ə h,,Kondic2019,,false,^ a m ə h $,default
Tepantlali-124_good-1,,Tepantlali,124_good,oj,oj,o j,,Kondic2019,,false,^ o j $,default
Tepantlali-125_bad-1,,Tepantlali,125_bad,aʃəʔək,aʃəʔək,a ʃ ə ʔ ə k,,Kondic2019,,false,^ a ʃ əʔə k $,default
Tepantlali-126_correcttrue-1,,Tepantlali,126_correcttrue,təjæhtən,təjæhtən,t ə j æ h t ə n,,Kondic2019,,false,^ t ə j æ h t ə n $,default
Tepantlali-127_dirty-1,,Tepantlali,127_dirty,aʃəʔək,aʃəʔək,a ʃ ə ʔ ə k,,Kondic2019,,false,^ a ʃ əʔə k $,default
Tepantlali-128_rotten-1,,Tepantlali,128_rotten,puʔuts,puʔuts,p u ʔ u ts,,Kondic2019,,false,^ p uʔu ts $,default
Tepantlali-129_all-1,,Tepantlali,129_all,naʔamuk,naʔamuk,n a ʔ a m u k,,Kondic2019,,false,^ n aʔa m u k $,default
Tepantlali-130_heavy-1,,Tepantlali,130_heavy,hemtʲ,hemtʲ,h e m tʲ,,Kondic2019,,false,^ h e m tʲ $,default
Tepantlali-131_far-1,,Tepantlali,131_far,hagam,hagam,h a g a m,,Kondic2019,,false,^ h a g a m $,default
Tepantlali-132_near-1,,Tepantlali,132_near,wingon,wingon,w i n g o n,,Kondic2019,,false,^ w i n g o n $,default
Tepantlali-133_warm-1,,Tepantlali,133_warm,an,an,a n,,Kondic2019,,false,^ a n $,default
Tepantlali-134_cold-1,,Tepantlali,134_cold,ʃujtʲ,ʃujtʲ,ʃ u j tʲ,,Kondic2019,,false,^ ʃ u j tʲ $,default
Tepantlali-135_dry-1,,Tepantlali,135_dry,aktəʔəts,aktəʔəts,a k t ə ʔ ə ts,IMP,Kondic2019,,false,^ a k t əʔə ts $,default
Tepantlali-136_wet-1,,Tepantlali,136_wet,ʃoʔok,ʃoʔok,ʃ o ʔ o k,,Kondic2019,,false,^ ʃ oʔo k $,default
Tepantlali-137_new-1,,Tepantlali,137_new,hemʲ,hemʲ,h e mʲ,,Kondic2019,,false,^ h e mʲ $,default
Tepantlali-138_other-1,,Tepantlali,138_other,winkpət,winkpət,w i n k p ə t,,Kondic2019,,false,^ w i n k p ə t $,default
Tepantlali-139_come-1,,Tepantlali,139_come,it,it,i t,IMP,Kondic2019,,false,^ i t $,default
Tepantlali-140_walk-1,,Tepantlali,140_walk,joʔoj,joʔoj,j o ʔ o j,IMP,Kondic2019,,false,^ j oʔo j $,default
Tepantlali-141_grow-1,,Tepantlali,141_grow,joʔoɲ,joʔoɲ,j o ʔ o ɲ,IMP,Kondic2019,,false,^ j oʔo ɲ $,default
Tepantlali-142_stand-1,,Tepantlali,142_stand,tanə,tanə,t a n ə,<tan-ə stand-IMP,Kondic2019,,false,^ t a n ə $,default
Tepantlali-143_sit-1,,Tepantlali,143_sit,tsəʔənə,tsəʔənə,ts ə ʔ ə n ə,<tsəʔən-ə sit-IMP,Kondic2019,,false,^ ts əʔə n ə $,default
Tepantlali-144_fall-1,,Tepantlali,144_fall,kədaw,kədaw,k ə d a w,IMP,Kondic2019,,false,^ k ə d a w $,default
Tepantlali-145_liedown-1,,Tepantlali,145_liedown,nagʲoʔogə,nagʲoʔogə,n a gʲ o ʔ o g ə,IMP,Kondic2019,,false,^ n a gʲ oʔo g ə $,default
Tepantlali-146_turn-1,,Tepantlali,146_turn,koʔumbit,koʔumbit,k o ʔ u m b i t,IMP,Kondic2019,,false,^ k o ʔ u m b i t $,default
Tepantlali-147_climb-1,,Tepantlali,147_climb,pahtən,pahtən,p a h t ə n,<paht-ən climb-?,Kondic2019,,false,^ p a h t ə n $,default
Tepantlali-148_swim-1,,Tepantlali,148_swim,nəwinaʔaʃʲ,nəwinaʔaʃʲ,n ə w i n a ʔ a ʃʲ,<nə-winaʔaʃ-j water-swim-GR,Kondic2019,,false,^ n ə w i n aʔa ʃʲ $,default
Tepantlali-149_flyverb-1,,Tepantlali,149_flyverb,kaʔaguditʲ,kaʔaguditʲ,k a ʔ a g u d i tʲ,IMP,Kondic2019,,false,^ k aʔa g u d i tʲ $,default
Tepantlali-150_throw-1,,Tepantlali,150_throw,iʃkoʔo,iʃkoʔo,i ʃ k o ʔ o,IMP,Kondic2019,,false,^ i ʃ k oʔo $,default
Tepantlali-151_hide-1,,Tepantlali,151_hide,najuʔutsə,najuʔutsə,n a j u ʔ u ts ə,<na-juʔuts-ə  ?-hide-IMP 'hide yourself!',Kondic2019,,false,^ n a j uʔu ts ə $,default
Tepantlali-152_chew-1,,Tepantlali,152_chew,puʔuj,puʔuj,p u ʔ u j,IMP,Kondic2019,,false,^ p uʔu j $,default
Tepantlali-153_eat-1,,Tepantlali,153_eat,kaj,kaj,k a j,IMP,Kondic2019,,false,^ k a j $,default
Tepantlali-154_drink-1,,Tepantlali,154_drink,uʔuk,uʔuk,u ʔ u k,IMP,Kondic2019,,false,^ uʔu k $,default
Tepantlali-155_bite-1,,Tepantlali,155_bite,tsuʔuts,tsuʔuts,ts u ʔ u ts,IMP,Kondic2019,,false,^ ts uʔu ts $,default
Tepantlali-156_suck-1,,Tepantlali,156_suck,tsiʔits,tsiʔits,ts i ʔ i ts,IMP,Kondic2019,,false,^ ts iʔi ts $,default
Tepantlali-158_spit-1,,Tepantlali,158_spit,tsuh,tsuh,ts u h,IMP,Kondic2019,,false,^ ts u h $,default
Tepantlali-159_dream-1,,Tepantlali,159_dream,kumaʔa,kumaʔa,k u m a ʔ a,IMP,Kondic2019,,false,^ k u m aʔa $,default
Tepantlali-160_sleep-1,,Tepantlali,160_sleep,maʔa,maʔa,m a ʔ a,IMP,Kondic2019,,false,^ m aʔa $,default
Tepantlali-161_live-1,,Tepantlali,161_live,hʲuhkʲahtən,hʲuhkʲahtən,hʲ u h kʲ a h t ə n,<life,Kondic2019,,false,^ hʲ u h kʲ a h t ə n $,default
Tepantlali-162_die-1,,Tepantlali,162_die,oʔok,oʔok,o ʔ o k,IMP,Kondic2019,,false,^ oʔo k $,default
Tepantlali-163_kill-1,,Tepantlali,163_kill,jahkʲoʔok,jahkʲoʔok,j a h kʲ o ʔ o k,<jahk-oʔok CAUS-die 'kill!' IMP,Kondic2019,,false,^ j a h kʲ oʔo k $,default
Tepantlali-164_see-1,,Tepantlali,164_see,ihʃ,ihʃ,i h ʃ,IMP,Kondic2019,,false,^ i h ʃ $,default
Tepantlali-165_hear-1,,Tepantlali,165_hear,mədow,mədow,m ə d o w,IMP,Kondic2019,,false,^ m ə d o w $,default
Tepantlali-166_sniffsmell-1,,Tepantlali,166_sniffsmell,ʃuʔuk,ʃuʔuk,ʃ u ʔ u k,IMP,Kondic2019,,false,^ ʃ uʔu k $,default
Tepantlali-167_know-1,,Tepantlali,167_know,nhatʲp,nhatʲp,n h a tʲ p,<n-hatʲ-p 1SG-know-GR 'I know',Kondic2019,,false,^ n h a tʲ p $,default
Tepantlali-168_think-1,,Tepantlali,168_think,winmaj,winmaj,w i n m a j,<win-maj ?-think 'thinking',Kondic2019,,false,^ w i n m a j $,default
Tepantlali-169_laugh-1,,Tepantlali,169_laugh,ʃiʔik,ʃiʔik,ʃ i ʔ i k,IMP,Kondic2019,,false,^ ʃ iʔi k $,default
Tepantlali-170_cry-1,,Tepantlali,170_cry,jaʔaʃ,jaʔaʃ,j a ʔ a ʃ,IMP,Kondic2019,,false,^ j aʔa ʃ $,default
Tepantlali-171_blow-1,,Tepantlali,171_blow,pohp,pohp,p o h p,<poh-p  blow-GR 'blows',Kondic2019,,false,^ p o h p $,default
Tepantlali-172_burn-1,,Tepantlali,172_burn,toy,toy,t o <<y>>,IMP,Kondic2019,,false,^ t o <y> $,default
Tepantlali-173_flow-1,,Tepantlali,173_flow,joʔjpʲ,joʔjpʲ,j o ʔ j pʲ,<joʔj-pʲ flow-GR 'flows',Kondic2019,,false,^ j o ʔ j pʲ $,default
Tepantlali-174_sew-1,,Tepantlali,174_sew,ʃuj,ʃuj,ʃ u j,IMP,Kondic2019,,false,^ ʃ u j $,default
Tepantlali-175_pound-1,,Tepantlali,175_pound,kaʔap,kaʔap,k a ʔ a p,IMP,Kondic2019,,false,^ k aʔa p $,default
Tepantlali-176_hit-1,,Tepantlali,176_hit,kum,kum,k u m,IMP,Kondic2019,,false,^ k u m $,default
Tepantlali-177_cut-1,,Tepantlali,177_cut,tsuk,tsuk,ts u k,IMP,Kondic2019,,false,^ ts u k $,default
Tepantlali-179_dig-1,,Tepantlali,179_dig,tahk,tahk,t a h k,IMP,Kondic2019,,false,^ t a h k $,default
Tepantlali-180_hunt-1,,Tepantlali,180_hunt,powoʔoj,powoʔoj,p o w o ʔ o j,IMP,Kondic2019,,false,^ p o w oʔo j $,default
Tepantlali-181_hold-1,,Tepantlali,181_hold,konjit,konjit,k o n j i t,<kon-ji-t hold-?-ERG 'hold it!' IMP,Kondic2019,,false,^ k o n j i t $,default
Tepantlali-182_fear-1,,Tepantlali,182_fear,tsehk,tsehk,ts e h k,,Kondic2019,,false,^ ts e h k $,default
Tepantlali-183_count-1,,Tepantlali,183_count,matʲoow,matʲoow,m a tʲ o o w,IMP,Kondic2019,,false,^ m a tʲ o o w $,default
Tepantlali-184_breathe-1,,Tepantlali,184_breathe,ʃeh,ʃeh,ʃ e h,IMP,Kondic2019,,false,^ ʃ e h $,default
Tepantlali-185_vomit-1,,Tepantlali,185_vomit,əʔəhts,əʔəhts,ə ʔ ə h ts,IMP,Kondic2019,,false,^ əʔə h ts $,default
Tepantlali-186_tieup-1,,Tepantlali,186_tieup,aʃots,aʃots,a ʃ o ts,IMP,Kondic2019,,false,^ a ʃ o ts $,default
Tepantlali-187_squeeze-1,,Tepantlali,187_squeeze,məkʃ,məkʃ,m ə k ʃ,,Kondic2019,,false,^ m ə k ʃ $,default
Tepantlali-189_say-1,,Tepantlali,189_say,wənaʔaɲ,wənaʔaɲ,w ə n a ʔ a ɲ,IMP,Kondic2019,,false,^ w ə n aʔa ɲ $,default
Tepantlali-190_scratch-1,,Tepantlali,190_scratch,tsekʃ,tsekʃ,ts e k ʃ,IMP,Kondic2019,,false,^ ts e k ʃ $,default
Tepantlali-192_buy-1,,Tepantlali,192_buy,huj,huj,h u j,IMP,Kondic2019,,false,^ h u j $,default
Tepantlali-193_steal-1,,Tepantlali,193_steal,maʔatsk,maʔatsk,m a ʔ a ts k,IMP,Kondic2019,,false,^ m aʔa ts k $,default
Tepantlali-194_choose-1,,Tepantlali,194_choose,wubiʔij,wubiʔij,w u b i ʔ i j,IMP,Kondic2019,,false,^ w u b iʔi j $,default
Tepantlali-195_plant-1,,Tepantlali,195_plant,kohk,kohk,k o h k,IMP,Kondic2019,,false,^ k o h k $,default
Tepantlali-196_cook-1,,Tepantlali,196_cook,jahktokʃojəp,jahktokʃojəp,j a h k t o k ʃ o j ə p,<jahk-tokʃ-ojəp CAUS-food-prepare 'prepare food',Kondic2019,,false,^ j a h k t o k ʃ o j ə p $,default
Tepantlali-197_shoot-1,,Tepantlali,197_shoot,tuh,tuh,t u h,IMP,Kondic2019,,false,^ t u h $,default
Tepantlali-198_work-1,,Tepantlali,198_work,tuŋ,tuŋ,t u ŋ,NOM,Kondic2019,,false,^ t u ŋ $,default
Tepantlali-199_open-1,,Tepantlali,199_open,awɒʔɒts,awɒʔɒts,a w ɒ ʔ ɒ ts,IMP,Kondic2019,,false,^ a w ɒ ʔ ɒ ts $,default
Tlahuitoltepec-1_one-1,,Tlahuitoltepec,1_one,tuʔuk,tuʔuk,t u ʔ u k,,Kondic2019,,false,^ t uʔu k $,default
Tlahuitoltepec-2_two-1,,Tlahuitoltepec,2_two,mahtsk,mahtsk,m a h ts k,,Kondic2019,,false,^ m a h ts k $,default
Tlahuitoltepec-3_three-1,,Tlahuitoltepec,3_three,tegəʔək,tegəʔək,t e g ə ʔ ə k,,Kondic2019,,false,^ t e g əʔə k $,default
Tlahuitoltepec-4_four-1,,Tlahuitoltepec,4_four,maktɒʔɒʃk,maktɒʔɒʃk,m a k t ɒ ʔ ɒ ʃ k,,Kondic2019,,false,^ m a k t ɒ ʔ ɒ ʃ k $,default
Tlahuitoltepec-5_year-1,,Tlahuitoltepec,5_year,huməht,huməht,h u m ə h t,,Kondic2019,,false,^ h u m ə h t $,default
Tlahuitoltepec-6_right-1,,Tlahuitoltepec,6_right,anɒhʲ,anɒhʲ,a n ɒ hʲ,,Kondic2019,,false,^ a n ɒ hʲ $,default
Tlahuitoltepec-7_left-1,,Tlahuitoltepec,7_left,agɒʔɒɲ,agɒʔɒɲ,a g ɒ ʔ ɒ ɲ,,Kondic2019,,false,^ a g ɒ ʔ ɒ ɲ $,default
Tlahuitoltepec-8_i-1,,Tlahuitoltepec,8_i,əhts,əhts,ə h ts,,Kondic2019,,false,^ ə h ts $,default
Tlahuitoltepec-9_weallexcl-1,,Tlahuitoltepec,9_weallexcl,əʔəts,əʔəts,ə ʔ ə ts,,Kondic2019,,false,^ əʔə ts $,default
Tlahuitoltepec-10_weallincl-1,,Tlahuitoltepec,10_weallincl,adəm,adəm,a d ə m,,Kondic2019,,false,^ a d ə m $,default
Tlahuitoltepec-11_yousg-1,,Tlahuitoltepec,11_yousg,mehts,mehts,m e h ts,,Kondic2019,,false,^ m e h ts $,default
Tlahuitoltepec-12_heshe-1,,Tlahuitoltepec,12_heshe,ɨʃʲeʔet,ɨʃʲeʔet,ɨ ʃʲ e ʔ e t,,Kondic2019,,false,^ ɨ ʃʲ eʔe t $,default
Tlahuitoltepec-13_theyall-1,,Tlahuitoltepec,13_theyall,ɨʃʲeʔetə,ɨʃʲeʔetə,ɨ ʃʲ e ʔ e t ə,,Kondic2019,,false,^ ɨ ʃʲ eʔe t ə $,default
Tlahuitoltepec-14_nonot-1,,Tlahuitoltepec,14_nonot,kaʔ,kaʔ,k a ʔ,,Kondic2019,,false,^ k a ʔ $,default
Tlahuitoltepec-15_what-1,,Tlahuitoltepec,15_what,tiʔih,tiʔih,t i ʔ i h,,Kondic2019,,false,^ t iʔi h $,default
Tlahuitoltepec-16_who-1,,Tlahuitoltepec,16_who,pən,pən,p ə n,,Kondic2019,,false,^ p ə n $,default
Tlahuitoltepec-17_where-1,,Tlahuitoltepec,17_where,mɒʔɒh,mɒʔɒh,m ɒ ʔ ɒ h,,Kondic2019,,false,^ m ɒ ʔ ɒ h $,default
Tlahuitoltepec-18_when-1,,Tlahuitoltepec,18_when,huʔunə,huʔunə,h u ʔ u n ə,,Kondic2019,,false,^ h uʔu n ə $,default
Tlahuitoltepec-19_how-1,,Tlahuitoltepec,19_how,sutsoʔoh,sutsoʔoh,s u ts o ʔ o h,,Kondic2019,,false,^ s u ts oʔo h $,default
Tlahuitoltepec-20_this-1,,Tlahuitoltepec,20_this,ɨʃʲɒʔɒt,ɨʃʲɒʔɒt,ɨ ʃʲ ɒ ʔ ɒ t,,Kondic2019,,false,^ ɨ ʃʲ ɒ ʔ ɒ t $,default
Tlahuitoltepec-21_that-1,,Tlahuitoltepec,21_that,ɨʃʲeʔet,ɨʃʲeʔet,ɨ ʃʲ e ʔ e t,,Kondic2019,,false,^ ɨ ʃʲ eʔe t $,default
Tlahuitoltepec-22_and-1,,Tlahuitoltepec,22_and,həts,həts,h ə ts,,Kondic2019,,false,^ h ə ts $,default
Tlahuitoltepec-23_above-1,,Tlahuitoltepec,23_above,nəkihʃʲ,nəkihʃʲ,n ə k i h ʃʲ,,Kondic2019,,false,^ n ə k i h ʃʲ $,default
Tlahuitoltepec-24_below-1,,Tlahuitoltepec,24_below,apətkiʔihʲ,apətkiʔihʲ,a p ə t k i ʔ i hʲ,,Kondic2019,,false,^ a p ə t k iʔi hʲ $,default
Tlahuitoltepec-25_ininside-1,,Tlahuitoltepec,25_ininside,hətʲpʲ,hətʲpʲ,h ə tʲ pʲ,,Kondic2019,,false,^ h ə tʲ pʲ $,default
Tlahuitoltepec-27_head-1,,Tlahuitoltepec,27_head,kupɒjk,kupɒjk,k u p ɒ j k,,Kondic2019,,false,^ k u p ɒ j k $,default
Tlahuitoltepec-28_hair-1,,Tlahuitoltepec,28_hair,wɒʔɒj,wɒʔɒj,w ɒ ʔ ɒ j,,Kondic2019,,false,^ w ɒ ʔ ɒ j $,default
Tlahuitoltepec-29_eye-1,,Tlahuitoltepec,29_eye,weʔen,weʔen,w e ʔ e n,,Kondic2019,,false,^ w eʔe n $,default
Tlahuitoltepec-30_nose-1,,Tlahuitoltepec,30_nose,həʔəhp,həʔəhp,h ə ʔ ə h p,,Kondic2019,,false,^ h əʔə h p $,default
Tlahuitoltepec-31_ear-1,,Tlahuitoltepec,31_ear,tɒtsk,tɒtsk,t ɒ ts k,,Kondic2019,,false,^ t ɒ ts k $,default
Tlahuitoltepec-32_mouth-1,,Tlahuitoltepec,32_mouth,ɒʔɒw,ɒʔɒw,ɒ ʔ ɒ w,,Kondic2019,,false,^ ɒ ʔ ɒ w $,default
Tlahuitoltepec-33_tongue-1,,Tlahuitoltepec,33_tongue,toʔojts,toʔojts,t o ʔ o j ts,,Kondic2019,,false,^ t oʔo j ts $,default
Tlahuitoltepec-34_tooth-1,,Tlahuitoltepec,34_tooth,təʔəhts,təʔəhts,t ə ʔ ə h ts,,Kondic2019,,false,^ t əʔə h ts $,default
Tlahuitoltepec-35_hand-1,,Tlahuitoltepec,35_hand,kəʔ,kəʔ,k ə ʔ,,Kondic2019,,false,^ k ə ʔ $,default
Tlahuitoltepec-36_shoulder-1,,Tlahuitoltepec,36_shoulder,kenkʲ,kenkʲ,k e n kʲ,,Kondic2019,,false,^ k e n kʲ $,default
Tlahuitoltepec-37_neck-1,,Tlahuitoltepec,37_neck,joʔkt,joʔkt,j o ʔ k t,,Kondic2019,,false,^ j o ʔ k t $,default
Tlahuitoltepec-38_back-1,,Tlahuitoltepec,38_back,həʃk,həʃk,h ə ʃ k,,Kondic2019,,false,^ h ə ʃ k $,default
Tlahuitoltepec-39_leg-1,,Tlahuitoltepec,39_leg,puʔuj,puʔuj,p u ʔ u j,,Kondic2019,,false,^ p uʔu j $,default
Tlahuitoltepec-40_blood-1,,Tlahuitoltepec,40_blood,niʔihpʲ,niʔihpʲ,n i ʔ i h pʲ,,Kondic2019,,false,^ n iʔi h pʲ $,default
Tlahuitoltepec-41_bone-1,,Tlahuitoltepec,41_bone,pɒhk,pɒhk,p ɒ h k,,Kondic2019,,false,^ p ɒ h k $,default
Tlahuitoltepec-42_skin-1,,Tlahuitoltepec,42_skin,ɒk,ɒk,ɒ k,,Kondic2019,,false,^ ɒ k $,default
Tlahuitoltepec-43_belly-1,,Tlahuitoltepec,43_belly,hoʔoht,hoʔoht,h o ʔ o h t,,Kondic2019,,false,^ h oʔo h t $,default
Tlahuitoltepec-44_intestines-1,,Tlahuitoltepec,44_intestines,tiʔntʲ,tiʔntʲ,t i ʔ n tʲ,,Kondic2019,,false,^ t i ʔ n tʲ $,default
Tlahuitoltepec-45_breast-1,,Tlahuitoltepec,45_breast,tseʔtsk,tseʔtsk,ts e ʔ ts k,,Kondic2019,,false,^ ts e ʔ ts k $,default
Tlahuitoltepec-47_dog-1,,Tlahuitoltepec,47_dog,uk,uk,u k,,Kondic2019,,false,^ u k $,default
Tlahuitoltepec-48_bird-1,,Tlahuitoltepec,48_bird,hoʔon,hoʔon,h o ʔ o n,,Kondic2019,,false,^ h oʔo n $,default
Tlahuitoltepec-49_fish-1,,Tlahuitoltepec,49_fish,ɒjkʃ,ɒjkʃ,ɒ j k ʃ,,Kondic2019,,false,^ ɒ j k ʃ $,default
Tlahuitoltepec-50_snake-1,,Tlahuitoltepec,50_snake,tsɒʔɒɲ,tsɒʔɒɲ,ts ɒ ʔ ɒ ɲ,,Kondic2019,,false,^ ts ɒ ʔ ɒ ɲ $,default
Tlahuitoltepec-51_worm-1,,Tlahuitoltepec,51_worm,tənəʔək,tənəʔək,t ə n ə ʔ ə k,,Kondic2019,,false,^ t ə n əʔə k $,default
Tlahuitoltepec-52_louse-1,,Tlahuitoltepec,52_louse,ɒʔɒht,ɒʔɒht,ɒ ʔ ɒ h t,,Kondic2019,,false,^ ɒ ʔ ɒ h t $,default
Tlahuitoltepec-53_rat-1,,Tlahuitoltepec,53_rat,tsuʔuhk,tsuʔuhk,ts u ʔ u h k,,Kondic2019,,false,^ ts uʔu h k $,default
Tlahuitoltepec-54_spider-1,,Tlahuitoltepec,54_spider,pəʔəhʃʲ,pəʔəhʃʲ,p ə ʔ ə h ʃʲ,,Kondic2019,,false,^ p əʔə h ʃʲ $,default
Tlahuitoltepec-56_egg-1,,Tlahuitoltepec,56_egg,tutuʔuts,tutuʔuts,t u t u ʔ u ts,,Kondic2019,,false,^ t u t uʔu ts $,default
Tlahuitoltepec-57_tail-1,,Tlahuitoltepec,57_tail,tuʔtst,tuʔtst,t u ʔ ts t,,Kondic2019,,false,^ t u ʔ ts t $,default
Tlahuitoltepec-58_wing-1,,Tlahuitoltepec,58_wing,kahk,kahk,k a h k,,Kondic2019,,false,^ k a h k $,default
Tlahuitoltepec-59_feather-1,,Tlahuitoltepec,59_feather,pəhk,pəhk,p ə h k,,Kondic2019,,false,^ p ə h k $,default
Tlahuitoltepec-60_person-1,,Tlahuitoltepec,60_person,hɒʔɒʔj,hɒʔɒʔj,h ɒ ʔ ɒ ʔ j,,Kondic2019,,false,^ h ɒ ʔ ɒ ʔ j $,default
Tlahuitoltepec-61_man-1,,Tlahuitoltepec,61_man,hɒʔɒʔtʲhk,hɒʔɒʔtʲhk,h ɒ ʔ ɒ ʔ tʲ h k,,Kondic2019,,false,^ h ɒ ʔ ɒ ʔ tʲ h k $,default
Tlahuitoltepec-62_woman-1,,Tlahuitoltepec,62_woman,təʔəʃʲəhk,təʔəʃʲəhk,t ə ʔ ə ʃʲ ə h k,,Kondic2019,,false,^ t əʔə ʃʲ ə h k $,default
Tlahuitoltepec-63_child-1,,Tlahuitoltepec,63_child,mihʃʲ,mihʃʲ,m i h ʃʲ,,Kondic2019,,false,^ m i h ʃʲ $,default
Tlahuitoltepec-64_name-1,,Tlahuitoltepec,64_name,ʃəʔəw,ʃəʔəw,ʃ ə ʔ ə w,,Kondic2019,,false,^ ʃ əʔə w $,default
Tlahuitoltepec-65_mother-1,,Tlahuitoltepec,65_mother,tɒʔɒk,tɒʔɒk,t ɒ ʔ ɒ k,,Kondic2019,,false,^ t ɒ ʔ ɒ k $,default
Tlahuitoltepec-66_father-1,,Tlahuitoltepec,66_father,teʔetʲ,teʔetʲ,t e ʔ e tʲ,,Kondic2019,,false,^ t eʔe tʲ $,default
Tlahuitoltepec-67_husband-1,,Tlahuitoltepec,67_husband,nɨjɒʔɒʔj,nɨjɒʔɒʔj,n ɨ j ɒ ʔ ɒ ʔ j,,Kondic2019,,false,^ n ɨ j ɒ ʔ ɒ ʔ j $,default
Tlahuitoltepec-68_wife-1,,Tlahuitoltepec,68_wife,nɨdəʔəʃʲ,nɨdəʔəʃʲ,n ɨ d ə ʔ ə ʃʲ,,Kondic2019,,false,^ n ɨ d əʔə ʃʲ $,default
Tlahuitoltepec-69_day-1,,Tlahuitoltepec,69_day,ʃənaʃʲ,ʃənaʃʲ,ʃ ə n a ʃʲ,,Kondic2019,,false,^ ʃ ə n a ʃʲ $,default
Tlahuitoltepec-70_night-1,,Tlahuitoltepec,70_night,koʔots,koʔots,k o ʔ o ts,,Kondic2019,,false,^ k oʔo ts $,default
Tlahuitoltepec-71_moon-1,,Tlahuitoltepec,71_moon,poʔo,poʔo,p o ʔ o,,Kondic2019,,false,^ p oʔo $,default
Tlahuitoltepec-72_star-1,,Tlahuitoltepec,72_star,mɒʔɒtsɒʔ,mɒʔɒtsɒʔ,m ɒ ʔ ɒ ts ɒ ʔ,,Kondic2019,,false,^ m ɒ ʔ ɒ ts ɒ ʔ $,default
Tlahuitoltepec-73_sky-1,,Tlahuitoltepec,73_sky,tsɒhp,tsɒhp,ts ɒ h p,,Kondic2019,,false,^ ts ɒ h p $,default
Tlahuitoltepec-74_water-1,,Tlahuitoltepec,74_water,nəʔəj,nəʔəj,n ə ʔ ə j,,Kondic2019,,false,^ n əʔə j $,default
Tlahuitoltepec-75_lake-1,,Tlahuitoltepec,75_lake,nəʔəj,nəʔəj,n ə ʔ ə j,,Kondic2019,,false,^ n əʔə j $,default
Tlahuitoltepec-76_sea-1,,Tlahuitoltepec,76_sea,mehʲ,mehʲ,m e hʲ,,Kondic2019,,false,^ m e hʲ $,default
Tlahuitoltepec-77_fire-1,,Tlahuitoltepec,77_fire,həʔən,həʔən,h ə ʔ ə n,,Kondic2019,,false,^ h əʔə n $,default
Tlahuitoltepec-78_smoke-1,,Tlahuitoltepec,78_smoke,hok,hok,h o k,,Kondic2019,,false,^ h o k $,default
Tlahuitoltepec-79_ash-1,,Tlahuitoltepec,79_ash,hɒʔɒm,hɒʔɒm,h ɒ ʔ ɒ m,,Kondic2019,,false,^ h ɒ ʔ ɒ m $,default
Tlahuitoltepec-80_stone-1,,Tlahuitoltepec,80_stone,tsɒʔɒh,tsɒʔɒh,ts ɒ ʔ ɒ h,,Kondic2019,,false,^ ts ɒ ʔ ɒ h $,default
Tlahuitoltepec-81_earthsoil-1,,Tlahuitoltepec,81_earthsoil,nɒʔɒhʃ,nɒʔɒhʃ,n ɒ ʔ ɒ h ʃ,,Kondic2019,,false,^ n ɒ ʔ ɒ h ʃ $,default
Tlahuitoltepec-82_dust-1,,Tlahuitoltepec,82_dust,puʔuʃ,puʔuʃ,p u ʔ u ʃ,,Kondic2019,,false,^ p uʔu ʃ $,default
Tlahuitoltepec-83_sand-1,,Tlahuitoltepec,83_sand,tsɒʔɒj,tsɒʔɒj,ts ɒ ʔ ɒ j,,Kondic2019,,false,^ ts ɒ ʔ ɒ j $,default
Tlahuitoltepec-84_rain-1,,Tlahuitoltepec,84_rain,tuʔuh,tuʔuh,t u ʔ u h,,Kondic2019,,false,^ t uʔu h $,default
Tlahuitoltepec-85_cloud-1,,Tlahuitoltepec,85_cloud,joʔots,joʔots,j o ʔ o ts,,Kondic2019,,false,^ j oʔo ts $,default
Tlahuitoltepec-86_wind-1,,Tlahuitoltepec,86_wind,poh,poh,p o h,,Kondic2019,,false,^ p o h $,default
Tlahuitoltepec-88_thunder-1,,Tlahuitoltepec,88_thunder,anaʔaw,anaʔaw,a n a ʔ a w,,Kondic2019,,false,^ a n aʔa w $,default
Tlahuitoltepec-89_lightning-1,,Tlahuitoltepec,89_lightning,wɨdzuk,wɨdzuk,w ɨ dz u k,,Kondic2019,,false,^ w ɨ dz u k $,default
Tlahuitoltepec-90_meatflesh-1,,Tlahuitoltepec,90_meatflesh,tsuʔutʲ,tsuʔutʲ,ts u ʔ u tʲ,<tsuʔuts-j  meat-POSS3 'his/her meat/flesh,Kondic2019,,false,^ ts uʔu tʲ $,default
Tlahuitoltepec-91_salt-1,,Tlahuitoltepec,91_salt,kɒʔɒn,kɒʔɒn,k ɒ ʔ ɒ n,,Kondic2019,,false,^ k ɒ ʔ ɒ n $,default
Tlahuitoltepec-92_fatgrease-1,,Tlahuitoltepec,92_fatgrease,on,on,o n,,Kondic2019,,false,^ o n $,default
Tlahuitoltepec-93_fruit-1,,Tlahuitoltepec,93_fruit,ujts tsɒʔɒj,ujts tsɒʔɒj,u j ts + ts ɒ ʔ ɒ j,,Kondic2019,,false,^ u j ts + ts ɒ ʔ ɒ j $,default
Tlahuitoltepec-94_woodsforest-1,,Tlahuitoltepec,94_woodsforest,jukhotp,jukhotp,j u k h o t p,,Kondic2019,,false,^ j u k h o t p $,default
Tlahuitoltepec-96_branch-1,,Tlahuitoltepec,96_branch,awɒh,awɒh,a w ɒ h,,Kondic2019,,false,^ a w ɒ h $,default
Tlahuitoltepec-97_leaf-1,,Tlahuitoltepec,97_leaf,ɒʔɒj,ɒʔɒj,ɒ ʔ ɒ j,,Kondic2019,,false,^ ɒ ʔ ɒ j $,default
Tlahuitoltepec-98_wood-1,,Tlahuitoltepec,98_wood,kipʲ,kipʲ,k i pʲ,,Kondic2019,,false,^ k i pʲ $,default
Tlahuitoltepec-99_grass-1,,Tlahuitoltepec,99_grass,ujts,ujts,u j ts,,Kondic2019,,false,^ u j ts $,default
Tlahuitoltepec-100_flower-1,,Tlahuitoltepec,100_flower,pihʲ,pihʲ,p i hʲ,,Kondic2019,,false,^ p i hʲ $,default
Tlahuitoltepec-102_house-1,,Tlahuitoltepec,102_house,təhk,təhk,t ə h k,,Kondic2019,,false,^ t ə h k $,default
Tlahuitoltepec-103_rope-1,,Tlahuitoltepec,103_rope,tepʃʲ,tepʃʲ,t e p ʃʲ,,Kondic2019,,false,^ t e p ʃʲ $,default
Tlahuitoltepec-104_needle-1,,Tlahuitoltepec,104_needle,ʃuʔɲ,ʃuʔɲ,ʃ u ʔ ɲ,,Kondic2019,,false,^ ʃ u ʔ ɲ $,default
Tlahuitoltepec-105_roadpath-1,,Tlahuitoltepec,105_roadpath,tuʔuʔ,tuʔuʔ,t u ʔ u ʔ,,Kondic2019,,false,^ t uʔu ʔ $,default
Tlahuitoltepec-106_black-1,,Tlahuitoltepec,106_black,jəʔk,jəʔk,j ə ʔ k,,Kondic2019,,false,^ j ə ʔ k $,default
Tlahuitoltepec-107_white-1,,Tlahuitoltepec,107_white,poʔop,poʔop,p o ʔ o p,,Kondic2019,,false,^ p oʔo p $,default
Tlahuitoltepec-108_red-1,,Tlahuitoltepec,108_red,tsɒʔpts,tsɒʔpts,ts ɒ ʔ p ts,,Kondic2019,,false,^ ts ɒ ʔ p ts $,default
Tlahuitoltepec-109_green-1,,Tlahuitoltepec,109_green,tsuhʃk,tsuhʃk,ts u h ʃ k,,Kondic2019,,false,^ ts u h ʃ k $,default
Tlahuitoltepec-110_yellow-1,,Tlahuitoltepec,110_yellow,puɒʔts,puɒʔts,p u ɒ ʔ ts,,Kondic2019,,false,^ p u ɒ ʔ ts $,default
Tlahuitoltepec-111_big-1,,Tlahuitoltepec,111_big,məh,məh,m ə h,,Kondic2019,,false,^ m ə h $,default
Tlahuitoltepec-112_small-1,,Tlahuitoltepec,112_small,mutsk,mutsk,m u ts k,,Kondic2019,,false,^ m u ts k $,default
Tlahuitoltepec-113_long-1,,Tlahuitoltepec,113_long,jəɲ,jəɲ,j ə ɲ,,Kondic2019,,false,^ j ə ɲ $,default
Tlahuitoltepec-114_short-1,,Tlahuitoltepec,114_short,naʃpʲ,naʃpʲ,n a ʃ pʲ,,Kondic2019,,false,^ n a ʃ pʲ $,default
Tlahuitoltepec-115_thick-1,,Tlahuitoltepec,115_thick,mahpʃʲ,mahpʃʲ,m a h p ʃʲ,,Kondic2019,,false,^ m a h p ʃʲ $,default
Tlahuitoltepec-116_thin-1,,Tlahuitoltepec,116_thin,pehʲ,pehʲ,p e hʲ,,Kondic2019,,false,^ p e hʲ $,default
Tlahuitoltepec-118_wide-1,,Tlahuitoltepec,118_wide,mahpʃʲ,mahpʃʲ,m a h p ʃʲ,,Kondic2019,,false,^ m a h p ʃʲ $,default
Tlahuitoltepec-119_sharp-1,,Tlahuitoltepec,119_sharp,hupʃuʔɲ,hupʃuʔɲ,h u p ʃ u ʔ ɲ,,Kondic2019,,false,^ h u p ʃ u ʔ ɲ $,default
Tlahuitoltepec-121_shyashamed-1,,Tlahuitoltepec,121_shyashamed,tsəʔədʲump,tsəʔədʲump,ts ə ʔ ə dʲ u m p,,Kondic2019,,false,^ ts əʔə dʲ u m p $,default
Tlahuitoltepec-122_old-1,,Tlahuitoltepec,122_old,mahɒʔɒʔj,mahɒʔɒʔj,m a h ɒ ʔ ɒ ʔ j,,Kondic2019,,false,^ m a h ɒ ʔ ɒ ʔ j $,default
Tlahuitoltepec-124_good-1,,Tlahuitoltepec,124_good,juhʲ,juhʲ,j u hʲ,,Kondic2019,,false,^ j u hʲ $,default
Tlahuitoltepec-125_bad-1,,Tlahuitoltepec,125_bad,awɒʔɒn,awɒʔɒn,a w ɒ ʔ ɒ n,,Kondic2019,,false,^ a w ɒ ʔ ɒ n $,default
Tlahuitoltepec-126_correcttrue-1,,Tlahuitoltepec,126_correcttrue,hantʲ,hantʲ,h a n tʲ,,Kondic2019,,false,^ h a n tʲ $,default
Tlahuitoltepec-127_dirty-1,,Tlahuitoltepec,127_dirty,puʔuts,puʔuts,p u ʔ u ts,,Kondic2019,,false,^ p uʔu ts $,default
Tlahuitoltepec-128_rotten-1,,Tlahuitoltepec,128_rotten,puʔuts,puʔuts,p u ʔ u ts,,Kondic2019,,false,^ p uʔu ts $,default
Tlahuitoltepec-129_all-1,,Tlahuitoltepec,129_all,nədukiʔidə,nədukiʔidə,n ə d u k i ʔ i d ə,,Kondic2019,,false,^ n ə d u k iʔi d ə $,default
Tlahuitoltepec-130_heavy-1,,Tlahuitoltepec,130_heavy,heʔemtʲ,heʔemtʲ,h e ʔ e m tʲ,,Kondic2019,,false,^ h eʔe m tʲ $,default
Tlahuitoltepec-131_far-1,,Tlahuitoltepec,131_far,hagam,hagam,h a g a m,,Kondic2019,,false,^ h a g a m $,default
Tlahuitoltepec-132_near-1,,Tlahuitoltepec,132_near,wəngon,wəngon,w ə n g o n,,Kondic2019,,false,^ w ə n g o n $,default
Tlahuitoltepec-133_warm-1,,Tlahuitoltepec,133_warm,ɒmp,ɒmp,ɒ m p,,Kondic2019,,false,^ ɒ m p $,default
Tlahuitoltepec-134_cold-1,,Tlahuitoltepec,134_cold,ʃuhʃ,ʃuhʃ,ʃ u h ʃ,,Kondic2019,,false,^ ʃ u h ʃ $,default
Tlahuitoltepec-135_dry-1,,Tlahuitoltepec,135_dry,tətsp,tətsp,t ə ts p,<təts-p dry-GR 'dries',Kondic2019,,false,^ t ə ts p $,default
Tlahuitoltepec-136_wet-1,,Tlahuitoltepec,136_wet,ʃoʔok,ʃoʔok,ʃ o ʔ o k,,Kondic2019,,false,^ ʃ oʔo k $,default
Tlahuitoltepec-137_new-1,,Tlahuitoltepec,137_new,hemʲ,hemʲ,h e mʲ,,Kondic2019,,false,^ h e mʲ $,default
Tlahuitoltepec-138_other-1,,Tlahuitoltepec,138_other,haduʔuk,haduʔuk,h a d u ʔ u k,,Kondic2019,,false,^ h a d uʔu k $,default
Tlahuitoltepec-139_come-1,,Tlahuitoltepec,139_come,hɒʔɒt,hɒʔɒt,h ɒ ʔ ɒ t,<hɒʔɒt IMP 'come!',Kondic2019,,false,^ h ɒ ʔ ɒ t $,default
Tlahuitoltepec-140_walk-1,,Tlahuitoltepec,140_walk,jəʔəj,jəʔəj,j ə ʔ ə j,<jəʔəj IMP 'walk!',Kondic2019,,false,^ j əʔə j $,default
Tlahuitoltepec-141_grow-1,,Tlahuitoltepec,141_grow,jaʔak,jaʔak,j a ʔ a k,<jaʔak IMP 'grow!',Kondic2019,,false,^ j aʔa k $,default
Tlahuitoltepec-142_stand-1,,Tlahuitoltepec,142_stand,tanə,tanə,t a n ə,IMP 'stand!',Kondic2019,,false,^ t a n ə $,default
Tlahuitoltepec-143_sit-1,,Tlahuitoltepec,143_sit,tsəʔənə,tsəʔənə,ts ə ʔ ə n ə,<tsəʔən-ə sit-IMP?  IMP 'sit!',Kondic2019,,false,^ ts əʔə n ə $,default
Tlahuitoltepec-144_fall-1,,Tlahuitoltepec,144_fall,kədɒw,kədɒw,k ə d ɒ w,<kədɒw IMP 'fall!',Kondic2019,,false,^ k ə d ɒ w $,default
Tlahuitoltepec-145_liedown-1,,Tlahuitoltepec,145_liedown,nakʲoʔokə,nakʲoʔokə,n a kʲ o ʔ o k ə,<na-j-koʔok-ə  ?-3SG-lie.down-IMP?  'lie him down!',Kondic2019,,false,^ n a kʲ oʔo k ə $,default
Tlahuitoltepec-146_turn-1,,Tlahuitoltepec,146_turn,wəmpet,wəmpet,w ə m p e t,<wəmpet IMP 'turn (it)',Kondic2019,,false,^ w ə m p e t $,default
Tlahuitoltepec-147_climb-1,,Tlahuitoltepec,147_climb,pat,pat,p a t,<pat IMP 'climb!',Kondic2019,,false,^ p a t $,default
Tlahuitoltepec-148_swim-1,,Tlahuitoltepec,148_swim,nəjuʔum,nəjuʔum,n ə j u ʔ u m,<nə-juʔum water-dig 'digging water',Kondic2019,,false,^ n ə j uʔu m $,default
Tlahuitoltepec-149_flyverb-1,,Tlahuitoltepec,149_flyverb,kahkjəʔək,kahkjəʔək,k a h k j ə ʔ ə k,<kahk-jəʔək wing-fly IMP 'fly!',Kondic2019,,false,^ k a h k j əʔə k $,default
Tlahuitoltepec-150_throw-1,,Tlahuitoltepec,150_throw,ɨʃkuj,ɨʃkuj,ɨ ʃ k u j,<ɨʃ-kuj  down-throw IMP 'throw it down',Kondic2019,,false,^ ɨ ʃ k u j $,default
Tlahuitoltepec-151_hide-1,,Tlahuitoltepec,151_hide,najuʔutsə,najuʔutsə,n a j u ʔ u ts ə,<na-juʔuts-ə  ?-hide-IMP 'hide!',Kondic2019,,false,^ n a j uʔu ts ə $,default
Tlahuitoltepec-152_chew-1,,Tlahuitoltepec,152_chew,puʔuj,puʔuj,p u ʔ u j,<puʔuj IMP 'chew!',Kondic2019,,false,^ p uʔu j $,default
Tlahuitoltepec-153_eat-1,,Tlahuitoltepec,153_eat,kaj,kaj,k a j,<kaj IMP 'eat!',Kondic2019,,false,^ k a j $,default
Tlahuitoltepec-154_drink-1,,Tlahuitoltepec,154_drink,uʔuk,uʔuk,u ʔ u k,<uʔuk IMP 'drink!',Kondic2019,,false,^ uʔu k $,default
Tlahuitoltepec-155_bite-1,,Tlahuitoltepec,155_bite,tsuʔuts,tsuʔuts,ts u ʔ u ts,<tsuʔuts IMP 'bite!',Kondic2019,,false,^ ts uʔu ts $,default
Tlahuitoltepec-156_suck-1,,Tlahuitoltepec,156_suck,jiktseʔets,jiktseʔets,j i k ts e ʔ e ts,<jik-tseʔets CAUS-suck IMP 'make (him/her) suck!',Kondic2019,,false,^ j i k ts eʔe ts $,default
Tlahuitoltepec-158_spit-1,,Tlahuitoltepec,158_spit,ɨʃtsuh,ɨʃtsuh,ɨ ʃ ts u h,<ɨʃ-tsuh down-spit IMP 'spit (it) out!',Kondic2019,,false,^ ɨ ʃ ts u h $,default
Tlahuitoltepec-159_dream-1,,Tlahuitoltepec,159_dream,kumɒʔɒ,kumɒʔɒ,k u m ɒ ʔ ɒ,<ku-mɒʔɒ  ?-sleep  IMP 'dream!',Kondic2019,,false,^ k u m ɒ ʔ ɒ $,default
Tlahuitoltepec-160_sleep-1,,Tlahuitoltepec,160_sleep,mɒʔɒ,mɒʔɒ,m ɒ ʔ ɒ,<mɒʔɒ IMP 'sleep!',Kondic2019,,false,^ m ɒ ʔ ɒ $,default
Tlahuitoltepec-161_live-1,,Tlahuitoltepec,161_live,hʲuhkʲɒhtən,hʲuhkʲɒhtən,hʲ u h kʲ ɒ h t ə n,"<hʲuhkʲ-ɒht-ən  live-?-NOM 'living, life'",Kondic2019,,false,^ hʲ u h kʲ ɒ h t ə n $,default
Tlahuitoltepec-162_die-1,,Tlahuitoltepec,162_die,oʔohkən,oʔohkən,o ʔ o h k ə n,<oʔohk-ən die-NOM 'dying',Kondic2019,,false,^ oʔo h k ə n $,default
Tlahuitoltepec-163_kill-1,,Tlahuitoltepec,163_kill,jigoʔok,jigoʔok,j i g o ʔ o k,<jik-koʔok CAUS-die IMP 'make (him/her) die!',Kondic2019,,false,^ j i g oʔo k $,default
Tlahuitoltepec-164_see-1,,Tlahuitoltepec,164_see,wɨnehʃ,wɨnehʃ,w ɨ n e h ʃ,<wɨnehʃ IMP 'see!',Kondic2019,,false,^ w ɨ n e h ʃ $,default
Tlahuitoltepec-165_hear-1,,Tlahuitoltepec,165_hear,madow,madow,m a d o w,<madow IMP 'hear!',Kondic2019,,false,^ m a d o w $,default
Tlahuitoltepec-166_sniffsmell-1,,Tlahuitoltepec,166_sniffsmell,ʃuʔugə,ʃuʔugə,ʃ u ʔ u g ə,<ʃuʔugə IMP 'smell!',Kondic2019,,false,^ ʃ uʔu g ə $,default
Tlahuitoltepec-167_know-1,,Tlahuitoltepec,167_know,nahɒwə,nahɒwə,n a h ɒ w ə,<nahɒwə IMP 'know!',Kondic2019,,false,^ n a h ɒ w ə $,default
Tlahuitoltepec-168_think-1,,Tlahuitoltepec,168_think,pawɨnmaj,pawɨnmaj,p a w ɨ n m a j,<pawɨnmaj IMP 'think!',Kondic2019,,false,^ p a w ɨ n m a j $,default
Tlahuitoltepec-169_laugh-1,,Tlahuitoltepec,169_laugh,ʃeʔek,ʃeʔek,ʃ e ʔ e k,<ʃeʔek IMP 'laugh!',Kondic2019,,false,^ ʃ eʔe k $,default
Tlahuitoltepec-170_cry-1,,Tlahuitoltepec,170_cry,jɒʔɒʃ,jɒʔɒʃ,j ɒ ʔ ɒ ʃ,<jɒʔɒʃ IMP 'cry!',Kondic2019,,false,^ j ɒ ʔ ɒ ʃ $,default
Tlahuitoltepec-171_blow-1,,Tlahuitoltepec,171_blow,pohp,pohp,p o h p,<poh-p wind-GR 'it blows',Kondic2019,,false,^ p o h p $,default
Tlahuitoltepec-172_burn-1,,Tlahuitoltepec,172_burn,təʔəpʲ,təʔəpʲ,t ə ʔ ə pʲ,<təʔəp-j burn-GR  'burns',Kondic2019,,false,^ t əʔə pʲ $,default
Tlahuitoltepec-173_flow-1,,Tlahuitoltepec,173_flow,jəʔəpʲ,jəʔəpʲ,j ə ʔ ə pʲ,<jəʔəp-j run-GR 'runs',Kondic2019,,false,^ j əʔə pʲ $,default
Tlahuitoltepec-174_sew-1,,Tlahuitoltepec,174_sew,ʃuj,ʃuj,ʃ u j,<ʃuj IMP 'sew!',Kondic2019,,false,^ ʃ u j $,default
Tlahuitoltepec-175_pound-1,,Tlahuitoltepec,175_pound,maʔa,maʔa,m a ʔ a,<maʔa IMP 'pound!',Kondic2019,,false,^ m aʔa $,default
Tlahuitoltepec-176_hit-1,,Tlahuitoltepec,176_hit,wop,wop,w o p,<wop IMP 'hit!',Kondic2019,,false,^ w o p $,default
Tlahuitoltepec-177_cut-1,,Tlahuitoltepec,177_cut,poʔot,poʔot,p o ʔ o t,<poʔot IMP 'cut!',Kondic2019,,false,^ p oʔo t $,default
Tlahuitoltepec-178_split-1,,Tlahuitoltepec,178_split,nɒnknawʲakxə,nɒnknawʲakxə,n ɒ n k n a wʲ a k x ə,<nɒnk-na-j-wakx-ə  ?-?-3SG-split-IMP 'split (it)!',Kondic2019,,false,^ n ɒ n k n a wʲ a k x ə $,default
Tlahuitoltepec-179_dig-1,,Tlahuitoltepec,179_dig,tɒh,tɒh,t ɒ h,<tɒh IMP 'dig!',Kondic2019,,false,^ t ɒ h $,default
Tlahuitoltepec-180_hunt-1,,Tlahuitoltepec,180_hunt,paboʔo,paboʔo,p a b o ʔ o,<??,Kondic2019,,false,^ p a b oʔo $,default
Tlahuitoltepec-181_hold-1,,Tlahuitoltepec,181_hold,mɒts,mɒts,m ɒ ts,<mɒts IMP 'hold!',Kondic2019,,false,^ m ɒ ts $,default
Tlahuitoltepec-182_fear-1,,Tlahuitoltepec,182_fear,tsəʔəkə,tsəʔəkə,ts ə ʔ ə k ə,<tsəʔəkə IMP 'fear!',Kondic2019,,false,^ ts əʔə k ə $,default
Tlahuitoltepec-183_count-1,,Tlahuitoltepec,183_count,madʲow,madʲow,m a dʲ o w,,Kondic2019,,false,^ m a dʲ o w $,default
Tlahuitoltepec-184_breathe-1,,Tlahuitoltepec,184_breathe,ʃah,ʃah,ʃ a h,<ʃah IMP 'breath!',Kondic2019,,false,^ ʃ a h $,default
Tlahuitoltepec-185_vomit-1,,Tlahuitoltepec,185_vomit,əʔəts,əʔəts,ə ʔ ə ts,<əʔəts IMP 'vomit!',Kondic2019,,false,^ əʔə ts $,default
Tlahuitoltepec-186_tieup-1,,Tlahuitoltepec,186_tieup,ʃots,ʃots,ʃ o ts,<ʃots IMP 'tie (it) up!',Kondic2019,,false,^ ʃ o ts $,default
Tlahuitoltepec-187_squeeze-1,,Tlahuitoltepec,187_squeeze,wɨməʔəʔkʃ,wɨməʔəʔkʃ,w ɨ m ə ʔ ə ʔ k ʃ,<wɨməʔəʔkʃ IMP 'squeeze!',Kondic2019,,false,^ w ɨ m əʔə ʔ k ʃ $,default
Tlahuitoltepec-188_swell-1,,Tlahuitoltepec,188_swell,kehʃpəhkp,kehʃpəhkp,k e h ʃ p ə h k p,<kehʃ-pəhk-p swell-?-GR 'it is swelling',Kondic2019,,false,^ k e h ʃ p ə h k p $,default
Tlahuitoltepec-189_say-1,,Tlahuitoltepec,189_say,nəm,nəm,n ə m,<nəm IMP 'say!',Kondic2019,,false,^ n ə m $,default
Tlahuitoltepec-190_scratch-1,,Tlahuitoltepec,190_scratch,wɨtsahkʃ,wɨtsahkʃ,w ɨ ts a h k ʃ,,Kondic2019,,false,^ w ɨ ts a h k ʃ $,default
Tlahuitoltepec-191_stab-1,,Tlahuitoltepec,191_stab,wɨkum,wɨkum,w ɨ k u m,,Kondic2019,,false,^ w ɨ k u m $,default
Tlahuitoltepec-192_buy-1,,Tlahuitoltepec,192_buy,huj,huj,h u j,<huj IMP 'buy!',Kondic2019,,false,^ h u j $,default
Tlahuitoltepec-193_steal-1,,Tlahuitoltepec,193_steal,maʔats,maʔats,m a ʔ a ts,<maʔats IMP 'steel!',Kondic2019,,false,^ m aʔa ts $,default
Tlahuitoltepec-194_choose-1,,Tlahuitoltepec,194_choose,wɨʔehʃ,wɨʔehʃ,w ɨ ʔ e h ʃ,<wɨʔehʃ IMP 'choose!',Kondic2019,,false,^ w ɨ ʔ e h ʃ $,default
Tlahuitoltepec-195_plant-1,,Tlahuitoltepec,195_plant,neʔep,neʔep,n e ʔ e p,<neʔep IMP 'plant!',Kondic2019,,false,^ n eʔe p $,default
Tlahuitoltepec-196_cook-1,,Tlahuitoltepec,196_cook,jikəʔə,jikəʔə,j i k ə ʔ ə,<jik-kəʔə CAUS-cook IMP 'prepare food!',Kondic2019,,false,^ j i k əʔə $,default
Tlahuitoltepec-197_shoot-1,,Tlahuitoltepec,197_shoot,tuh,tuh,t u h,<tuh IMP 'shoot!',Kondic2019,,false,^ t u h $,default
Tlahuitoltepec-198_work-1,,Tlahuitoltepec,198_work,tun,tun,t u n,<tun IMP 'work!',Kondic2019,,false,^ t u n $,default
Tlahuitoltepec-199_open-1,,Tlahuitoltepec,199_open,jigawɒʔɒts,jigawɒʔɒts,j i g a w ɒ ʔ ɒ ts,<jik-awɒʔɒts CAUS-open  IMP 'open!',Kondic2019,,false,^ j i g a w ɒ ʔ ɒ ts $,default
Totontepec-1_one-1,,Totontepec,1_one,►,►,,,Kondic2019,,false,,
Totontepec-2_two-1,,Totontepec,2_two,►,►,,,Kondic2019,,false,,
Totontepec-3_three-1,,Totontepec,3_three,►,►,,,Kondic2019,,false,,
Totontepec-4_four-1,,Totontepec,4_four,►,►,,,Kondic2019,,false,,
Totontepec-5_year-1,,Totontepec,5_year,►,►,,,Kondic2019,,false,,
Totontepec-6_right-1,,Totontepec,6_right,►,►,,,Kondic2019,,false,,
Totontepec-7_left-1,,Totontepec,7_left,►,►,,,Kondic2019,,false,,
Totontepec-8_i-1,,Totontepec,8_i,►,►,,,Kondic2019,,false,,
Totontepec-10_weallincl-1,,Totontepec,10_weallincl,►,►,,,Kondic2019,,false,,
Totontepec-11_yousg-1,,Totontepec,11_yousg,►,►,,,Kondic2019,,false,,
Totontepec-12_heshe-1,,Totontepec,12_heshe,►,►,,,Kondic2019,,false,,
Totontepec-13_theyall-1,,Totontepec,13_theyall,►,►,,,Kondic2019,,false,,
Totontepec-14_nonot-1,,Totontepec,14_nonot,►,►,,,Kondic2019,,false,,
Totontepec-15_what-1,,Totontepec,15_what,►,►,,,Kondic2019,,false,,
Totontepec-16_who-1,,Totontepec,16_who,►,►,,,Kondic2019,,false,,
Totontepec-17_where-1,,Totontepec,17_where,►,►,,,Kondic2019,,false,,
Totontepec-18_when-1,,Totontepec,18_when,►,►,,,Kondic2019,,false,,
Totontepec-19_how-1,,Totontepec,19_how,►,►,,,Kondic2019,,false,,
Totontepec-20_this-1,,Totontepec,20_this,►,►,,,Kondic2019,,false,,
Totontepec-21_that-1,,Totontepec,21_that,►,►,,,Kondic2019,,false,,
Totontepec-23_above-1,,Totontepec,23_above,►,►,,,Kondic2019,,false,,
Totontepec-24_below-1,,Totontepec,24_below,►,►,,,Kondic2019,,false,,
Totontepec-25_ininside-1,,Totontepec,25_ininside,►,►,,,Kondic2019,,false,,
Totontepec-27_head-1,,Totontepec,27_head,►,►,,,Kondic2019,,false,,
Totontepec-28_hair-1,,Totontepec,28_hair,►,►,,,Kondic2019,,false,,
Totontepec-29_eye-1,,Totontepec,29_eye,►,►,,,Kondic2019,,false,,
Totontepec-30_nose-1,,Totontepec,30_nose,►,►,,,Kondic2019,,false,,
Totontepec-31_ear-1,,Totontepec,31_ear,►,►,,,Kondic2019,,false,,
Totontepec-32_mouth-1,,Totontepec,32_mouth,►,►,,,Kondic2019,,false,,
Totontepec-33_tongue-1,,Totontepec,33_tongue,►,►,,,Kondic2019,,false,,
Totontepec-34_tooth-1,,Totontepec,34_tooth,►,►,,,Kondic2019,,false,,
Totontepec-35_hand-1,,Totontepec,35_hand,►,►,,,Kondic2019,,false,,
Totontepec-36_shoulder-1,,Totontepec,36_shoulder,►,►,,,Kondic2019,,false,,
Totontepec-37_neck-1,,Totontepec,37_neck,►,►,,,Kondic2019,,false,,
Totontepec-38_back-1,,Totontepec,38_back,►,►,,,Kondic2019,,false,,
Totontepec-39_leg-1,,Totontepec,39_leg,►,►,,,Kondic2019,,false,,
Totontepec-40_blood-1,,Totontepec,40_blood,►,►,,,Kondic2019,,false,,
Totontepec-41_bone-1,,Totontepec,41_bone,►,►,,,Kondic2019,,false,,
Totontepec-42_skin-1,,Totontepec,42_skin,►,►,,,Kondic2019,,false,,
Totontepec-43_belly-1,,Totontepec,43_belly,►,►,,,Kondic2019,,false,,
Totontepec-44_intestines-1,,Totontepec,44_intestines,►,►,,,Kondic2019,,false,,
Totontepec-45_breast-1,,Totontepec,45_breast,►,►,,,Kondic2019,,false,,
Totontepec-46_liver-1,,Totontepec,46_liver,►,►,,,Kondic2019,,false,,
Totontepec-47_dog-1,,Totontepec,47_dog,►,►,,,Kondic2019,,false,,
Totontepec-48_bird-1,,Totontepec,48_bird,►,►,,,Kondic2019,,false,,
Totontepec-49_fish-1,,Totontepec,49_fish,►,►,,,Kondic2019,,false,,
Totontepec-50_snake-1,,Totontepec,50_snake,►,►,,,Kondic2019,,false,,
Totontepec-51_worm-1,,Totontepec,51_worm,►,►,,,Kondic2019,,false,,
Totontepec-52_louse-1,,Totontepec,52_louse,►,►,,,Kondic2019,,false,,
Totontepec-53_rat-1,,Totontepec,53_rat,►,►,,,Kondic2019,,false,,
Totontepec-54_spider-1,,Totontepec,54_spider,►,►,,,Kondic2019,,false,,
Totontepec-55_mosquito-1,,Totontepec,55_mosquito,►,►,,,Kondic2019,,false,,
Totontepec-56_egg-1,,Totontepec,56_egg,►,►,,,Kondic2019,,false,,
Totontepec-57_tail-1,,Totontepec,57_tail,►,►,,,Kondic2019,,false,,
Totontepec-58_wing-1,,Totontepec,58_wing,►,►,,,Kondic2019,,false,,
Totontepec-59_feather-1,,Totontepec,59_feather,►,►,,,Kondic2019,,false,,
Totontepec-60_person-1,,Totontepec,60_person,►,►,,,Kondic2019,,false,,
Totontepec-61_man-1,,Totontepec,61_man,►,►,,,Kondic2019,,false,,
Totontepec-62_woman-1,,Totontepec,62_woman,►,►,,,Kondic2019,,false,,
Totontepec-63_child-1,,Totontepec,63_child,►,►,,,Kondic2019,,false,,
Totontepec-64_name-1,,Totontepec,64_name,►,►,,,Kondic2019,,false,,
Totontepec-65_mother-1,,Totontepec,65_mother,►,►,,,Kondic2019,,false,,
Totontepec-66_father-1,,Totontepec,66_father,►,►,,,Kondic2019,,false,,
Totontepec-67_husband-1,,Totontepec,67_husband,►,►,,,Kondic2019,,false,,
Totontepec-68_wife-1,,Totontepec,68_wife,►,►,,,Kondic2019,,false,,
Totontepec-69_day-1,,Totontepec,69_day,►,►,,,Kondic2019,,false,,
Totontepec-70_night-1,,Totontepec,70_night,►,►,,,Kondic2019,,false,,
Totontepec-71_moon-1,,Totontepec,71_moon,►,►,,,Kondic2019,,false,,
Totontepec-72_star-1,,Totontepec,72_star,►,►,,,Kondic2019,,false,,
Totontepec-73_sky-1,,Totontepec,73_sky,►,►,,,Kondic2019,,false,,
Totontepec-74_water-1,,Totontepec,74_water,►,►,,,Kondic2019,,false,,
Totontepec-75_lake-1,,Totontepec,75_lake,►,►,,,Kondic2019,,false,,
Totontepec-76_sea-1,,Totontepec,76_sea,►,►,,,Kondic2019,,false,,
Totontepec-77_fire-1,,Totontepec,77_fire,►,►,,,Kondic2019,,false,,
Totontepec-78_smoke-1,,Totontepec,78_smoke,►,►,,,Kondic2019,,false,,
Totontepec-79_ash-1,,Totontepec,79_ash,►,►,,,Kondic2019,,false,,
Totontepec-80_stone-1,,Totontepec,80_stone,►,►,,,Kondic2019,,false,,
Totontepec-81_earthsoil-1,,Totontepec,81_earthsoil,►,►,,,Kondic2019,,false,,
Totontepec-82_dust-1,,Totontepec,82_dust,►,►,,,Kondic2019,,false,,
Totontepec-83_sand-1,,Totontepec,83_sand,►,►,,,Kondic2019,,false,,
Totontepec-84_rain-1,,Totontepec,84_rain,►,►,,,Kondic2019,,false,,
Totontepec-85_cloud-1,,Totontepec,85_cloud,►,►,,,Kondic2019,,false,,
Totontepec-86_wind-1,,Totontepec,86_wind,►,►,,,Kondic2019,,false,,
Totontepec-87_fog-1,,Totontepec,87_fog,►,►,,,Kondic2019,,false,,
Totontepec-88_thunder-1,,Totontepec,88_thunder,►,►,,,Kondic2019,,false,,
Totontepec-89_lightning-1,,Totontepec,89_lightning,►,►,,,Kondic2019,,false,,
Totontepec-90_meatflesh-1,,Totontepec,90_meatflesh,►,►,,,Kondic2019,,false,,
Totontepec-91_salt-1,,Totontepec,91_salt,►,►,,,Kondic2019,,false,,
Totontepec-92_fatgrease-1,,Totontepec,92_fatgrease,►,►,,,Kondic2019,,false,,
Totontepec-93_fruit-1,,Totontepec,93_fruit,►,►,,,Kondic2019,,false,,
Totontepec-94_woodsforest-1,,Totontepec,94_woodsforest,►,►,,,Kondic2019,,false,,
Totontepec-95_root-1,,Totontepec,95_root,►,►,,,Kondic2019,,false,,
Totontepec-96_branch-1,,Totontepec,96_branch,►,►,,,Kondic2019,,false,,
Totontepec-97_leaf-1,,Totontepec,97_leaf,►,►,,,Kondic2019,,false,,
Totontepec-98_wood-1,,Totontepec,98_wood,►,►,,,Kondic2019,,false,,
Totontepec-99_grass-1,,Totontepec,99_grass,►,►,,,Kondic2019,,false,,
Totontepec-100_flower-1,,Totontepec,100_flower,►,►,,,Kondic2019,,false,,
Totontepec-101_thatchroof-1,,Totontepec,101_thatchroof,►,►,,,Kondic2019,,false,,
Totontepec-102_house-1,,Totontepec,102_house,►,►,,,Kondic2019,,false,,
Totontepec-103_rope-1,,Totontepec,103_rope,►,►,,,Kondic2019,,false,,
Totontepec-104_needle-1,,Totontepec,104_needle,►,►,,,Kondic2019,,false,,
Totontepec-105_roadpath-1,,Totontepec,105_roadpath,►,►,,,Kondic2019,,false,,
Totontepec-106_black-1,,Totontepec,106_black,►,►,,,Kondic2019,,false,,
Totontepec-107_white-1,,Totontepec,107_white,►,►,,,Kondic2019,,false,,
Totontepec-108_red-1,,Totontepec,108_red,►,►,,,Kondic2019,,false,,
Totontepec-109_green-1,,Totontepec,109_green,►,►,,,Kondic2019,,false,,
Totontepec-110_yellow-1,,Totontepec,110_yellow,►,►,,,Kondic2019,,false,,
Totontepec-111_big-1,,Totontepec,111_big,►,►,,,Kondic2019,,false,,
Totontepec-112_small-1,,Totontepec,112_small,►,►,,,Kondic2019,,false,,
Totontepec-113_long-1,,Totontepec,113_long,►,►,,,Kondic2019,,false,,
Totontepec-114_short-1,,Totontepec,114_short,►,►,,,Kondic2019,,false,,
Totontepec-115_thick-1,,Totontepec,115_thick,►,►,,,Kondic2019,,false,,
Totontepec-116_thin-1,,Totontepec,116_thin,►,►,,,Kondic2019,,false,,
Totontepec-117_narrow-1,,Totontepec,117_narrow,►,►,,,Kondic2019,,false,,
Totontepec-118_wide-1,,Totontepec,118_wide,►,►,,,Kondic2019,,false,,
Totontepec-119_sharp-1,,Totontepec,119_sharp,►,►,,,Kondic2019,,false,,
Totontepec-120_bluntdull-1,,Totontepec,120_bluntdull,►,►,,,Kondic2019,,false,,
Totontepec-121_shyashamed-1,,Totontepec,121_shyashamed,►,►,,,Kondic2019,,false,,
Totontepec-122_old-1,,Totontepec,122_old,►,►,,,Kondic2019,,false,,
Totontepec-123_painfulsick-1,,Totontepec,123_painfulsick,►,►,,,Kondic2019,,false,,
Totontepec-124_good-1,,Totontepec,124_good,►,►,,,Kondic2019,,false,,
Totontepec-125_bad-1,,Totontepec,125_bad,►,►,,,Kondic2019,,false,,
Totontepec-126_correcttrue-1,,Totontepec,126_correcttrue,►,►,,,Kondic2019,,false,,
Totontepec-127_dirty-1,,Totontepec,127_dirty,►,►,,,Kondic2019,,false,,
Totontepec-128_rotten-1,,Totontepec,128_rotten,►,►,,,Kondic2019,,false,,
Totontepec-129_all-1,,Totontepec,129_all,►,►,,,Kondic2019,,false,,
Totontepec-130_heavy-1,,Totontepec,130_heavy,►,►,,,Kondic2019,,false,,
Totontepec-131_far-1,,Totontepec,131_far,►,►,,,Kondic2019,,false,,
Totontepec-132_near-1,,Totontepec,132_near,►,►,,,Kondic2019,,false,,
Totontepec-133_warm-1,,Totontepec,133_warm,►,►,,,Kondic2019,,false,,
Totontepec-134_cold-1,,Totontepec,134_cold,►,►,,,Kondic2019,,false,,
Totontepec-135_dry-1,,Totontepec,135_dry,►,►,,,Kondic2019,,false,,
Totontepec-136_wet-1,,Totontepec,136_wet,►,►,,,Kondic2019,,false,,
Totontepec-137_new-1,,Totontepec,137_new,►,►,,,Kondic2019,,false,,
Totontepec-138_other-1,,Totontepec,138_other,►,►,,,Kondic2019,,false,,
Totontepec-139_come-1,,Totontepec,139_come,►,►,,,Kondic2019,,false,,
Totontepec-140_walk-1,,Totontepec,140_walk,►,►,,,Kondic2019,,false,,
Totontepec-141_grow-1,,Totontepec,141_grow,►,►,,,Kondic2019,,false,,
Totontepec-142_stand-1,,Totontepec,142_stand,►,►,,,Kondic2019,,false,,
Totontepec-143_sit-1,,Totontepec,143_sit,►,►,,,Kondic2019,,false,,
Totontepec-144_fall-1,,Totontepec,144_fall,►,►,,,Kondic2019,,false,,
Totontepec-145_liedown-1,,Totontepec,145_liedown,►,►,,,Kondic2019,,false,,
Totontepec-146_turn-1,,Totontepec,146_turn,►,►,,,Kondic2019,,false,,
Totontepec-147_climb-1,,Totontepec,147_climb,►,►,,,Kondic2019,,false,,
Totontepec-148_swim-1,,Totontepec,148_swim,►,►,,,Kondic2019,,false,,
Totontepec-149_flyverb-1,,Totontepec,149_flyverb,►,►,,,Kondic2019,,false,,
Totontepec-150_throw-1,,Totontepec,150_throw,►,►,,,Kondic2019,,false,,
Totontepec-151_hide-1,,Totontepec,151_hide,►,►,,,Kondic2019,,false,,
Totontepec-152_chew-1,,Totontepec,152_chew,►,►,,,Kondic2019,,false,,
Totontepec-153_eat-1,,Totontepec,153_eat,►,►,,,Kondic2019,,false,,
Totontepec-154_drink-1,,Totontepec,154_drink,►,►,,,Kondic2019,,false,,
Totontepec-155_bite-1,,Totontepec,155_bite,►,►,,,Kondic2019,,false,,
Totontepec-156_suck-1,,Totontepec,156_suck,►,►,,,Kondic2019,,false,,
Totontepec-157_yawn-1,,Totontepec,157_yawn,►,►,,,Kondic2019,,false,,
Totontepec-158_spit-1,,Totontepec,158_spit,►,►,,,Kondic2019,,false,,
Totontepec-159_dream-1,,Totontepec,159_dream,►,►,,,Kondic2019,,false,,
Totontepec-160_sleep-1,,Totontepec,160_sleep,►,►,,,Kondic2019,,false,,
Totontepec-161_live-1,,Totontepec,161_live,►,►,,,Kondic2019,,false,,
Totontepec-162_die-1,,Totontepec,162_die,►,►,,,Kondic2019,,false,,
Totontepec-163_kill-1,,Totontepec,163_kill,►,►,,,Kondic2019,,false,,
Totontepec-164_see-1,,Totontepec,164_see,►,►,,,Kondic2019,,false,,
Totontepec-165_hear-1,,Totontepec,165_hear,►,►,,,Kondic2019,,false,,
Totontepec-166_sniffsmell-1,,Totontepec,166_sniffsmell,►,►,,,Kondic2019,,false,,
Totontepec-167_know-1,,Totontepec,167_know,►,►,,,Kondic2019,,false,,
Totontepec-168_think-1,,Totontepec,168_think,►,►,,,Kondic2019,,false,,
Totontepec-169_laugh-1,,Totontepec,169_laugh,►,►,,,Kondic2019,,false,,
Totontepec-170_cry-1,,Totontepec,170_cry,►,►,,,Kondic2019,,false,,
Totontepec-171_blow-1,,Totontepec,171_blow,►,►,,,Kondic2019,,false,,
Totontepec-172_burn-1,,Totontepec,172_burn,►,►,,,Kondic2019,,false,,
Totontepec-173_flow-1,,Totontepec,173_flow,►,►,,,Kondic2019,,false,,
Totontepec-174_sew-1,,Totontepec,174_sew,►,►,,,Kondic2019,,false,,
Totontepec-175_pound-1,,Totontepec,175_pound,►,►,,,Kondic2019,,false,,
Totontepec-176_hit-1,,Totontepec,176_hit,►,►,,,Kondic2019,,false,,
Totontepec-177_cut-1,,Totontepec,177_cut,►,►,,,Kondic2019,,false,,
Totontepec-178_split-1,,Totontepec,178_split,►,►,,,Kondic2019,,false,,
Totontepec-179_dig-1,,Totontepec,179_dig,►,►,,,Kondic2019,,false,,
Totontepec-180_hunt-1,,Totontepec,180_hunt,►,►,,,Kondic2019,,false,,
Totontepec-181_hold-1,,Totontepec,181_hold,►,►,,,Kondic2019,,false,,
Totontepec-182_fear-1,,Totontepec,182_fear,►,►,,,Kondic2019,,false,,
Totontepec-183_count-1,,Totontepec,183_count,►,►,,,Kondic2019,,false,,
Totontepec-184_breathe-1,,Totontepec,184_breathe,►,►,,,Kondic2019,,false,,
Totontepec-185_vomit-1,,Totontepec,185_vomit,►,►,,,Kondic2019,,false,,
Totontepec-186_tieup-1,,Totontepec,186_tieup,►,►,,,Kondic2019,,false,,
Totontepec-187_squeeze-1,,Totontepec,187_squeeze,►,►,,,Kondic2019,,false,,
Totontepec-188_swell-1,,Totontepec,188_swell,►,►,,,Kondic2019,,false,,
Totontepec-189_say-1,,Totontepec,189_say,►,►,,,Kondic2019,,false,,
Totontepec-190_scratch-1,,Totontepec,190_scratch,►,►,,,Kondic2019,,false,,
Totontepec-191_stab-1,,Totontepec,191_stab,►,►,,,Kondic2019,,false,,
Totontepec-192_buy-1,,Totontepec,192_buy,►,►,,,Kondic2019,,false,,
Totontepec-193_steal-1,,Totontepec,193_steal,►,►,,,Kondic2019,,false,,
Totontepec-194_choose-1,,Totontepec,194_choose,►,►,,,Kondic2019,,false,,
Totontepec-195_plant-1,,Totontepec,195_plant,►,►,,,Kondic2019,,false,,
Totontepec-196_cook-1,,Totontepec,196_cook,►,►,,,Kondic2019,,false,,
Totontepec-197_shoot-1,,Totontepec,197_shoot,►,►,,,Kondic2019,,false,,
Totontepec-198_work-1,,Totontepec,198_work,►,►,,,Kondic2019,,false,,
Totontepec-199_open-1,,Totontepec,199_open,►,►,,,Kondic2019,,false,,
Tutla-1_one-1,,Tutla,1_one,tuʔuk,tuʔuk,t u ʔ u k,,Kondic2023,,false,^ t uʔu k $,default
Tutla-2_two-1,,Tutla,2_two,matsk,matsk,m a ts k,,Kondic2023,,false,^ m a ts k $,default
Tutla-3_three-1,,Tutla,3_three,təgəʔək,təgəʔək,t ə g ə ʔ ə k,,Kondic2023,,false,^ t ə g əʔə k $,default
Tutla-4_four-1,,Tutla,4_four,mədaʔaʃ,mədaʔaʃ,m ə d a ʔ a ʃ,,Kondic2023,,false,^ m ə d aʔa ʃ $,default
Tutla-5_year-1,,Tutla,5_year,həməht,həməht,h ə m ə h t,,Kondic2023,,false,^ h ə m ə h t $,default
Tutla-6_right-1,,Tutla,6_right,aoj,aoj,a o j,,Kondic2023,,false,^ a o j $,default
Tutla-7_left-1,,Tutla,7_left,anahtʲ,anahtʲ,a n a h tʲ,,Kondic2023,,false,^ a n a h tʲ $,default
Tutla-8_i-1,,Tutla,8_i,əʔətʲ,əʔətʲ,ə ʔ ə tʲ,,Kondic2023,,false,^ əʔə tʲ $,default
Tutla-10_weallincl-1,,Tutla,10_weallincl,ətʲʔahtəm,ətʲʔahtəm,ə tʲ ʔ a h t ə m,,Kondic2023,,false,^ ə tʲ ʔ a h t ə m $,default
Tutla-11_yousg-1,,Tutla,11_yousg,miʔitʲ,miʔitʲ,m i ʔ i tʲ,,Kondic2023,,false,^ m iʔi tʲ $,default
Tutla-12_heshe-1,,Tutla,12_heshe,jeʔe,jeʔe,j e ʔ e,,Kondic2023,,false,^ j eʔe $,default
Tutla-13_theyall-1,,Tutla,13_theyall,jeʔahkeʃʲ,jeʔahkeʃʲ,j e ʔ a h k e ʃʲ,,Kondic2023,,false,^ j e ʔ a h k e ʃʲ $,default
Tutla-14_nonot-1,,Tutla,14_nonot,kaʔp,kaʔp,k a ʔ p,,Kondic2023,,false,^ k a ʔ p $,default
Tutla-15_what-1,,Tutla,15_what,tiʔi,tiʔi,t i ʔ i,,Kondic2023,,false,^ t iʔi $,default
Tutla-16_who-1,,Tutla,16_who,pən,pən,p ə n,,Kondic2023,,false,^ p ə n $,default
Tutla-17_where-1,,Tutla,17_where,maʔa,maʔa,m a ʔ a,,Kondic2023,,false,^ m aʔa $,default
Tutla-18_when-1,,Tutla,18_when,mənaʔa,mənaʔa,m ə n a ʔ a,,Kondic2023,,false,^ m ə n aʔa $,default
Tutla-19_how-1,,Tutla,19_how,neh,neh,n e h,,Kondic2023,,false,^ n e h $,default
Tutla-20_this-1,,Tutla,20_this,adaʔa,adaʔa,a d a ʔ a,,Kondic2023,,false,^ a d aʔa $,default
Tutla-21_that-1,,Tutla,21_that,jəʔə,jəʔə,j ə ʔ ə,,Kondic2023,,false,^ j əʔə $,default
Tutla-22_and-1,,Tutla,22_and,nehpaʔa,nehpaʔa,n e h p a ʔ a,,Kondic2023,,false,^ n e h p aʔa $,default
Tutla-22_and-2,,Tutla,22_and,tiʔihpaʔa,tiʔihpaʔa,t i ʔ i h p a ʔ a,,Kondic2023,,false,^ t iʔi h p aʔa $,default
Tutla-23_above-1,,Tutla,23_above,nəgəʃ,nəgəʃ,n ə g ə ʃ,,Kondic2023,,false,^ n ə g ə ʃ $,default
Tutla-24_below-1,,Tutla,24_below,abat,abat,a b a t,,Kondic2023,,false,^ a b a t $,default
Tutla-25_ininside-1,,Tutla,25_ininside,təgoʔotʲ,təgoʔotʲ,t ə g o ʔ o tʲ,<təjk-oʔotʲ house-LOC  'inside the house',Kondic2023,,false,^ t ə g oʔo tʲ $,default
Tutla-26_at-1,,Tutla,26_at,majəʔə-həɲ,majəʔə-həɲ,m a j ə ʔ ə + h ə ɲ,< majəʔə-həɲ at-above,Kondic2023,,false,^ m a j əʔə - h ə ɲ $,default
Tutla-27_head-1,,Tutla,27_head,kubahk,kubahk,k u b a h k,,Kondic2023,,false,^ k u b a h k $,default
Tutla-28_hair-1,,Tutla,28_hair,kuwaʔaj,kuwaʔaj,k u w a ʔ a j,,Kondic2023,,false,^ k u w aʔa j $,default
Tutla-29_eye-1,,Tutla,29_eye,wiʔin,wiʔin,w i ʔ i n,,Kondic2023,,false,^ w iʔi n $,default
Tutla-30_nose-1,,Tutla,30_nose,həbut,həbut,h ə b u t,,Kondic2023,,false,^ h ə b u t $,default
Tutla-31_ear-1,,Tutla,31_ear,taʔats,taʔats,t a ʔ a ts,,Kondic2023,,false,^ t aʔa ts $,default
Tutla-32_mouth-1,,Tutla,32_mouth,aʔaw,aʔaw,a ʔ a w,,Kondic2023,,false,^ aʔa w $,default
Tutla-33_tongue-1,,Tutla,33_tongue,toʔots,toʔots,t o ʔ o ts,,Kondic2023,,false,^ t oʔo ts $,default
Tutla-34_tooth-1,,Tutla,34_tooth,təʔəts,təʔəts,t ə ʔ ə ts,,Kondic2023,,false,^ t əʔə ts $,default
Tutla-35_hand-1,,Tutla,35_hand,kəʔə,kəʔə,k ə ʔ ə,,Kondic2023,,false,^ k əʔə $,default
Tutla-36_shoulder-1,,Tutla,36_shoulder,kejkʲ,kejkʲ,k e j kʲ,,Kondic2023,,false,^ k e j kʲ $,default
Tutla-37_neck-1,,Tutla,37_neck,joʔk,joʔk,j o ʔ k,,Kondic2023,,false,^ j o ʔ k $,default
Tutla-38_back-1,,Tutla,38_back,həʔəʃ,həʔəʃ,h ə ʔ ə ʃ,,Kondic2023,,false,^ h əʔə ʃ $,default
Tutla-39_leg-1,,Tutla,39_leg,puʔuj,puʔuj,p u ʔ u j,,Kondic2023,,false,^ p uʔu j $,default
Tutla-40_blood-1,,Tutla,40_blood,neʔpʲ,neʔpʲ,n e ʔ pʲ,,Kondic2023,,false,^ n e ʔ pʲ $,default
Tutla-41_bone-1,,Tutla,41_bone,pahk,pahk,p a h k,,Kondic2023,,false,^ p a h k $,default
Tutla-42_skin-1,,Tutla,42_skin,niʔkʃ,niʔkʃ,n i ʔ k ʃ,,Kondic2023,,false,^ n i ʔ k ʃ $,default
Tutla-43_belly-1,,Tutla,43_belly,moʃ,moʃ,m o ʃ,,Kondic2023,,false,^ m o ʃ $,default
Tutla-44_intestines-1,,Tutla,44_intestines,tiʔintʲ,tiʔintʲ,t i ʔ i n tʲ,,Kondic2023,,false,^ t iʔi n tʲ $,default
Tutla-45_breast-1,,Tutla,45_breast,tsits,tsits,ts i ts,,Kondic2023,,false,^ ts i ts $,default
Tutla-46_liver-1,,Tutla,46_liver,hoʔot,hoʔot,h o ʔ o t,,Kondic2023,,false,^ h oʔo t $,default
Tutla-47_dog-1,,Tutla,47_dog,uk,uk,u k,,Kondic2023,,false,^ u k $,default
Tutla-48_bird-1,,Tutla,48_bird,hoʔon,hoʔon,h o ʔ o n,,Kondic2023,,false,^ h oʔo n $,default
Tutla-49_fish-1,,Tutla,49_fish,keʔepʲ,keʔepʲ,k e ʔ e pʲ,,Kondic2023,,false,^ k eʔe pʲ $,default
Tutla-50_snake-1,,Tutla,50_snake,tsaʔaɲ,tsaʔaɲ,ts a ʔ a ɲ,,Kondic2023,,false,^ ts aʔa ɲ $,default
Tutla-51_worm-1,,Tutla,51_worm,təʔənk,təʔənk,t ə ʔ ə n k,,Kondic2023,,false,^ t əʔə n k $,default
Tutla-52_louse-1,,Tutla,52_louse,aʔat,aʔat,a ʔ a t,,Kondic2023,,false,^ aʔa t $,default
Tutla-53_rat-1,,Tutla,53_rat,tsuʔuk,tsuʔuk,ts u ʔ u k,,Kondic2023,,false,^ ts uʔu k $,default
Tutla-54_spider-1,,Tutla,54_spider,poʔoʃʲ,poʔoʃʲ,p o ʔ o ʃʲ,,Kondic2023,,false,^ p oʔo ʃʲ $,default
Tutla-55_mosquito-1,,Tutla,55_mosquito,pəʔəʃ,pəʔəʃ,p ə ʔ ə ʃ,,Kondic2023,,false,^ p əʔə ʃ $,default
Tutla-56_egg-1,,Tutla,56_egg,tuʔutʲ,tuʔutʲ,t u ʔ u tʲ,,Kondic2023,,false,^ t uʔu tʲ $,default
Tutla-57_tail-1,,Tutla,57_tail,piʔiʃʲ,piʔiʃʲ,p i ʔ i ʃʲ,,Kondic2023,,false,^ p iʔi ʃʲ $,default
Tutla-58_wing-1,,Tutla,58_wing,kaʔak,kaʔak,k a ʔ a k,,Kondic2023,,false,^ k aʔa k $,default
Tutla-59_feather-1,,Tutla,59_feather,pəht,pəht,p ə h t,,Kondic2023,,false,^ p ə h t $,default
Tutla-60_person-1,,Tutla,60_person,haʔaj,haʔaj,h a ʔ a j,,Kondic2023,,false,^ h aʔa j $,default
Tutla-61_man-1,,Tutla,61_man,jətʲəhk,jətʲəhk,j ə tʲ ə h k,,Kondic2023,,false,^ j ə tʲ ə h k $,default
Tutla-62_woman-1,,Tutla,62_woman,təʃʲəhk,təʃʲəhk,t ə ʃʲ ə h k,,Kondic2023,,false,^ t ə ʃʲ ə h k $,default
Tutla-63_child-1,,Tutla,63_child,jajnaʔk,jajnaʔk,j a j n a ʔ k,,Kondic2023,,false,^ j a j n a ʔ k $,default
Tutla-64_name-1,,Tutla,64_name,ʃəʔəw,ʃəʔəw,ʃ ə ʔ ə w,,Kondic2023,,false,^ ʃ əʔə w $,default
Tutla-65_mother-1,,Tutla,65_mother,tah,tah,t a h,,Kondic2023,,false,^ t a h $,default
Tutla-66_father-1,,Tutla,66_father,teʔetʲ,teʔetʲ,t e ʔ e tʲ,,Kondic2023,,false,^ t eʔe tʲ $,default
Tutla-67_husband-1,,Tutla,67_husband,najapʲ,najapʲ,n a j a pʲ,,Kondic2023,,false,^ n a j a pʲ $,default
Tutla-68_wife-1,,Tutla,68_wife,təʃʲəhk,təʃʲəhk,t ə ʃʲ ə h k,,Kondic2023,,false,^ t ə ʃʲ ə h k $,default
Tutla-69_day-1,,Tutla,69_day,ʃəʔəw,ʃəʔəw,ʃ ə ʔ ə w,,Kondic2023,,false,^ ʃ əʔə w $,default
Tutla-70_night-1,,Tutla,70_night,koʔots,koʔots,k o ʔ o ts,,Kondic2023,,false,^ k oʔo ts $,default
Tutla-71_moon-1,,Tutla,71_moon,poʔo,poʔo,p o ʔ o,,Kondic2023,,false,^ p oʔo $,default
Tutla-72_star-1,,Tutla,72_star,matsaʔa,matsaʔa,m a ts a ʔ a,,Kondic2023,,false,^ m a ts aʔa $,default
Tutla-73_sky-1,,Tutla,73_sky,tsahp,tsahp,ts a h p,,Kondic2023,,false,^ ts a h p $,default
Tutla-74_water-1,,Tutla,74_water,nəʔə,nəʔə,n ə ʔ ə,,Kondic2023,,false,^ n əʔə $,default
Tutla-75_lake-1,,Tutla,75_lake,nəʔagom,nəʔagom,n ə ʔ a g o m,,Kondic2023,,false,^ n ə ʔ a g o m $,default
Tutla-76_sea-1,,Tutla,76_sea,mehʲ,mehʲ,m e hʲ,,Kondic2023,,false,^ m e hʲ $,default
Tutla-77_fire-1,,Tutla,77_fire,jəʔən,jəʔən,j ə ʔ ə n,,Kondic2023,,false,^ j əʔə n $,default
Tutla-78_smoke-1,,Tutla,78_smoke,hok,hok,h o k,,Kondic2023,,false,^ h o k $,default
Tutla-79_ash-1,,Tutla,79_ash,kujaʔam,kujaʔam,k u j a ʔ a m,,Kondic2023,,false,^ k u j aʔa m $,default
Tutla-80_stone-1,,Tutla,80_stone,tsaʔa,tsaʔa,ts a ʔ a,,Kondic2023,,false,^ ts aʔa $,default
Tutla-81_earthsoil-1,,Tutla,81_earthsoil,naʔaʃ,naʔaʃ,n a ʔ a ʃ,,Kondic2023,,false,^ n aʔa ʃ $,default
Tutla-82_dust-1,,Tutla,82_dust,naʔaʃʲ puʔu,naʔaʃʲ puʔu,n a ʔ a ʃʲ + p u ʔ u,,Kondic2023,,false,^ n aʔa ʃʲ + p uʔu $,default
Tutla-83_sand-1,,Tutla,83_sand,puʔu,puʔu,p u ʔ u,,Kondic2023,,false,^ p uʔu $,default
Tutla-84_rain-1,,Tutla,84_rain,tunəʔə,tunəʔə,t u n ə ʔ ə,,Kondic2023,,false,^ t u n əʔə $,default
Tutla-85_cloud-1,,Tutla,85_cloud,nəmaʔa,nəmaʔa,n ə m a ʔ a,,Kondic2023,,false,^ n ə m aʔa $,default
Tutla-86_wind-1,,Tutla,86_wind,poh,poh,p o h,,Kondic2023,,false,^ p o h $,default
Tutla-87_fog-1,,Tutla,87_fog,nəmæʔænk,nəmæʔænk,n ə m æ ʔ æ n k,,Kondic2023,,false,^ n ə m æ ʔ æ n k $,default
Tutla-88_thunder-1,,Tutla,88_thunder,anaʔa,anaʔa,a n a ʔ a,,Kondic2023,,false,^ a n aʔa $,default
Tutla-89_lightning-1,,Tutla,89_lightning,wutsuk,wutsuk,w u ts u k,,Kondic2023,,false,^ w u ts u k $,default
Tutla-90_meatflesh-1,,Tutla,90_meatflesh,tsuʔutʲ,tsuʔutʲ,ts u ʔ u tʲ,,Kondic2023,,false,^ ts uʔu tʲ $,default
Tutla-91_salt-1,,Tutla,91_salt,kaʔan,kaʔan,k a ʔ a n,,Kondic2023,,false,^ k aʔa n $,default
Tutla-92_fatgrease-1,,Tutla,92_fatgrease,on,on,o n,,Kondic2023,,false,^ o n $,default
Tutla-93_fruit-1,,Tutla,93_fruit,təʔəm,təʔəm,t ə ʔ ə m,,Kondic2023,,false,^ t əʔə m $,default
Tutla-94_woodsforest-1,,Tutla,94_woodsforest,juʔuk,juʔuk,j u ʔ u k,,Kondic2023,,false,^ j uʔu k $,default
Tutla-95_root-1,,Tutla,95_root,tiks,tiks,t i k s,,Kondic2023,,false,^ t i k s $,default
Tutla-96_branch-1,,Tutla,96_branch,kəʔəʔakʃ,kəʔəʔakʃ,k ə ʔ ə ʔ a k ʃ,,Kondic2023,,false,^ k əʔə ʔ a k ʃ $,default
Tutla-97_leaf-1,,Tutla,97_leaf,aʔaj,aʔaj,a ʔ a j,,Kondic2023,,false,^ aʔa j $,default
Tutla-98_wood-1,,Tutla,98_wood,kepʲ,kepʲ,k e pʲ,,Kondic2023,,false,^ k e pʲ $,default
Tutla-99_grass-1,,Tutla,99_grass,uhts,uhts,u h ts,,Kondic2023,,false,^ u h ts $,default
Tutla-100_flower-1,,Tutla,100_flower,pəhʲ,pəhʲ,p ə hʲ,,Kondic2023,,false,^ p ə hʲ $,default
Tutla-101_thatchroof-1,,Tutla,101_thatchroof,məʔəj,məʔəj,m ə ʔ ə j,,Kondic2023,,false,^ m əʔə j $,default
Tutla-102_house-1,,Tutla,102_house,təhk,təhk,t ə h k,,Kondic2023,,false,^ t ə h k $,default
Tutla-103_rope-1,,Tutla,103_rope,ʃaʔatʲ,ʃaʔatʲ,ʃ a ʔ a tʲ,,Kondic2023,,false,^ ʃ aʔa tʲ $,default
Tutla-104_needle-1,,Tutla,104_needle,ʃuʔuɲ,ʃuʔuɲ,ʃ u ʔ u ɲ,,Kondic2023,,false,^ ʃ uʔu ɲ $,default
Tutla-105_roadpath-1,,Tutla,105_roadpath,tuʔu,tuʔu,t u ʔ u,,Kondic2023,,false,^ t uʔu $,default
Tutla-106_black-1,,Tutla,106_black,tsiʃʲ,tsiʃʲ,ts i ʃʲ,,Kondic2023,,false,^ ts i ʃʲ $,default
Tutla-107_white-1,,Tutla,107_white,poʔop,poʔop,p o ʔ o p,,Kondic2023,,false,^ p oʔo p $,default
Tutla-108_red-1,,Tutla,108_red,tsaps,tsaps,ts a p s,,Kondic2023,,false,^ ts a p s $,default
Tutla-109_green-1,,Tutla,109_green,tsuʃ,tsuʃ,ts u ʃ,,Kondic2023,,false,^ ts u ʃ $,default
Tutla-110_yellow-1,,Tutla,110_yellow,puʔts,puʔts,p u ʔ ts,,Kondic2023,,false,^ p u ʔ ts $,default
Tutla-111_big-1,,Tutla,111_big,məh,məh,m ə h,,Kondic2023,,false,^ m ə h $,default
Tutla-112_small-1,,Tutla,112_small,muts,muts,m u ts,,Kondic2023,,false,^ m u ts $,default
Tutla-113_long-1,,Tutla,113_long,joɲ,joɲ,j o ɲ,,Kondic2023,,false,^ j o ɲ $,default
Tutla-114_short-1,,Tutla,114_short,kon,kon,k o n,,Kondic2023,,false,^ k o n $,default
Tutla-115_thick-1,,Tutla,115_thick,mapʃʲ,mapʃʲ,m a p ʃʲ,,Kondic2023,,false,^ m a p ʃʲ $,default
Tutla-116_thin-1,,Tutla,116_thin,pehʲ,pehʲ,p e hʲ,,Kondic2023,,false,^ p e hʲ $,default
Tutla-117_narrow-1,,Tutla,117_narrow,ʃuʔuts,ʃuʔuts,ʃ u ʔ u ts,,Kondic2023,,false,^ ʃ uʔu ts $,default
Tutla-118_wide-1,,Tutla,118_wide,məhwiʔin,məhwiʔin,m ə h w i ʔ i n,,Kondic2023,,false,^ m ə h w iʔi n $,default
Tutla-119_sharp-1,,Tutla,119_sharp,həhpʃuʔuɲ,həhpʃuʔuɲ,h ə h p ʃ u ʔ u ɲ,,Kondic2023,,false,^ h ə h p ʃ uʔu ɲ $,default
Tutla-120_bluntdull-1,,Tutla,120_bluntdull,həhmuʔum,həhmuʔum,h ə h m u ʔ u m,,Kondic2023,,false,^ h ə h m uʔu m $,default
Tutla-121_shyashamed-1,,Tutla,121_shyashamed,tsujuʔun,tsujuʔun,ts u j u ʔ u n,,Kondic2023,,false,^ ts u j uʔu n $,default
Tutla-122_old-1,,Tutla,122_old,amdəhk,amdəhk,a m d ə h k,,Kondic2023,,false,^ a m d ə h k $,default
Tutla-123_painfulsick-1,,Tutla,123_painfulsick,tsaʔatʲ,tsaʔatʲ,ts a ʔ a tʲ,,Kondic2023,,false,^ ts aʔa tʲ $,default
Tutla-124_good-1,,Tutla,124_good,oj,oj,o j,,Kondic2023,,false,^ o j $,default
Tutla-125_bad-1,,Tutla,125_bad,hawək,hawək,h a w ə k,,Kondic2023,,false,^ h a w ə k $,default
Tutla-126_correcttrue-1,,Tutla,126_correcttrue,haʔantʲ,haʔantʲ,h a ʔ a n tʲ,,Kondic2023,,false,^ h aʔa n tʲ $,default
Tutla-127_dirty-1,,Tutla,127_dirty,kap wjaʔadzətʲ,kap wjaʔadzətʲ,k a p + w j a ʔ a dz ə tʲ,<'not clean',Kondic2023,,false,^ k a p + w j aʔa dz ə tʲ $,default
Tutla-128_rotten-1,,Tutla,128_rotten,puʔuts,puʔuts,p u ʔ u ts,,Kondic2023,,false,^ p uʔu ts $,default
Tutla-129_all-1,,Tutla,129_all,ətʲʔahtəm,ətʲʔahtəm,ə tʲ ʔ a h t ə m,,Kondic2023,,false,^ ə tʲ ʔ a h t ə m $,default
Tutla-130_heavy-1,,Tutla,130_heavy,hempʃʲ,hempʃʲ,h e m p ʃʲ,,Kondic2023,,false,^ h e m p ʃʲ $,default
Tutla-131_far-1,,Tutla,131_far,hagam,hagam,h a g a m,,Kondic2023,,false,^ h a g a m $,default
Tutla-132_near-1,,Tutla,132_near,wingon,wingon,w i n g o n,,Kondic2023,,false,^ w i n g o n $,default
Tutla-133_warm-1,,Tutla,133_warm,ambə,ambə,a m b ə,,Kondic2023,,false,^ a m b ə $,default
Tutla-134_cold-1,,Tutla,134_cold,təʔətʲ,təʔətʲ,t ə ʔ ə tʲ,,Kondic2023,,false,^ t əʔə tʲ $,default
Tutla-135_dry-1,,Tutla,135_dry,təʔəts,təʔəts,t ə ʔ ə ts,Imperative,Kondic2023,,false,^ t əʔə ts $,default
Tutla-136_wet-1,,Tutla,136_wet,ʃoʔok,ʃoʔok,ʃ o ʔ o k,,Kondic2023,,false,^ ʃ oʔo k $,default
Tutla-137_new-1,,Tutla,137_new,hemʲ,hemʲ,h e mʲ,,Kondic2023,,false,^ h e mʲ $,default
Tutla-138_other-1,,Tutla,138_other,wiʔimba,wiʔimba,w i ʔ i m b a,,Kondic2023,,false,^ w iʔi m b a $,default
Tutla-139_come-1,,Tutla,139_come,haʔat,haʔat,h a ʔ a t,Imperative,Kondic2023,,false,^ h aʔa t $,default
Tutla-140_walk-1,,Tutla,140_walk,joʔoj,joʔoj,j o ʔ o j,Imperative,Kondic2023,,false,^ j oʔo j $,default
Tutla-141_grow-1,,Tutla,141_grow,jeʔekʲ,jeʔekʲ,j e ʔ e kʲ,jeʔek-j grow-PPL < jeʔek- 'to grow',Kondic2023,,false,^ j eʔe kʲ $,default
Tutla-142_stand-1,,Tutla,142_stand,tənaw,tənaw,t ə n a w,tən-aw stand-IMP 'stand!',Kondic2023,,false,^ t ə n a w $,default
Tutla-143_sit-1,,Tutla,143_sit,uɲaw,uɲaw,u ɲ a w,< uɲ-aw  sit-IMP 'sit!',Kondic2023,,false,^ u ɲ a w $,default
Tutla-144_fall-1,,Tutla,144_fall,kaʔaw,kaʔaw,k a ʔ a w,<'he fell down',Kondic2023,,false,^ k aʔa w $,default
Tutla-145_liedown-1,,Tutla,145_liedown,nikʲoʔogəʔə,nikʲoʔogəʔə,n i kʲ o ʔ o g ə ʔ ə,Imperative,Kondic2023,,false,^ n i kʲ oʔo g əʔə $,default
Tutla-146_turn-1,,Tutla,146_turn,wimbit,wimbit,w i m b i t,Imperative,Kondic2023,,false,^ w i m b i t $,default
Tutla-147_climb-1,,Tutla,147_climb,pat,pat,p a t,Imperative,Kondic2023,,false,^ p a t $,default
Tutla-148_swim-1,,Tutla,148_swim,jaʔaj,jaʔaj,j a ʔ a j,Imperative,Kondic2023,,false,^ j aʔa j $,default
Tutla-149_flyverb-1,,Tutla,149_flyverb,hajəj,hajəj,h a j ə j,< haj-əj fly-IMP 'fly!' < haj- 'to fly',Kondic2023,,false,^ h a j ə j $,default
Tutla-150_throw-1,,Tutla,150_throw,kaʔtskaʔak,kaʔtskaʔak,k a ʔ ts k a ʔ a k,< kaʔts-kaʔak trow-? 'trow (it)' < kaʔts- 'to throw',Kondic2023,,false,^ k a ʔ ts k aʔa k $,default
Tutla-151_hide-1,,Tutla,151_hide,nəjuʔutsəʔə,nəjuʔutsəʔə,n ə j u ʔ u ts ə ʔ ə,Imperative,Kondic2023,,false,^ n ə j uʔu ts əʔə $,default
Tutla-152_chew-1,,Tutla,152_chew,abuʔujəʔəj,abuʔujəʔəj,a b u ʔ u j ə ʔ ə j,Imperative,Kondic2023,,false,^ a b uʔu j əʔə j $,default
Tutla-153_eat-1,,Tutla,153_eat,kaj,kaj,k a j,Imperative,Kondic2023,,false,^ k a j $,default
Tutla-154_drink-1,,Tutla,154_drink,uʔuk,uʔuk,u ʔ u k,Imperative,Kondic2023,,false,^ uʔu k $,default
Tutla-155_bite-1,,Tutla,155_bite,jahtsuʔutsəʔə,jahtsuʔutsəʔə,j a h ts u ʔ u ts ə ʔ ə,Imperative,Kondic2023,,false,^ j a h ts uʔu ts əʔə $,default
Tutla-156_suck-1,,Tutla,156_suck,tsiʔits,tsiʔits,ts i ʔ i ts,Imperative,Kondic2023,,false,^ ts iʔi ts $,default
Tutla-157_yawn-1,,Tutla,157_yawn,awoʔots,awoʔots,a w o ʔ o ts,Imperative,Kondic2023,,false,^ a w oʔo ts $,default
Tutla-158_spit-1,,Tutla,158_spit,tsuh,tsuh,ts u h,Imperative,Kondic2023,,false,^ ts u h $,default
Tutla-159_dream-1,,Tutla,159_dream,kumaw,kumaw,k u m a w,< kum-aw  dream-IMP 'dream!',Kondic2023,,false,^ k u m a w $,default
Tutla-160_sleep-1,,Tutla,160_sleep,maw,maw,m a w,Imperative,Kondic2023,,false,^ m a w $,default
Tutla-161_live-1,,Tutla,161_live,hʲuhkjahtən,hʲuhkjahtən,hʲ u h k j a h t ə n,hʲuhkjahtən 'life' < -jaht- 'to live/exist',Kondic2023,,false,^ hʲ u h k j a h t ə n $,default
Tutla-162_die-1,,Tutla,162_die,aʔakʲ,aʔakʲ,a ʔ a kʲ,Imperative,Kondic2023,,false,^ aʔa kʲ $,default
Tutla-163_kill-1,,Tutla,163_kill,jahʔæʔækʲ,jahʔæʔækʲ,j a h ʔ æ ʔ æ kʲ,< jah-ʔæʔækʲ  CAUS-die-? 'he killed (it)',Kondic2023,,false,^ j a h ʔ æ ʔ æ kʲ $,default
Tutla-164_see-1,,Tutla,164_see,iʃ,iʃ,i ʃ,Imperative,Kondic2023,,false,^ i ʃ $,default
Tutla-165_hear-1,,Tutla,165_hear,mədow,mədow,m ə d o w,Imperative,Kondic2023,,false,^ m ə d o w $,default
Tutla-166_sniffsmell-1,,Tutla,166_sniffsmell,ʃugat,ʃugat,ʃ u g a t,Imperative,Kondic2023,,false,^ ʃ u g a t $,default
Tutla-167_know-1,,Tutla,167_know,wihjahtən,wihjahtən,w i h j a h t ə n,< wihʲ-ahtən know-? 'knowledge' < wihʲ- 'to know',Kondic2023,,false,^ w i h j a h t ə n $,default
Tutla-168_think-1,,Tutla,168_think,winmaʔaj,winmaʔaj,w i n m a ʔ a j,<win-maʔaj think-? 'think (about it)' <win- 'to think',Kondic2023,,false,^ w i n m aʔa j $,default
Tutla-169_laugh-1,,Tutla,169_laugh,ʃiʔik,ʃiʔik,ʃ i ʔ i k,Imperative,Kondic2023,,false,^ ʃ iʔi k $,default
Tutla-170_cry-1,,Tutla,170_cry,jaʔaʃ,jaʔaʃ,j a ʔ a ʃ,Imperative,Kondic2023,,false,^ j aʔa ʃ $,default
Tutla-171_blow-1,,Tutla,171_blow,pohp,pohp,p o h p,< poh-p  blow-GR 'it blows' < poh- 'to blow',Kondic2023,,false,^ p o h p $,default
Tutla-172_burn-1,,Tutla,172_burn,toj,toj,t o j,< burnt,Kondic2023,,false,^ t o j $,default
Tutla-173_flow-1,,Tutla,173_flow,jæʔæpʲ,jæʔæpʲ,j æ ʔ æ pʲ,< jæʔæp-ʲ flow-GR  'flows' < jæʔæp- 'to flow',Kondic2023,,false,^ j æ ʔ æ pʲ $,default
Tutla-174_sew-1,,Tutla,174_sew,ʃuj,ʃuj,ʃ u j,Imperative,Kondic2023,,false,^ ʃ u j $,default
Tutla-175_pound-1,,Tutla,175_pound,maʔaw,maʔaw,m a ʔ a w,Imperative,Kondic2023,,false,^ m aʔa w $,default
Tutla-176_hit-1,,Tutla,176_hit,wop,wop,w o p,Imperative,Kondic2023,,false,^ w o p $,default
Tutla-177_cut-1,,Tutla,177_cut,puʃ,puʃ,p u ʃ,Imperative,Kondic2023,,false,^ p u ʃ $,default
Tutla-178_split-1,,Tutla,178_split,jahwakʃ,jahwakʃ,j a h w a k ʃ,< jah-wakʃ  CAUS-split 'split (it)!' < jahwakʃ- 'to split',Kondic2023,,false,^ j a h w a k ʃ $,default
Tutla-179_dig-1,,Tutla,179_dig,nədahəʔəw,nədahəʔəw,n ə d a h ə ʔ ə w,<nədah-əʔəw dig-IMP 'dig (it)!',Kondic2023,,false,^ n ə d a h əʔə w $,default
Tutla-180_hunt-1,,Tutla,180_hunt,pabow,pabow,p a b o w,pab-ow  hunt-IMP 'hunt (it)!',Kondic2023,,false,^ p a b o w $,default
Tutla-181_hold-1,,Tutla,181_hold,mədaʔt,mədaʔt,m ə d a ʔ t,< mət-aʔt hold-? < mət- 'to hold',Kondic2023,,false,^ m ə d a ʔ t $,default
Tutla-182_fear-1,,Tutla,182_fear,tsəgəʔəw,tsəgəʔəw,ts ə g ə ʔ ə w,<tsəg-əʔəw  fear-? 'fear!' < tsəg- 'to fear',Kondic2023,,false,^ ts ə g əʔə w $,default
Tutla-183_count-1,,Tutla,183_count,mətʲow,mətʲow,m ə tʲ o w,< mətʲ-ow count-IMPER 'count!' < mətʲ- 'to count',Kondic2023,,false,^ m ə tʲ o w $,default
Tutla-184_breathe-1,,Tutla,184_breathe,ʃah,ʃah,ʃ a h,Imperative,Kondic2023,,false,^ ʃ a h $,default
Tutla-185_vomit-1,,Tutla,185_vomit,əʔəts,əʔəts,ə ʔ ə ts,Imperative,Kondic2023,,false,^ əʔə ts $,default
Tutla-186_tieup-1,,Tutla,186_tieup,ʃots,ʃots,ʃ o ts,Imperative,Kondic2023,,false,^ ʃ o ts $,default
Tutla-187_squeeze-1,,Tutla,187_squeeze,məkʃ,məkʃ,m ə k ʃ,Imperative,Kondic2023,,false,^ m ə k ʃ $,default
Tutla-188_swell-1,,Tutla,188_swell,jahkiʔiʃəʔəj,jahkiʔiʃəʔəj,j a h k i ʔ i ʃ ə ʔ ə j,<jahk-iʔiʃ-əʔəj CAUS-swell-PPL 'swollen' < iʔiʃ- 'to swell',Kondic2023,,false,^ j a h k iʔi ʃ əʔə j $,default
Tutla-189_say-1,,Tutla,189_say,nəmaʔaw,nəmaʔaw,n ə m a ʔ a w,< nəm-aʔaw say-IMP 'say (it)',Kondic2023,,false,^ n ə m aʔa w $,default
Tutla-190_scratch-1,,Tutla,190_scratch,woʔok,woʔok,w o ʔ o k,Imperative,Kondic2023,,false,^ w oʔo k $,default
Tutla-191_stab-1,,Tutla,191_stab,kum,kum,k u m,Imperatie,Kondic2023,,false,^ k u m $,default
Tutla-192_buy-1,,Tutla,192_buy,huj,huj,h u j,Imperative,Kondic2023,,false,^ h u j $,default
Tutla-193_steal-1,,Tutla,193_steal,maʔats,maʔats,m a ʔ a ts,Imperative,Kondic2023,,false,^ m aʔa ts $,default
Tutla-194_choose-1,,Tutla,194_choose,winiʔiʃ,winiʔiʃ,w i n i ʔ i ʃ,Imperative,Kondic2023,,false,^ w i n iʔi ʃ $,default
Tutla-195_plant-1,,Tutla,195_plant,koh,koh,k o h,Imperative,Kondic2023,,false,^ k o h $,default
Tutla-196_cook-1,,Tutla,196_cook,jahkəʔəw,jahkəʔəw,j a h k ə ʔ ə w,<jahk-əʔəw  make-eat 'cook!',Kondic2023,,false,^ j a h k əʔə w $,default
Tutla-197_shoot-1,,Tutla,197_shoot,tuh,tuh,t u h,Imperative,Kondic2023,,false,^ t u h $,default
Tutla-198_work-1,,Tutla,198_work,tuɲ,tuɲ,t u ɲ,Imperative < tun- 'to work',Kondic2023,,false,^ t u ɲ $,default
Tutla-199_open-1,,Tutla,199_open,awaʔats,awaʔats,a w a ʔ a ts,< aw-aʔats open-PPL 'opened' < aw- 'to open',Kondic2023,,false,^ a w aʔa ts $,default
Zacatepec-1_one-1,,Zacatepec,1_one,tuʔuk,tuʔuk,t u ʔ u k,,Kondic2019,,false,^ t uʔu k $,default
Zacatepec-2_two-1,,Zacatepec,2_two,mahtsk,mahtsk,m a h ts k,,Kondic2019,,false,^ m a h ts k $,default
Zacatepec-3_three-1,,Zacatepec,3_three,təgəʔək,təgəʔək,t ə g ə ʔ ə k,,Kondic2019,,false,^ t ə g əʔə k $,default
Zacatepec-4_four-1,,Zacatepec,4_four,maktaʔaʃk,maktaʔaʃk,m a k t a ʔ a ʃ k,,Kondic2019,,false,^ m a k t aʔa ʃ k $,default
Zacatepec-5_year-1,,Zacatepec,5_year,huməht,huməht,h u m ə h t,,Kondic2019,,false,^ h u m ə h t $,default
Zacatepec-6_right-1,,Zacatepec,6_right,agaʔaɲ,agaʔaɲ,a g a ʔ a ɲ,,Kondic2019,,false,^ a g aʔa ɲ $,default
Zacatepec-7_left-1,,Zacatepec,7_left,anahʲ,anahʲ,a n a hʲ,,Kondic2019,,false,^ a n a hʲ $,default
Zacatepec-8_i-1,,Zacatepec,8_i,əʔəts,əʔəts,ə ʔ ə ts,,Kondic2019,,false,^ əʔə ts $,default
Zacatepec-10_weallincl-1,,Zacatepec,10_weallincl,əʔətsətʲ,əʔətsətʲ,ə ʔ ə ts ə tʲ,,Kondic2019,,false,^ əʔə ts ə tʲ $,default
Zacatepec-11_yousg-1,,Zacatepec,11_yousg,mihts,mihts,m i h ts,,Kondic2019,,false,^ m i h ts $,default
Zacatepec-12_heshe-1,,Zacatepec,12_heshe,jəʔə,jəʔə,j ə ʔ ə,,Kondic2019,,false,^ j əʔə $,default
Zacatepec-13_theyall-1,,Zacatepec,13_theyall,miʔidətʲ,miʔidətʲ,m i ʔ i d ə tʲ,,Kondic2019,,false,^ m iʔi d ə tʲ $,default
Zacatepec-14_nonot-1,,Zacatepec,14_nonot,kah,kah,k a h,,Kondic2019,,false,^ k a h $,default
Zacatepec-15_what-1,,Zacatepec,15_what,tiʔi ko,tiʔi ko,t i ʔ i + k o,,Kondic2019,,false,^ t iʔi + k o $,default
Zacatepec-16_who-1,,Zacatepec,16_who,pən,pən,p ə n,,Kondic2019,,false,^ p ə n $,default
Zacatepec-17_where-1,,Zacatepec,17_where,maʔatsow,maʔatsow,m a ʔ a ts o w,,Kondic2019,,false,^ m aʔa ts o w $,default
Zacatepec-18_when-1,,Zacatepec,18_when,wanaʔan,wanaʔan,w a n a ʔ a n,,Kondic2019,,false,^ w a n aʔa n $,default
Zacatepec-19_how-1,,Zacatepec,19_how,ntsoʔo,ntsoʔo,n ts o ʔ o,,Kondic2019,,false,^ n ts oʔo $,default
Zacatepec-20_this-1,,Zacatepec,20_this,jəʔə,jəʔə,j ə ʔ ə,,Kondic2019,,false,^ j əʔə $,default
Zacatepec-21_that-1,,Zacatepec,21_that,hamədə,hamədə,h a m ə d ə,,Kondic2019,,false,^ h a m ə d ə $,default
Zacatepec-22_and-1,,Zacatepec,22_and,its,its,i ts,,Kondic2019,,false,^ i ts $,default
Zacatepec-23_above-1,,Zacatepec,23_above,nigəhʃp,nigəhʃp,n i g ə h ʃ p,,Kondic2019,,false,^ n i g ə h ʃ p $,default
Zacatepec-24_below-1,,Zacatepec,24_below,patkʲeʔep,patkʲeʔep,p a t kʲ e ʔ e p,,Kondic2019,,false,^ p a t kʲ eʔe p $,default
Zacatepec-25_ininside-1,,Zacatepec,25_ininside,təgoʔotʲ,təgoʔotʲ,t ə g o ʔ o tʲ,,Kondic2019,,false,^ t ə g oʔo tʲ $,default
Zacatepec-26_at-1,,Zacatepec,26_at,ham,ham,h a m,,Kondic2019,,false,^ h a m $,default
Zacatepec-27_head-1,,Zacatepec,27_head,kowahk,kowahk,k o w a h k,,Kondic2019,,false,^ k o w a h k $,default
Zacatepec-28_hair-1,,Zacatepec,28_hair,kowahkwaʔaj,kowahkwaʔaj,k o w a h k w a ʔ a j,,Kondic2019,,false,^ k o w a h k w aʔa j $,default
Zacatepec-29_eye-1,,Zacatepec,29_eye,wiʔin,wiʔin,w i ʔ i n,,Kondic2019,,false,^ w iʔi n $,default
Zacatepec-30_nose-1,,Zacatepec,30_nose,həp,həp,h ə p,,Kondic2019,,false,^ h ə p $,default
Zacatepec-31_ear-1,,Zacatepec,31_ear,taʔatsk,taʔatsk,t a ʔ a ts k,,Kondic2019,,false,^ t aʔa ts k $,default
Zacatepec-32_mouth-1,,Zacatepec,32_mouth,aʔaw,aʔaw,a ʔ a w,,Kondic2019,,false,^ aʔa w $,default
Zacatepec-33_tongue-1,,Zacatepec,33_tongue,toʔots,toʔots,t o ʔ o ts,,Kondic2019,,false,^ t oʔo ts $,default
Zacatepec-34_tooth-1,,Zacatepec,34_tooth,təʔəts,təʔəts,t ə ʔ ə ts,,Kondic2019,,false,^ t əʔə ts $,default
Zacatepec-35_hand-1,,Zacatepec,35_hand,kəʔə,kəʔə,k ə ʔ ə,,Kondic2019,,false,^ k əʔə $,default
Zacatepec-36_shoulder-1,,Zacatepec,36_shoulder,kejkʲ,kejkʲ,k e j kʲ,,Kondic2019,,false,^ k e j kʲ $,default
Zacatepec-37_neck-1,,Zacatepec,37_neck,jokt,jokt,j o k t,,Kondic2019,,false,^ j o k t $,default
Zacatepec-38_back-1,,Zacatepec,38_back,həʔəʃk,həʔəʃk,h ə ʔ ə ʃ k,,Kondic2019,,false,^ h əʔə ʃ k $,default
Zacatepec-39_leg-1,,Zacatepec,39_leg,puʔuj,puʔuj,p u ʔ u j,,Kondic2019,,false,^ p uʔu j $,default
Zacatepec-40_blood-1,,Zacatepec,40_blood,nepʲ,nepʲ,n e pʲ,,Kondic2019,,false,^ n e pʲ $,default
Zacatepec-41_bone-1,,Zacatepec,41_bone,pahk,pahk,p a h k,,Kondic2019,,false,^ p a h k $,default
Zacatepec-42_skin-1,,Zacatepec,42_skin,neʔak,neʔak,n e ʔ a k,,Kondic2019,,false,^ n e ʔ a k $,default
Zacatepec-43_belly-1,,Zacatepec,43_belly,hoʔot,hoʔot,h o ʔ o t,,Kondic2019,,false,^ h oʔo t $,default
Zacatepec-44_intestines-1,,Zacatepec,44_intestines,tiʔintʲ,tiʔintʲ,t i ʔ i n tʲ,,Kondic2019,,false,^ t iʔi n tʲ $,default
Zacatepec-45_breast-1,,Zacatepec,45_breast,tsiʔitsk,tsiʔitsk,ts i ʔ i ts k,,Kondic2019,,false,^ ts iʔi ts k $,default
Zacatepec-46_liver-1,,Zacatepec,46_liver,nij,nij,n i j,,Kondic2019,,false,^ n i j $,default
Zacatepec-47_dog-1,,Zacatepec,47_dog,uk,uk,u k,,Kondic2019,,false,^ u k $,default
Zacatepec-48_bird-1,,Zacatepec,48_bird,hoʔon,hoʔon,h o ʔ o n,,Kondic2019,,false,^ h oʔo n $,default
Zacatepec-49_fish-1,,Zacatepec,49_fish,ahkʃ,ahkʃ,a h k ʃ,,Kondic2019,,false,^ a h k ʃ $,default
Zacatepec-50_snake-1,,Zacatepec,50_snake,tsaʔaɲ,tsaʔaɲ,ts a ʔ a ɲ,,Kondic2019,,false,^ ts aʔa ɲ $,default
Zacatepec-51_worm-1,,Zacatepec,51_worm,tənək,tənək,t ə n ə k,,Kondic2019,,false,^ t ə n ə k $,default
Zacatepec-52_louse-1,,Zacatepec,52_louse,at,at,a t,,Kondic2019,,false,^ a t $,default
Zacatepec-53_rat-1,,Zacatepec,53_rat,tsuk,tsuk,ts u k,,Kondic2019,,false,^ ts u k $,default
Zacatepec-54_spider-1,,Zacatepec,54_spider,poʔoʃp,poʔoʃp,p o ʔ o ʃ p,,Kondic2019,,false,^ p oʔo ʃ p $,default
Zacatepec-55_mosquito-1,,Zacatepec,55_mosquito,uʔuʃ,uʔuʃ,u ʔ u ʃ,,Kondic2019,,false,^ uʔu ʃ $,default
Zacatepec-56_egg-1,,Zacatepec,56_egg,tutuʔutʲ,tutuʔutʲ,t u t u ʔ u tʲ,,Kondic2019,,false,^ t u t uʔu tʲ $,default
Zacatepec-57_tail-1,,Zacatepec,57_tail,piʔiʃʲ,piʔiʃʲ,p i ʔ i ʃʲ,,Kondic2019,,false,^ p iʔi ʃʲ $,default
Zacatepec-58_wing-1,,Zacatepec,58_wing,kʲaʔakʲ,kʲaʔakʲ,kʲ a ʔ a kʲ,,Kondic2019,,false,^ kʲ aʔa kʲ $,default
Zacatepec-59_feather-1,,Zacatepec,59_feather,hʲəʔəmk,hʲəʔəmk,hʲ ə ʔ ə m k,,Kondic2019,,false,^ hʲ əʔə m k $,default
Zacatepec-60_person-1,,Zacatepec,60_person,haʔaj,haʔaj,h a ʔ a j,,Kondic2019,,false,^ h aʔa j $,default
Zacatepec-61_man-1,,Zacatepec,61_man,jətʲəhk,jətʲəhk,j ə tʲ ə h k,,Kondic2019,,false,^ j ə tʲ ə h k $,default
Zacatepec-62_woman-1,,Zacatepec,62_woman,toʃtʲəhk,toʃtʲəhk,t o ʃ tʲ ə h k,,Kondic2019,,false,^ t o ʃ tʲ ə h k $,default
Zacatepec-63_child-1,,Zacatepec,63_child,pikuŋ,pikuŋ,p i k u ŋ,,Kondic2019,,false,^ p i k u ŋ $,default
Zacatepec-64_name-1,,Zacatepec,64_name,jiʔitʲəhk,jiʔitʲəhk,j i ʔ i tʲ ə h k,,Kondic2019,,false,^ j iʔi tʲ ə h k $,default
Zacatepec-65_mother-1,,Zacatepec,65_mother,taʔak,taʔak,t a ʔ a k,,Kondic2019,,false,^ t aʔa k $,default
Zacatepec-66_father-1,,Zacatepec,66_father,teʔetʲ,teʔetʲ,t e ʔ e tʲ,,Kondic2019,,false,^ t eʔe tʲ $,default
Zacatepec-67_husband-1,,Zacatepec,67_husband,niʔitʲəhk,niʔitʲəhk,n i ʔ i tʲ ə h k,,Kondic2019,,false,^ n iʔi tʲ ə h k $,default
Zacatepec-68_wife-1,,Zacatepec,68_wife,tʲoʃtʲəhk,tʲoʃtʲəhk,tʲ o ʃ tʲ ə h k,,Kondic2019,,false,^ tʲ o ʃ tʲ ə h k $,default
Zacatepec-69_day-1,,Zacatepec,69_day,ʃəʔəɲ,ʃəʔəɲ,ʃ ə ʔ ə ɲ,,Kondic2019,,false,^ ʃ əʔə ɲ $,default
Zacatepec-70_night-1,,Zacatepec,70_night,koʔots,koʔots,k o ʔ o ts,,Kondic2019,,false,^ k oʔo ts $,default
Zacatepec-71_moon-1,,Zacatepec,71_moon,poʔo,poʔo,p o ʔ o,,Kondic2019,,false,^ p oʔo $,default
Zacatepec-72_star-1,,Zacatepec,72_star,maʔatsaʔa,maʔatsaʔa,m a ʔ a ts a ʔ a,,Kondic2019,,false,^ m aʔa ts aʔa $,default
Zacatepec-73_sky-1,,Zacatepec,73_sky,tsahp,tsahp,ts a h p,,Kondic2019,,false,^ ts a h p $,default
Zacatepec-74_water-1,,Zacatepec,74_water,nəʔə,nəʔə,n ə ʔ ə,,Kondic2019,,false,^ n əʔə $,default
Zacatepec-75_lake-1,,Zacatepec,75_lake,nəʔəʔamehʲ,nəʔəʔamehʲ,n ə ʔ ə ʔ a m e hʲ,,Kondic2019,,false,^ n əʔə ʔ a m e hʲ $,default
Zacatepec-76_sea-1,,Zacatepec,76_sea,məhnəʔə,məhnəʔə,m ə h n ə ʔ ə,,Kondic2019,,false,^ m ə h n əʔə $,default
Zacatepec-77_fire-1,,Zacatepec,77_fire,həʔənjank,həʔənjank,h ə ʔ ə n j a n k,,Kondic2019,,false,^ h əʔə n j a n k $,default
Zacatepec-78_smoke-1,,Zacatepec,78_smoke,həʔənok,həʔənok,h ə ʔ ə n o k,,Kondic2019,,false,^ h əʔə n o k $,default
Zacatepec-79_ash-1,,Zacatepec,79_ash,həʔəmbuk,həʔəmbuk,h ə ʔ ə m b u k,,Kondic2019,,false,^ h əʔə m b u k $,default
Zacatepec-80_stone-1,,Zacatepec,80_stone,tsaʔa,tsaʔa,ts a ʔ a,,Kondic2019,,false,^ ts aʔa $,default
Zacatepec-81_earthsoil-1,,Zacatepec,81_earthsoil,naaʃ,naaʃ,n a a ʃ,,Kondic2019,,false,^ n a a ʃ $,default
Zacatepec-82_dust-1,,Zacatepec,82_dust,puʔuʃ,puʔuʃ,p u ʔ u ʃ,,Kondic2019,,false,^ p uʔu ʃ $,default
Zacatepec-83_sand-1,,Zacatepec,83_sand,puʔunaʔaʃ,puʔunaʔaʃ,p u ʔ u n a ʔ a ʃ,,Kondic2019,,false,^ p uʔu n aʔa ʃ $,default
Zacatepec-84_rain-1,,Zacatepec,84_rain,tuʔu,tuʔu,t u ʔ u,,Kondic2019,,false,^ t uʔu $,default
Zacatepec-85_cloud-1,,Zacatepec,85_cloud,hok,hok,h o k,,Kondic2019,,false,^ h o k $,default
Zacatepec-86_wind-1,,Zacatepec,86_wind,poh,poh,p o h,,Kondic2019,,false,^ p o h $,default
Zacatepec-87_fog-1,,Zacatepec,87_fog,tuʔuhok,tuʔuhok,t u ʔ u h o k,,Kondic2019,,false,^ t uʔu h o k $,default
Zacatepec-88_thunder-1,,Zacatepec,88_thunder,anaʔaw,anaʔaw,a n a ʔ a w,,Kondic2019,,false,^ a n aʔa w $,default
Zacatepec-89_lightning-1,,Zacatepec,89_lightning,wintsuk,wintsuk,w i n ts u k,,Kondic2019,,false,^ w i n ts u k $,default
Zacatepec-90_meatflesh-1,,Zacatepec,90_meatflesh,tsuʔutʲ,tsuʔutʲ,ts u ʔ u tʲ,,Kondic2019,,false,^ ts uʔu tʲ $,default
Zacatepec-91_salt-1,,Zacatepec,91_salt,kaʔan,kaʔan,k a ʔ a n,,Kondic2019,,false,^ k aʔa n $,default
Zacatepec-92_fatgrease-1,,Zacatepec,92_fatgrease,omp,omp,o m p,,Kondic2019,,false,^ o m p $,default
Zacatepec-93_fruit-1,,Zacatepec,93_fruit,uhtstəʔəm,uhtstəʔəm,u h ts t ə ʔ ə m,,Kondic2019,,false,^ u h ts t əʔə m $,default
Zacatepec-94_woodsforest-1,,Zacatepec,94_woodsforest,juʔukhotʲ,juʔukhotʲ,j u ʔ u k h o tʲ,,Kondic2019,,false,^ j uʔu k h o tʲ $,default
Zacatepec-95_root-1,,Zacatepec,95_root,oʃʲk,oʃʲk,o ʃʲ k,,Kondic2019,,false,^ o ʃʲ k $,default
Zacatepec-96_branch-1,,Zacatepec,96_branch,nak,nak,n a k,,Kondic2019,,false,^ n a k $,default
Zacatepec-97_leaf-1,,Zacatepec,97_leaf,aʔaj,aʔaj,a ʔ a j,,Kondic2019,,false,^ aʔa j $,default
Zacatepec-98_wood-1,,Zacatepec,98_wood,kepʲ,kepʲ,k e pʲ,,Kondic2019,,false,^ k e pʲ $,default
Zacatepec-99_grass-1,,Zacatepec,99_grass,aʔajuhts,aʔajuhts,a ʔ a j u h ts,,Kondic2019,,false,^ aʔa j u h ts $,default
Zacatepec-100_flower-1,,Zacatepec,100_flower,pəhʲ,pəhʲ,p ə hʲ,,Kondic2019,,false,^ p ə hʲ $,default
Zacatepec-101_thatchroof-1,,Zacatepec,101_thatchroof,məʔətʲəhk,məʔətʲəhk,m ə ʔ ə tʲ ə h k,,Kondic2019,,false,^ m əʔə tʲ ə h k $,default
Zacatepec-102_house-1,,Zacatepec,102_house,təhk,təhk,t ə h k,,Kondic2019,,false,^ t ə h k $,default
Zacatepec-103_rope-1,,Zacatepec,103_rope,tepʃʲ,tepʃʲ,t e p ʃʲ,,Kondic2019,,false,^ t e p ʃʲ $,default
Zacatepec-104_needle-1,,Zacatepec,104_needle,ʃuʔuɲ,ʃuʔuɲ,ʃ u ʔ u ɲ,,Kondic2019,,false,^ ʃ uʔu ɲ $,default
Zacatepec-105_roadpath-1,,Zacatepec,105_roadpath,tuʔu,tuʔu,t u ʔ u,,Kondic2019,,false,^ t uʔu $,default
Zacatepec-106_black-1,,Zacatepec,106_black,jək,jək,j ə k,,Kondic2019,,false,^ j ə k $,default
Zacatepec-107_white-1,,Zacatepec,107_white,poʔop,poʔop,p o ʔ o p,,Kondic2019,,false,^ p oʔo p $,default
Zacatepec-108_red-1,,Zacatepec,108_red,tsapts,tsapts,ts a p ts,,Kondic2019,,false,^ ts a p ts $,default
Zacatepec-109_green-1,,Zacatepec,109_green,tsuʃk,tsuʃk,ts u ʃ k,,Kondic2019,,false,^ ts u ʃ k $,default
Zacatepec-110_yellow-1,,Zacatepec,110_yellow,puʔuts,puʔuts,p u ʔ u ts,,Kondic2019,,false,^ p uʔu ts $,default
Zacatepec-111_big-1,,Zacatepec,111_big,məh,məh,m ə h,,Kondic2019,,false,^ m ə h $,default
Zacatepec-112_small-1,,Zacatepec,112_small,muʔutsk,muʔutsk,m u ʔ u ts k,,Kondic2019,,false,^ m uʔu ts k $,default
Zacatepec-113_long-1,,Zacatepec,113_long,joɲ,joɲ,j o ɲ,,Kondic2019,,false,^ j o ɲ $,default
Zacatepec-114_short-1,,Zacatepec,114_short,kon,kon,k o n,,Kondic2019,,false,^ k o n $,default
Zacatepec-115_thick-1,,Zacatepec,115_thick,jeʔekʲ,jeʔekʲ,j e ʔ e kʲ,,Kondic2019,,false,^ j eʔe kʲ $,default
Zacatepec-116_thin-1,,Zacatepec,116_thin,peh,peh,p e h,,Kondic2019,,false,^ p e h $,default
Zacatepec-117_narrow-1,,Zacatepec,117_narrow,kuʔuts,kuʔuts,k u ʔ u ts,,Kondic2019,,false,^ k uʔu ts $,default
Zacatepec-118_wide-1,,Zacatepec,118_wide,məhwiʔin,məhwiʔin,m ə h w i ʔ i n,,Kondic2019,,false,^ m ə h w iʔi n $,default
Zacatepec-119_sharp-1,,Zacatepec,119_sharp,həhp,həhp,h ə h p,,Kondic2019,,false,^ h ə h p $,default
Zacatepec-120_bluntdull-1,,Zacatepec,120_bluntdull,atuk,atuk,a t u k,,Kondic2019,,false,^ a t u k $,default
Zacatepec-121_shyashamed-1,,Zacatepec,121_shyashamed,wintsək,wintsək,w i n ts ə k,,Kondic2019,,false,^ w i n ts ə k $,default
Zacatepec-122_old-1,,Zacatepec,122_old,məhaaɲ,məhaaɲ,m ə h a a ɲ,,Kondic2019,,false,^ m ə h a a ɲ $,default
Zacatepec-123_painfulsick-1,,Zacatepec,123_painfulsick,paʔamp,paʔamp,p a ʔ a m p,,Kondic2019,,false,^ p aʔa m p $,default
Zacatepec-124_good-1,,Zacatepec,124_good,oj,oj,o j,,Kondic2019,,false,^ o j $,default
Zacatepec-125_bad-1,,Zacatepec,125_bad,kahjojə,kahjojə,k a h j o j ə,,Kondic2019,,false,^ k a h j o j ə $,default
Zacatepec-126_correcttrue-1,,Zacatepec,126_correcttrue,təja,təja,t ə j a,,Kondic2019,,false,^ t ə j a $,default
Zacatepec-127_dirty-1,,Zacatepec,127_dirty,aʃəʔək,aʃəʔək,a ʃ ə ʔ ə k,,Kondic2019,,false,^ a ʃ əʔə k $,default
Zacatepec-128_rotten-1,,Zacatepec,128_rotten,puʔuts,puʔuts,p u ʔ u ts,,Kondic2019,,false,^ p uʔu ts $,default
Zacatepec-129_all-1,,Zacatepec,129_all,niʔihtʲətʲ,niʔihtʲətʲ,n i ʔ i h tʲ ə tʲ,,Kondic2019,,false,^ n iʔi h tʲ ə tʲ $,default
Zacatepec-130_heavy-1,,Zacatepec,130_heavy,himtʲ,himtʲ,h i m tʲ,,Kondic2019,,false,^ h i m tʲ $,default
Zacatepec-131_far-1,,Zacatepec,131_far,hagam,hagam,h a g a m,,Kondic2019,,false,^ h a g a m $,default
Zacatepec-132_near-1,,Zacatepec,132_near,wingon,wingon,w i n g o n,,Kondic2019,,false,^ w i n g o n $,default
Zacatepec-133_warm-1,,Zacatepec,133_warm,an,an,a n,,Kondic2019,,false,^ a n $,default
Zacatepec-134_cold-1,,Zacatepec,134_cold,pakʲ,pakʲ,p a kʲ,,Kondic2019,,false,^ p a kʲ $,default
Zacatepec-135_dry-1,,Zacatepec,135_dry,jahktəʔətʲp,jahktəʔətʲp,j a h k t ə ʔ ə tʲ p,,Kondic2019,,false,^ j a h k t əʔə tʲ p $,default
Zacatepec-136_wet-1,,Zacatepec,136_wet,ʃoʔok,ʃoʔok,ʃ o ʔ o k,,Kondic2019,,false,^ ʃ oʔo k $,default
Zacatepec-137_new-1,,Zacatepec,137_new,hemʲ,hemʲ,h e mʲ,,Kondic2019,,false,^ h e mʲ $,default
Zacatepec-138_other-1,,Zacatepec,138_other,jəʔəhtʲ,jəʔəhtʲ,j ə ʔ ə h tʲ,,Kondic2019,,false,^ j əʔə h tʲ $,default
Zacatepec-139_come-1,,Zacatepec,139_come,haʔahtp,haʔahtp,h a ʔ a h t p,,Kondic2019,,false,^ h aʔa h t p $,default
Zacatepec-140_walk-1,,Zacatepec,140_walk,tujojp,tujojp,t u j o j p,,Kondic2019,,false,^ t u j o j p $,default
Zacatepec-141_grow-1,,Zacatepec,141_grow,jahkjoʔompʲ,jahkjoʔompʲ,j a h k j o ʔ o m pʲ,,Kondic2019,,false,^ j a h k j oʔo m pʲ $,default
Zacatepec-142_stand-1,,Zacatepec,142_stand,tanajp,tanajp,t a n a j p,,Kondic2019,,false,^ t a n a j p $,default
Zacatepec-143_sit-1,,Zacatepec,143_sit,uɲajp,uɲajp,u ɲ a j p,,Kondic2019,,false,^ u ɲ a j p $,default
Zacatepec-144_fall-1,,Zacatepec,144_fall,kedaʔap,kedaʔap,k e d a ʔ a p,,Kondic2019,,false,^ k e d aʔa p $,default
Zacatepec-145_liedown-1,,Zacatepec,145_liedown,nejokəp,nejokəp,n e j o k ə p,,Kondic2019,,false,^ n e j o k ə p $,default
Zacatepec-146_turn-1,,Zacatepec,146_turn,ihʃəmbiht,ihʃəmbiht,i h ʃ ə m b i h t,,Kondic2019,,false,^ i h ʃ ə m b i h t $,default
Zacatepec-147_climb-1,,Zacatepec,147_climb,awembaht,awembaht,a w e m b a h t,,Kondic2019,,false,^ a w e m b a h t $,default
Zacatepec-148_swim-1,,Zacatepec,148_swim,nəjump,nəjump,n ə j u m p,,Kondic2019,,false,^ n ə j u m p $,default
Zacatepec-149_flyverb-1,,Zacatepec,149_flyverb,kaʔagədihtp,kaʔagədihtp,k a ʔ a g ə d i h t p,,Kondic2019,,false,^ k aʔa g ə d i h t p $,default
Zacatepec-150_throw-1,,Zacatepec,150_throw,iʃkuhp,iʃkuhp,i ʃ k u h p,,Kondic2019,,false,^ i ʃ k u h p $,default
Zacatepec-151_hide-1,,Zacatepec,151_hide,nejuʔutsp,nejuʔutsp,n e j u ʔ u ts p,,Kondic2019,,false,^ n e j uʔu ts p $,default
Zacatepec-152_chew-1,,Zacatepec,152_chew,pujp,pujp,p u j p,,Kondic2019,,false,^ p u j p $,default
Zacatepec-153_eat-1,,Zacatepec,153_eat,kaʔajp,kaʔajp,k a ʔ a j p,,Kondic2019,,false,^ k aʔa j p $,default
Zacatepec-154_drink-1,,Zacatepec,154_drink,uʔukp,uʔukp,u ʔ u k p,,Kondic2019,,false,^ uʔu k p $,default
Zacatepec-155_bite-1,,Zacatepec,155_bite,tsuʔutsp,tsuʔutsp,ts u ʔ u ts p,,Kondic2019,,false,^ ts uʔu ts p $,default
Zacatepec-156_suck-1,,Zacatepec,156_suck,jahktsiʔitʲp,jahktsiʔitʲp,j a h k ts i ʔ i tʲ p,,Kondic2019,,false,^ j a h k ts iʔi tʲ p $,default
Zacatepec-157_yawn-1,,Zacatepec,157_yawn,maʔajagahp,maʔajagahp,m a ʔ a j a g a h p,,Kondic2019,,false,^ m aʔa j a g a h p $,default
Zacatepec-158_spit-1,,Zacatepec,158_spit,tsuhp,tsuhp,ts u h p,,Kondic2019,,false,^ ts u h p $,default
Zacatepec-159_dream-1,,Zacatepec,159_dream,kumaʔap,kumaʔap,k u m a ʔ a p,,Kondic2019,,false,^ k u m aʔa p $,default
Zacatepec-160_sleep-1,,Zacatepec,160_sleep,maʔap,maʔap,m a ʔ a p,,Kondic2019,,false,^ m aʔa p $,default
Zacatepec-161_live-1,,Zacatepec,161_live,hujahtp,hujahtp,h u j a h t p,,Kondic2019,,false,^ h u j a h t p $,default
Zacatepec-162_die-1,,Zacatepec,162_die,oʔok,oʔok,o ʔ o k,,Kondic2019,,false,^ oʔo k $,default
Zacatepec-163_kill-1,,Zacatepec,163_kill,jahkoʔokp,jahkoʔokp,j a h k o ʔ o k p,,Kondic2019,,false,^ j a h k oʔo k p $,default
Zacatepec-164_see-1,,Zacatepec,164_see,winiʔihʃp,winiʔihʃp,w i n i ʔ i h ʃ p,,Kondic2019,,false,^ w i n iʔi h ʃ p $,default
Zacatepec-165_hear-1,,Zacatepec,165_hear,modoʔop,modoʔop,m o d o ʔ o p,,Kondic2019,,false,^ m o d oʔo p $,default
Zacatepec-166_sniffsmell-1,,Zacatepec,166_sniffsmell,ʃukp,ʃukp,ʃ u k p,,Kondic2019,,false,^ ʃ u k p $,default
Zacatepec-167_know-1,,Zacatepec,167_know,njihaw,njihaw,n j i h a w,,Kondic2019,,false,^ n j i h a w $,default
Zacatepec-168_think-1,,Zacatepec,168_think,winmaʔajp,winmaʔajp,w i n m a ʔ a j p,,Kondic2019,,false,^ w i n m aʔa j p $,default
Zacatepec-169_laugh-1,,Zacatepec,169_laugh,ʃikp,ʃikp,ʃ i k p,,Kondic2019,,false,^ ʃ i k p $,default
Zacatepec-170_cry-1,,Zacatepec,170_cry,jaʔaʃp,jaʔaʃp,j a ʔ a ʃ p,,Kondic2019,,false,^ j aʔa ʃ p $,default
Zacatepec-171_blow-1,,Zacatepec,171_blow,piʔiʃp,piʔiʃp,p i ʔ i ʃ p,,Kondic2019,,false,^ p iʔi ʃ p $,default
Zacatepec-172_burn-1,,Zacatepec,172_burn,njəkpʲ,njəkpʲ,n j ə k pʲ,,Kondic2019,,false,^ n j ə k pʲ $,default
Zacatepec-174_sew-1,,Zacatepec,174_sew,ʃujp,ʃujp,ʃ u j p,,Kondic2019,,false,^ ʃ u j p $,default
Zacatepec-175_pound-1,,Zacatepec,175_pound,kʲapədihtʲ,kʲapədihtʲ,kʲ a p ə d i h tʲ,,Kondic2019,,false,^ kʲ a p ə d i h tʲ $,default
Zacatepec-176_hit-1,,Zacatepec,176_hit,wohp,wohp,w o h p,,Kondic2019,,false,^ w o h p $,default
Zacatepec-177_cut-1,,Zacatepec,177_cut,puhʃp,puhʃp,p u h ʃ p,,Kondic2019,,false,^ p u h ʃ p $,default
Zacatepec-178_split-1,,Zacatepec,178_split,pʲəhwakʃp,pʲəhwakʃp,pʲ ə h w a k ʃ p,,Kondic2019,,false,^ pʲ ə h w a k ʃ p $,default
Zacatepec-179_dig-1,,Zacatepec,179_dig,nʲedajap►,nʲedajap►,nʲ e d a j a p,,Kondic2019,,false,^ nʲ e d a j a p ► $,default
Zacatepec-180_hunt-1,,Zacatepec,180_hunt,tuhp,tuhp,t u h p,,Kondic2019,,false,^ t u h p $,default
Zacatepec-181_hold-1,,Zacatepec,181_hold,mʲahtʲp,mʲahtʲp,mʲ a h tʲ p,,Kondic2019,,false,^ mʲ a h tʲ p $,default
Zacatepec-182_fear-1,,Zacatepec,182_fear,tsəʔəkəp,tsəʔəkəp,ts ə ʔ ə k ə p,,Kondic2019,,false,^ ts əʔə k ə p $,default
Zacatepec-183_count-1,,Zacatepec,183_count,matʲoʔow,matʲoʔow,m a tʲ o ʔ o w,,Kondic2019,,false,^ m a tʲ oʔo w $,default
Zacatepec-184_breathe-1,,Zacatepec,184_breathe,ʃahp,ʃahp,ʃ a h p,,Kondic2019,,false,^ ʃ a h p $,default
Zacatepec-185_vomit-1,,Zacatepec,185_vomit,əʔətsp,əʔətsp,ə ʔ ə ts p,,Kondic2019,,false,^ əʔə ts p $,default
Zacatepec-186_tieup-1,,Zacatepec,186_tieup,aʔatsuʔump,aʔatsuʔump,a ʔ a ts u ʔ u m p,,Kondic2019,,false,^ aʔa ts uʔu m p $,default
Zacatepec-187_squeeze-1,,Zacatepec,187_squeeze,winwiʔitʲp,winwiʔitʲp,w i n w i ʔ i tʲ p,,Kondic2019,,false,^ w i n w iʔi tʲ p $,default
Zacatepec-188_swell-1,,Zacatepec,188_swell,kiʃpəhkp,kiʃpəhkp,k i ʃ p ə h k p,,Kondic2019,,false,^ k i ʃ p ə h k p $,default
Zacatepec-189_say-1,,Zacatepec,189_say,waʔamp,waʔamp,w a ʔ a m p,,Kondic2019,,false,^ w aʔa m p $,default
Zacatepec-190_scratch-1,,Zacatepec,190_scratch,ekʃp,ekʃp,e k ʃ p,,Kondic2019,,false,^ e k ʃ p $,default
Zacatepec-191_stab-1,,Zacatepec,191_stab,kuʔump,kuʔump,k u ʔ u m p,,Kondic2019,,false,^ k uʔu m p $,default
Zacatepec-192_buy-1,,Zacatepec,192_buy,hʲuʔujp,hʲuʔujp,hʲ u ʔ u j p,,Kondic2019,,false,^ hʲ uʔu j p $,default
Zacatepec-193_steal-1,,Zacatepec,193_steal,matsp,matsp,m a ts p,,Kondic2019,,false,^ m a ts p $,default
Zacatepec-194_choose-1,,Zacatepec,194_choose,winihʃʲp,winihʃʲp,w i n i h ʃʲ p,,Kondic2019,,false,^ w i n i h ʃʲ p $,default
Zacatepec-195_plant-1,,Zacatepec,195_plant,nip,nip,n i p,,Kondic2019,,false,^ n i p $,default
Zacatepec-196_cook-1,,Zacatepec,196_cook,tokʃətʲuʔump,tokʃətʲuʔump,t o k ʃ ə tʲ u ʔ u m p,,Kondic2019,,false,^ t o k ʃ ə tʲ uʔu m p $,default
Zacatepec-197_shoot-1,,Zacatepec,197_shoot,keptʲiʔipʃp,keptʲiʔipʃp,k e p tʲ i ʔ i p ʃ p,,Kondic2019,,false,^ k e p tʲ iʔi p ʃ p $,default
Zacatepec-198_work-1,,Zacatepec,198_work,tuʔump,tuʔump,t u ʔ u m p,,Kondic2019,,false,^ t uʔu m p $,default
Zacatepec-199_open-1,,Zacatepec,199_open,jahkawaatʲp,jahkawaatʲp,j a h k a w a a tʲ p,,Kondic2019,,false,^ j a h k a w a a tʲ p $,default
